Afghanistan	Aland Islands	Albania	Algeria	American Samoa	Andorra	Angola	Anguilla	Antigua and Barbuda	Argentina	Armenia	Aruba	Australia	Austria	Azerbaijan	Bahamas	Bahrain	Bangladesh	Barbados	Belarus	Belgium	Belize	Benin	Bermuda	Bhutan	Bolivia	Bonaire, Saint Eustatius and Saba 	Bosnia and Herzegovina	Botswana	Brazil	British Virgin Islands	Brunei	Bulgaria	Burkina Faso	Burundi	Cabo Verde	Cambodia	Cameroon	Canada	Cayman Islands	Central African Republic	Chad	Chile	China	Christmas Island	Cocos Islands	Colombia	Comoros	Cook Islands	Costa Rica	Croatia	Cuba	Curacao	Cyprus	Czechia	Democratic Republic of the Congo	Denmark	Djibouti	Dominica	Dominican Republic	Ecuador	Egypt	El Salvador	Equatorial Guinea	Eritrea	Estonia	Eswatini	Ethiopia	Falkland Islands	Faroe Islands	Fiji	Finland	France	French Guiana	French Polynesia	French Southern Territories	Gabon	Gambia	Georgia	Germany	Ghana	Gibraltar	Greece	Greenland	Grenada	Guadeloupe	Guam	Guatemala	Guernsey	Guinea	Guinea-Bissau	Guyana	Haiti	Honduras	Hong Kong	Hungary	Iceland	India	Indonesia	Iran	Iraq	Ireland	Isle of Man	Israel	Italy	Ivory Coast	Jamaica	Japan	Jersey	Jordan	Kazakhstan	Kenya	Kiribati	Kosovo	Kuwait	Kyrgyzstan	Laos	Latvia	Lebanon	Lesotho	Liberia	Libya	Liechtenstein	Lithuania	Luxembourg	Macao	Madagascar	Malawi	Malaysia	Maldives	Mali	Malta	Marshall Islands	Martinique	Mauritania	Mauritius	Mayotte	Mexico	Micronesia	Moldova	Monaco	Mongolia	Montenegro	Montserrat	Morocco	Mozambique	Myanmar	Namibia	Nauru	Nepal	New Caledonia	New Zealand	Nicaragua	Niger	Nigeria	Niue	Norfolk Island	North Korea	North Macedonia	Northern Mariana Islands	Norway	Oman	Pakistan	Palau	Palestinian Territory	Panama	Papua New Guinea	Paraguay	Peru	Philippines	Pitcairn	Poland	Portugal	Puerto Rico	Qatar	Republic of the Congo	Reunion	Romania	Russia	Rwanda	Saint Barthelemy	Saint Helena	Saint Kitts and Nevis	Saint Lucia	Saint Martin	Saint Pierre and Miquelon	Saint Vincent and the Grenadines	Samoa	San Marino	Sao Tome and Principe	Saudi Arabia	Senegal	Serbia	Seychelles	Sierra Leone	Singapore	Sint Maarten	Slovakia	Slovenia	Solomon Islands	Somalia	South Africa	South Georgia and the South Sandwich Islands	South Korea	South Sudan	Spain	Sri Lanka	Sudan	Suriname	Svalbard and Jan Mayen	Sweden	Switzerland	Syria	Taiwan	Tajikistan	Tanzania	Thailand	The Netherlands	Timor Leste	Togo	Tonga	Trinidad and Tobago	Tunisia	Turkey	Turkmenistan	Turks and Caicos Islands	Tuvalu	U.S. Virgin Islands	UK	USA	Uganda	Ukraine	United Arab Emirates	Uruguay	Uzbekistan	Vanuatu	Vatican	Venezuela	Vietnam	Wallis and Futuna	Western Sahara	Yemen	Zambia	Zimbabwe
Africa/Abidjan	Africa/Accra	Africa/Addis_Ababa	Africa/Algiers	Africa/Asmara	Africa/Bamako	Africa/Bangui	Africa/Banjul	Africa/Bissau	Africa/Blantyre	Africa/Brazzaville	Africa/Bujumbura	Africa/Cairo	Africa/Casablanca	Africa/Ceuta	Africa/Conakry	Africa/Dakar	Africa/Dar_es_Salaam	Africa/Djibouti	Africa/Douala	Africa/El_Aaiun	Africa/Freetown	Africa/Gaborone	Africa/Harare	Africa/Johannesburg	Africa/Juba	Africa/Kampala	Africa/Khartoum	Africa/Kigali	Africa/Kinshasa	Africa/Lagos	Africa/Libreville	Africa/Lome	Africa/Luanda	Africa/Lubumbashi	Africa/Lusaka	Africa/Malabo	Africa/Maputo	Africa/Maseru	Africa/Mbabane	Africa/Mogadishu	Africa/Monrovia	Africa/Nairobi	Africa/Ndjamena	Africa/Niamey	Africa/Nouakchott	Africa/Ouagadougou	Africa/Porto-Novo	Africa/Sao_Tome	Africa/Tripoli	Africa/Tunis	Africa/Windhoek	America/Anchorage	America/Anguilla	America/Antigua	America/Araguaina	America/Argentina/Buenos_Aires	America/Argentina/Catamarca	America/Argentina/Cordoba	America/Argentina/Jujuy	America/Argentina/La_Rioja	America/Argentina/Mendoza	America/Argentina/Rio_Gallegos	America/Argentina/Salta	America/Argentina/San_Juan	America/Argentina/San_Luis	America/Argentina/Tucuman	America/Argentina/Ushuaia	America/Aruba	America/Asuncion	America/Bahia	America/Barbados	America/Belem	America/Belize	America/Boa_Vista	America/Bogota	America/Boise	America/Campo_Grande	America/Cancun	America/Caracas	America/Cayenne	America/Cayman	America/Chicago	America/Chihuahua	America/Ciudad_Juarez	America/Costa_Rica	America/Coyhaique	America/Cuiaba	America/Curacao	America/Denver	America/Detroit	America/Dominica	America/Edmonton	America/Eirunepe	America/El_Salvador	America/Fortaleza	America/Glace_Bay	America/Grand_Turk	America/Grenada	America/Guadeloupe	America/Guatemala	America/Guayaquil	America/Guyana	America/Halifax	America/Havana	America/Hermosillo	America/Indiana/Indianapolis	America/Jamaica	America/Juneau	America/Kentucky/Louisville	America/Kralendijk	America/La_Paz	America/Lima	America/Los_Angeles	America/Lower_Princes	America/Maceio	America/Managua	America/Manaus	America/Marigot	America/Martinique	America/Matamoros	America/Mazatlan	America/Merida	America/Mexico_City	America/Miquelon	America/Moncton	America/Monterrey	America/Montevideo	America/Montserrat	America/Nassau	America/New_York	America/North_Dakota/New_Salem	America/Nuuk	America/Ojinaga	America/Panama	America/Paramaribo	America/Phoenix	America/Port-au-Prince	America/Port_of_Spain	America/Porto_Velho	America/Puerto_Rico	America/Punta_Arenas	America/Recife	America/Regina	America/Rio_Branco	America/Santarem	America/Santiago	America/Santo_Domingo	America/Sao_Paulo	America/St_Barthelemy	America/St_Johns	America/St_Kitts	America/St_Lucia	America/St_Thomas	America/St_Vincent	America/Tegucigalpa	America/Tijuana	America/Toronto	America/Tortola	America/Vancouver	America/Whitehorse	America/Winnipeg	Arctic/Longyearbyen	Asia/Aden	Asia/Almaty	Asia/Amman	Asia/Aqtau	Asia/Aqtobe	Asia/Ashgabat	Asia/Atyrau	Asia/Baghdad	Asia/Bahrain	Asia/Baku	Asia/Bangkok	Asia/Barnaul	Asia/Beirut	Asia/Bishkek	Asia/Brunei	Asia/Chita	Asia/Colombo	Asia/Damascus	Asia/Dhaka	Asia/Dili	Asia/Dubai	Asia/Dushanbe	Asia/Famagusta	Asia/Gaza	Asia/Hebron	Asia/Ho_Chi_Minh	Asia/Hong_Kong	Asia/Hovd	Asia/Irkutsk	Asia/Jakarta	Asia/Jayapura	Asia/Jerusalem	Asia/Kabul	Asia/Kamchatka	Asia/Karachi	Asia/Kathmandu	Asia/Kolkata	Asia/Krasnoyarsk	Asia/Kuala_Lumpur	Asia/Kuching	Asia/Kuwait	Asia/Macau	Asia/Magadan	Asia/Makassar	Asia/Manila	Asia/Muscat	Asia/Nicosia	Asia/Novokuznetsk	Asia/Novosibirsk	Asia/Omsk	Asia/Oral	Asia/Phnom_Penh	Asia/Pontianak	Asia/Pyongyang	Asia/Qatar	Asia/Qostanay	Asia/Qyzylorda	Asia/Riyadh	Asia/Sakhalin	Asia/Samarkand	Asia/Seoul	Asia/Shanghai	Asia/Singapore	Asia/Taipei	Asia/Tashkent	Asia/Tbilisi	Asia/Tehran	Asia/Thimphu	Asia/Tokyo	Asia/Tomsk	Asia/Ulaanbaatar	Asia/Urumqi	Asia/Vientiane	Asia/Vladivostok	Asia/Yakutsk	Asia/Yangon	Asia/Yekaterinburg	Asia/Yerevan	Atlantic/Bermuda	Atlantic/Canary	Atlantic/Cape_Verde	Atlantic/Faroe	Atlantic/Madeira	Atlantic/Reykjavik	Atlantic/South_Georgia	Atlantic/St_Helena	Atlantic/Stanley	Australia/Adelaide	Australia/Brisbane	Australia/Darwin	Australia/Hobart	Australia/Melbourne	Australia/Perth	Australia/Sydney	Europe/Amsterdam	Europe/Andorra	Europe/Astrakhan	Europe/Athens	Europe/Belgrade	Europe/Berlin	Europe/Bratislava	Europe/Brussels	Europe/Bucharest	Europe/Budapest	Europe/Chisinau	Europe/Copenhagen	Europe/Dublin	Europe/Gibraltar	Europe/Guernsey	Europe/Helsinki	Europe/Isle_of_Man	Europe/Istanbul	Europe/Jersey	Europe/Kaliningrad	Europe/Kirov	Europe/Kyiv	Europe/Lisbon	Europe/Ljubljana	Europe/London	Europe/Luxembourg	Europe/Madrid	Europe/Malta	Europe/Mariehamn	Europe/Minsk	Europe/Monaco	Europe/Moscow	Europe/Oslo	Europe/Paris	Europe/Podgorica	Europe/Prague	Europe/Riga	Europe/Rome	Europe/Samara	Europe/San_Marino	Europe/Sarajevo	Europe/Saratov	Europe/Simferopol	Europe/Skopje	Europe/Sofia	Europe/Stockholm	Europe/Tallinn	Europe/Tirane	Europe/Ulyanovsk	Europe/Vaduz	Europe/Vatican	Europe/Vienna	Europe/Vilnius	Europe/Volgograd	Europe/Warsaw	Europe/Zagreb	Europe/Zurich	Indian/Antananarivo	Indian/Christmas	Indian/Cocos	Indian/Comoro	Indian/Kerguelen	Indian/Mahe	Indian/Maldives	Indian/Mauritius	Indian/Mayotte	Indian/Reunion	Pacific/Apia	Pacific/Auckland	Pacific/Bougainville	Pacific/Efate	Pacific/Fiji	Pacific/Funafuti	Pacific/Guadalcanal	Pacific/Guam	Pacific/Honolulu	Pacific/Majuro	Pacific/Nauru	Pacific/Niue	Pacific/Norfolk	Pacific/Noumea	Pacific/Pago_Pago	Pacific/Palau	Pacific/Pitcairn	Pacific/Pohnpei	Pacific/Port_Moresby	Pacific/Rarotonga	Pacific/Saipan	Pacific/Tahiti	Pacific/Tarawa	Pacific/Tongatapu	Pacific/Wallis
Andkhōy	andkhoy	0	369529	651238	195	
Asadābād	asadabad	0	348731	711470	195	
Aībak	aibak	0	362647	680155	195	aybak
Baghlān	baghlan	0	361307	687083	195	
Balkh		0	367564	668972	195	
Baraki Barak		0	339674	689492	195	
Bāmyān	bamyan	0	348216	678273	195	
Bāzār-e Yakāwlang	bazar-e yakawlang	0	347352	669738	195	
Bāzārak	bazarak	0	353129	695152	195	
Charikar		0	350136	691714	195	
Farah		0	323745	621164	195	
Fayzabad		0	371166	705800	195	
Gardez		0	335974	692259	195	
Gereshk		0	318209	645700	195	
Ghazni		0	335539	684210	195	
Ghormach		0	357306	637826	195	
Herāt	herat	0	343482	621997	195	
Jalālābād	jalalabad	0	344265	704515	195	
Kabul		0	345281	691723	195	
Kandahār	kandahar	0	316133	657101	195	
Khanabad		0	366830	691128	195	
Khulm		0	366974	676983	195	
Khān Neshīn	khan neshin	0	305488	637888	195	khanashin
Khōst	khost	0	333395	699204	195	
Kunduz		0	367290	688570	195	
Lashkar Gāh	lashkar gah	0	315938	643716	195	
Maymana		0	359214	647836	195	
Mazār-e Sharīf	mazar-e sharif	0	367090	671109	195	mazari sharif
Nahrīn	nahrin	0	360649	691334	195	
Nīlī	nili	0	337218	661302	195	
Paghmān	paghman	0	345879	689509	195	
Pul-e Khumrī	pul-e khumri	0	359446	687151	195	
Qarāwul	qarawul	0	372196	687802	195	
Rustāq	rustaq	0	371260	698304	195	
Sar-e Pul		0	362154	659325	195	
Shibirghān	shibirghan	0	366676	657529	195	
Shīnḏanḏ	shindand	0	333029	621474	195	
Taloqan		0	367360	695345	195	
Zaranj		0	309596	618604	195	
Mariehamn		1	600973	199348	285	
Berat		2	407058	199522	304	
Bulqizë	bulqize	2	414917	202219	304	
Durrës	durres	2	413236	194547	304	
Elbasan		2	411125	200822	304	
Fier		2	407239	195561	304	
Fier-Çifçi	fier-cifci	2	407167	195667	304	
Gjirokastër	gjirokaster	2	400758	201389	304	
Kavajë	kavaje	2	411856	195569	304	
Korçë	korce	2	406186	207808	304	
Krujë	kruje	2	415092	197928	304	
Kukës	kukes	2	420769	204219	304	
Kuçovë	kucove	2	408003	199167	304	
Librazhd		2	411794	203150	304	
Lushnjë	lushnje	2	409419	197050	304	
Patos Fshat		2	406428	196508	304	
Pogradec		2	409025	206525	304	
Sarandë	sarande	2	398753	200048	304	
Shkodër	shkoder	2	420683	195126	304	
Tirana		2	413274	198187	304	
Vlorë	vlore	2	404686	194832	304	
Abou el Hassan		3	364166	11962	3	
Adrar		3	278743	-2939	3	
Aflou		3	341128	21023	3	
Ahmed Bel Hadj		3	368015	76081	3	
Ain el Hadjel		3	356700	38815	3	
Akbou		3	364575	45349	3	
Algiers		3	367322	30875	3	
Ali Mendjeli		3	362459	65671	3	
Amizour		3	366402	49013	3	
Ammi Moussa		3	358678	11114	3	
Annaba		3	369000	77667	3	
Aoulef		3	269667	10833	3	
Arhribs		3	367936	43116	3	
Arris		3	352588	63471	3	
Arzew		3	358505	-3180	3	
Assi Bou Nif		3	356922	-4994	3	
Azazga		3	367447	43722	3	
Azzaba		3	367394	71053	3	
Aïn Arnat	ain arnat	3	361868	53135	3	
Aïn Bessem	ain bessem	3	362933	36732	3	
Aïn Beïda	ain beida	3	357964	73928	3	
Aïn Defla	ain defla	3	362640	19679	3	
Aïn Fakroun	ain fakroun	3	359711	68737	3	
Aïn Kercha	ain kercha	3	359247	66953	3	
Aïn M’Lila	ain m’lila	3	360369	65722	3	
Aïn Oulmene	ain oulmene	3	359230	52960	3	
Aïn Oussera	ain oussera	3	354514	29058	3	
Aïn Sefra	ain sefra	3	327500	-5833	3	
Aïn Smara	ain smara	3	362674	65014	3	
Aïn Taya	ain taya	3	367933	32869	3	
Aïn Temouchent	ain temouchent	3	352975	-11404	3	
Aïn Touta	ain touta	3	353768	59000	3	
Aïn el Bya	ain el bya	3	358039	-3018	3	
Bab Ezzouar		3	367261	31829	3	
Baraki		3	366666	30961	3	
Barbacha		3	365667	49667	3	
Barika		3	353890	53658	3	
Batna City		3	355560	61741	3	
Ben Mehidi		3	367697	79064	3	
Beni Douala		3	366195	40828	3	
Beni Mered		3	365239	28613	3	
Beni Saf		3	353010	-13823	3	
Beni Tamou		3	365383	28217	3	
Bensekrane		3	350746	-12243	3	
Berriane		3	328265	37669	3	
Berrouaghia		3	361352	29108	3	
Besbes		3	367022	78472	3	
Bir el Ater		3	347449	80602	3	
Bir el Djir		3	357200	-5450	3	
Birine		3	356350	32250	3	
Birkhadem		3	367150	30500	3	
Biskra		3	348504	57280	3	
Blida		3	364700	28277	3	
Boghni		3	365422	39531	3	
Bordj Bou Arreridj		3	360739	47614	3	
Bordj Ghdir		3	359011	48981	3	
Bordj Menaïel	bordj menaiel	3	367433	37173	3	
Bordj el Kiffan		3	367487	31925	3	
Bou Hanifia el Hamamat		3	353147	-504	3	
Bou Ismaïl	bou ismail	3	366426	26901	3	
Bou Saâda	bou saada	3	352086	41740	3	
Bou Tlelis		3	355727	-8996	3	
Boudouaou		3	367274	34100	3	
Boufarik		3	365741	29121	3	
Bougaa		3	363329	50884	3	
Bougara		3	365418	30810	3	
Bouinan		3	365317	29919	3	
Boukadir		3	360663	11260	3	
Boumahra Ahmed		3	364583	75139	3	
Boumerdas		3	367664	34772	3	
Bouïra	bouira	3	363749	39020	3	
Boû Arfa	bou arfa	3	364630	28146	3	
Béchar	bechar	3	316167	-22167	3	
Béjaïa	bejaia	3	367559	50843	3	
Charef		3	346210	27950	3	
Chelghoum el Aïd	chelghoum el aid	3	361629	61665	3	
Chellalat el Adhaouara		3	359397	34159	3	
Chemini		3	366000	46167	3	
Cheraga		3	367678	29592	3	
Cherchell		3	366050	21908	3	
Cheria		3	352731	77519	3	
Chetouane		3	349213	-12951	3	
Chiffa		3	364629	27387	3	
Chlef		3	361652	13345	3	
Collo		3	370056	65605	3	
Constantine		3	363650	66147	3	
Dar Chioukh		3	348964	34854	3	
Dar el Beïda	dar el beida	3	367133	32125	3	
Debila		3	335167	69500	3	
Dellys		3	369172	39131	3	
Didouche Mourad		3	364525	66364	3	
District of Taher		3	367720	58982	3	
Djamaa		3	335339	59931	3	
Djelfa		3	346728	32630	3	
Djidiouia		3	359299	8287	3	
Douéra	douera	3	366700	29444	3	
Draa Ben Khedda		3	367344	39622	3	
Draa el Mizan		3	365363	38334	3	
Drean		3	366848	77511	3	
Ech Chettia		3	361959	12554	3	
El Abadia		3	362695	16861	3	
El Abiodh Sidi Cheikh		3	328930	5484	3	
El Achir		3	360639	46274	3	
El Affroun		3	364701	26253	3	
El Amria		3	355244	-10158	3	
El Aouinet		3	358669	78867	3	
El Arrouch		3	366531	68364	3	
El Attaf		3	362239	16719	3	
El Bayadh		3	336832	10193	3	
El Eulma		3	361528	56902	3	
El Hadjar		3	368038	77368	3	
El Hadjira		3	326134	55126	3	
El Idrissia		3	344454	25275	3	
El Kala		3	368956	84433	3	
El Khroub		3	362633	66936	3	
El Kseur		3	366794	48555	3	el-kseur
El Meghaïer	el meghaier	3	339514	59222	3	el m'ghair
El Menia		3	305756	28842	3	
El Milia		3	367547	62725	3	
El Oued		3	333561	68632	3	
En Nedjma		3	356478	-5695	3	
Es Senia		3	356478	-6240	3	
Fedj M’Zala		3	364094	59446	3	
Feidh el Botma		3	345000	37667	3	
Feraoun		3	365604	48545	3	
Freha		3	367523	43155	3	
Frenda		3	350654	10494	3	
Gdyel		3	357811	-4258	3	
Ghardaïa	ghardaia	3	324909	36735	3	
Ghazaouet		3	350958	-18577	3	
Grarem		3	365161	63272	3	
Guelma		3	364621	74261	3	
Guemar		3	334853	67969	3	
Guerara		3	327921	44995	3	
Hadjout		3	365126	24138	3	
Hamma Bouziane		3	364120	65960	3	
Hammam Bou Hadjar		3	353789	-9678	3	
Hammamet		3	354486	79518	3	
Hassi Bahbah		3	350711	30299	3	
Hassi Messaoud		3	316804	60729	3	
Hennaya		3	349514	-13681	3	
Héliopolis	heliopolis	3	365036	74428	3	
In Salah		3	271968	24791	3	
Jijel		3	368210	57635	3	
Kaïs	kais	3	354947	69249	3	
Kerkera		3	369292	65856	3	
Khemis Miliana		3	362610	22202	3	
Khemis el Khechna		3	366500	33308	3	
Khenchela		3	354358	71433	3	
Kolea		3	366389	27684	3	
Ksar Chellala		3	352122	23189	3	
Ksar el Boukhari		3	358889	27490	3	
Laghouat		3	338000	28651	3	
Lakhdaria		3	365646	35933	3	
Larbaâ	larbaa	3	365647	31543	3	
Lardjem		3	357492	15478	3	
L’Arbaa Naït Irathen	l’arbaa nait irathen	3	366311	41986	3	
M'Sila		3	357089	45372	3	
Maghnia		3	348497	-17275	3	
Makouda		3	367857	40627	3	
Mansourah		3	360872	44519	3	
Mansoûra	mansoura	3	348616	-13394	3	
Mascara		3	353966	1403	3	
Mazouna		3	361223	8986	3	
Maâtkas	maatkas	3	366047	39844	3	
Mecheria		3	335445	-2812	3	
Meftah		3	366204	32225	3	
Megarine		3	331920	60870	3	
Mehdia daira de meghila		3	354306	17571	3	
Mekla		3	366818	42638	3	
Melouza		3	359800	41866	3	
Merouana		3	356311	59119	3	
Meskiana		3	356306	76661	3	
Messaad		3	341543	35031	3	
Metlili Chaamba		3	322667	36333	3	
Mila		3	364503	62644	3	
Miliana		3	363055	22248	3	
Mohammadia		3	355886	686	3	
Mostaganem		3	359312	892	3	
Mouzaïa	mouzaia	3	364670	26899	3	
Médéa	medea	3	362642	27539	3	
M’Daourouch		3	360782	78196	3	
Nedroma		3	350136	-17480	3	
N’Gaous		3	355550	56106	3	
Oran		3	356991	-6359	3	
Ouargla		3	319493	53250	3	
Oued Fodda		3	361850	15330	3	
Oued Rhiou		3	359612	9190	3	
Oued Sly		3	361012	11995	3	
Oued Zenati		3	363161	71636	3	
Oued el Abtal		3	354560	6878	3	
Ouenza		3	359533	81292	3	
Ouled Djellal		3	344300	50614	3	
Ouled Haddaj		3	367146	33422	3	
Ouled Mimoun		3	349047	-10339	3	
Ouled Moussa		3	366839	33666	3	
Ouled Slama Fouaga		3	365483	31101	3	
Oum el Bouaghi		3	358754	71135	3	
Reggane		3	267158	1714	3	
Reghaïa	reghaia	3	367359	33402	3	
Reguiba		3	335639	67033	3	
Relizane		3	357373	5560	3	
Remchi		3	350620	-14336	3	
Robbah		3	332797	69098	3	
Rouached		3	364577	60427	3	
Rouiba		3	367383	32808	3	
Rouissat		3	319243	53502	3	
Râs el Aïoun	ras el aioun	3	356738	56453	3	
Râs el Oued	ras el oued	3	359441	50311	3	
Salah Bey		3	358545	52905	3	
Saïda	saida	3	348303	1517	3	
Sebdou		3	346370	-13314	3	
Sedrata		3	361287	75338	3	
Sfizef		3	352346	-2444	3	
Sidi Abdelli		3	350694	-11371	3	
Sidi Akkacha		3	364647	13026	3	
Sidi Amar		3	368202	77164	3	
Sidi Amrane		3	334988	60080	3	
Sidi Aïssa	sidi aissa	3	358855	37724	3	
Sidi Bel Abbes		3	351899	-6308	3	
Sidi Khaled		3	343870	49878	3	
Sidi Moussa		3	366064	30878	3	
Sidi Mérouane	sidi merouane	3	365206	62611	3	
Sidi Okba		3	347451	58983	3	
Sidi ech Chahmi		3	356590	-5217	3	
Sig		3	355283	-1937	3	
Skikda		3	368762	69092	3	
Sougueur		3	351857	14961	3	
Souk Ahras		3	362864	79511	3	
Souma		3	365183	29053	3	
Sour el Ghozlane		3	361477	36912	3	
Sétif	setif	3	361911	54137	3	
Tadjenanet		3	361213	59867	3	
Tamalous		3	368376	66402	3	
Tamanghasset		3	227850	55228	3	
Tazoult-Lambese		3	354817	62607	3	
Tebesbest		3	331167	60833	3	
Telerghma		3	361165	63543	3	
Theniet el Had		3	358711	20281	3	
Tiaret		3	353710	13170	3	
Tighenif		3	354172	3298	3	
Timimoun		3	292642	2358	3	
Timizart		3	368000	42667	3	
Tindouf		3	276711	-81474	3	
Tirmitine		3	366539	39814	3	
Tissemsilt		3	356072	18108	3	
Tizi Gheniff		3	365884	37744	3	
Tizi Ouzou		3	367118	40459	3	
Tizi-n-Tleta		3	365457	40571	3	
Tlemcen		3	348783	-13150	3	
Tolga		3	347222	53784	3	
Touggourt		3	331108	60700	3	
Tébessa	tebessa	3	354042	81242	3	
Ténès	tenes	3	365108	13081	3	
Zemoura		3	357225	7551	3	
Zeribet el Oued		3	346828	65111	3	
Zighout Youcef		3	365331	67124	3	
el hed		3	366500	47736	3	
’Aïn Abid	’ain abid	3	362319	69433	3	
’Aïn Azel	’ain azel	3	358185	55112	3	
’Aïn Benian	’ain benian	3	368028	29218	3	
’Aïn Deheb	’ain deheb	3	348422	15470	3	
’Aïn Merane	’ain merane	3	361628	9704	3	
’Aïn el Bell	’ain el bell	3	343438	32247	3	
’Aïn el Hammam	’ain el hammam	3	365647	43062	3	
’Aïn el Melh	’ain el melh	3	348415	41638	3	
’Aïn el Turk	’ain el turk	3	357438	-7693	3	
Pago Pago		4	-142781	-1707025	338	
Andorra la Vella		5	425078	15211	258	
les Escaldes		5	425073	15341	258	
Ambrizette		6	-72312	128666	33	
Andulo		6	-114868	166966	33	
Bailundo		6	-95750	159944	33	
Balombo		6	-123543	147723	33	
Barra do Dande		6	-84718	133701	33	
Baía Farta	baia farta	6	-126042	131967	33	
Belize		6	-46500	127667	33	
Benguela		6	-125767	134027	33	
Bocoio		6	-124702	141369	33	
Buco Zau		6	-47667	125500	33	
Cabinda		6	-55620	121948	33	
Cacuso		6	-94210	157467	33	
Cafunfo		6	-87672	179957	33	
Calulo		6	-100006	148952	33	
Caluquembe		6	-138667	144333	33	
Camabatela		6	-81881	153750	33	
Camacupa		6	-120167	174833	33	
Camucuio		6	-141167	132500	33	
Capunda		6	-111333	144667	33	
Catabola		6	-121500	172833	33	
Catchiungo		6	-125660	162259	33	
Catumbela		6	-124300	135468	33	
Caxito		6	-85785	136642	33	
Cazombo		6	-118991	229022	33	
Cazombo		6	-87320	153712	33	
Caála	caala	6	-128525	155606	33	
Cela		6	-114217	151234	33	
Chinguar		6	-125571	163380	33	
Chitato		6	-73000	207333	33	
Chitembo		6	-135500	166333	33	
Conda		6	-111086	143362	33	
Cuango-Luzamba		6	-91458	180445	33	
Cubal		6	-130386	142455	33	
Cuilo		6	-82362	195257	33	
Cuímba	cuimba	6	-61208	146209	33	
Cuíto	cuito	6	-123833	169333	33	
Dombe Grande		6	-129517	131025	33	
Dondo		6	-96846	144279	33	
Dondo		6	-90500	153167	33	
Dundo		6	-73664	208156	33	
Gabela		6	-108515	143799	33	
Gama		6	-85675	134764	33	
Ganda		6	-130159	146350	33	
Huambo		6	-127761	157392	33	
Lobito		6	-123644	135360	33	
Longonjo		6	-129080	152484	33	
Luanda		6	-88368	132343	33	
Luau		6	-107073	222247	33	
Lubalo		6	-91544	192814	33	
Lubango		6	-149172	134925	33	
Lucapa		6	-84192	207447	33	
Luena		6	-117833	199167	33	
Luquembo		6	-107391	177177	33	
Malanje		6	-95402	163410	33	
Maquela do Zombo		6	-60572	151097	33	
Matala		6	-147327	150348	33	
Mbanza Kongo		6	-62667	142383	33	
Menongue		6	-146585	176910	33	
Mossamedes		6	-151961	121522	33	
Mungo		6	-118327	162361	33	
Mussende		6	-105143	160199	33	
N'dalatando		6	-92978	149116	33	
Negage		6	-77594	152722	33	
Nzagi		6	-83855	153013	33	
Ondjiva		6	-170667	157333	33	
Porto Amboim		6	-107325	137684	33	
Quibala		6	-107337	149800	33	
Quipungo		6	-148191	145350	33	
Quissecula		6	-113922	150920	33	
Santa Clara		6	-101916	154341	33	
Sanza Pombo		6	-73147	160024	33	
Saurimo		6	-96608	203916	33	
Songo		6	-73521	148463	33	
Soyo		6	-61349	123689	33	
Sumbe		6	-112060	138437	33	
Tômbua	tombua	6	-158039	118448	33	
Ucu Seles		6	-114124	143066	33	
Ucuma		6	-129612	150596	33	
Uíge	uige	6	-76087	150613	33	
Virei		6	-157270	129496	33	
Xangongo		6	-167444	149749	33	
The Valley		7	182170	-630578	53	
Saint John’s		8	171210	-618433	54	st john's
Adrogué	adrogue	9	-348004	-583838	56	
Aguilares		9	-274315	-656146	66	
Alderetes		9	-268179	-651420	66	
Allen		9	-389774	-678271	63	
Alta Gracia		9	-316498	-644297	58	
Arrecifes		9	-340631	-601026	56	
Avellaneda		9	-291176	-596583	58	
Azul		9	-367780	-598585	56	
Bahía Blanca	bahia blanca	9	-387176	-622654	56	
Balcarce		9	-378464	-582555	56	
Balvanera		9	-346103	-583977	56	
Barracas		9	-346497	-583834	56	
Barranqueras		9	-274813	-589392	58	
Belgrano		9	-345627	-584583	56	
Bell Ville		9	-326302	-626888	58	
Bella Vista		9	-345651	-586903	56	
Berazategui		9	-347653	-582128	56	
Boedo		9	-346333	-584167	56	
Buenos Aires		9	-346132	-583772	56	
Caleta Olivia		9	-464478	-675227	62	
Campana		9	-341633	-589592	56	
Capitán Bermúdez	capitan bermudez	9	-328226	-607185	58	
Casilda		9	-330446	-611642	58	
Castelar		9	-346514	-586407	56	
Catamarca		9	-284696	-657852	57	
Caucete		9	-316515	-682822	64	
Cañada de Gómez	canada de gomez	9	-328203	-613951	58	
Centenario		9	-388296	-681318	63	
Chacabuco		9	-346420	-604712	56	
Chajarí	chajari	9	-307548	-579820	58	
Charata		9	-272179	-611874	58	
Chascomús	chascomus	9	-355768	-580122	56	
Chilecito		9	-291616	-674993	60	
Chimbas		9	-314931	-685326	64	
Chivilcoy		9	-348969	-600191	56	
Cipolletti		9	-389339	-679903	63	
Colegiales		9	-345736	-584492	56	
Colón	colon	9	-322231	-581443	58	
Comodoro Rivadavia		9	-458626	-674940	57	
Concepción del Uruguay	concepcion del uruguay	9	-324846	-582322	58	
Concordia		9	-313920	-580171	58	
Coronel Suárez	coronel suarez	9	-374586	-619329	56	
Corrientes		9	-274678	-588344	58	
Cruz del Eje		9	-307264	-648039	58	
Curuzú Cuatiá	curuzu cuatia	9	-297914	-580499	58	
Cutral-Có	cutral-co	9	-389342	-692305	63	
Córdoba	cordoba	9	-314065	-641885	58	
Dolores		9	-363154	-576755	56	
Don Torcuato		9	-344946	-586273	56	
El Palomar		9	-346177	-586015	56	
Embarcación	embarcacion	9	-232100	-640996	63	
Esperanza		9	-314496	-609315	58	
Esquel		9	-429115	-713195	57	
Esquina		9	-300148	-595289	58	
Famaillá	famailla	9	-270545	-654019	66	
Fontana		9	-274204	-590373	58	
Formosa		9	-261849	-581731	58	
Garupá	garupa	9	-274832	-558292	58	
General José de San Martín	general jose de san martin	9	-265364	-593414	58	
General Pacheco		9	-344526	-586431	56	
General Pico		9	-356593	-637579	63	
General Roca		9	-390333	-675833	63	
Gobernador Gálvez	gobernador galvez	9	-330302	-606404	58	
Gobernador Virasora		9	-280500	-560333	58	gobernador virasoro
Goya		9	-291400	-592634	58	
Granadero Baigorria		9	-328568	-607175	58	
Gualeguay		9	-331409	-593126	58	
Gualeguaychú	gualeguaychu	9	-330078	-585184	58	
Haedo		9	-346424	-585921	56	
Hurlingham		9	-345904	-586290	56	
Ingeniero Pablo Nogués	ingeniero pablo nogues	9	-344778	-587065	56	
Ituzaingó	ituzaingo	9	-275850	-566871	58	
Jardín América	jardin america	9	-270435	-552270	58	
Jesús María	jesus maria	9	-309815	-640942	58	
José C. Paz	jose c. paz	9	-345154	-587681	56	
Juan José Castelli	juan jose castelli	9	-259466	-606201	58	
Junín	junin	9	-345939	-609464	56	
La Calera		9	-313458	-643385	58	
La Paz		9	-307418	-596452	58	
La Plata		9	-349213	-579544	56	
La Rioja		9	-294133	-668564	60	
Las Breñas	las brenas	9	-270882	-610822	58	
Libertador General San Martín	libertador general san martin	9	-238130	-647935	59	
Lincoln		9	-348682	-615293	56	
Los Polvorines		9	-345032	-587060	56	
Luján	lujan	9	-345664	-591148	56	
Machagai		9	-269262	-600485	58	
Mar del Plata		9	-380004	-575562	56	
Marcos Juárez	marcos juarez	9	-326978	-621067	58	
Mendoza		9	-328895	-688458	61	
Mercedes		9	-346507	-594314	56	
Mercedes		9	-291842	-580752	58	
Merlo		9	-346654	-587274	56	
Monte Caseros		9	-302518	-576354	58	
Montecarlo		9	-265685	-547579	58	
Monteros		9	-271682	-654989	66	
Morón	moron	9	-346512	-586220	56	
Muñiz	muniz	9	-345562	-587074	56	
Necochea		9	-385545	-587396	56	
Neuquén	neuquen	9	-389508	-680592	63	
Nogoyá	nogoya	9	-323938	-597896	58	
Nueve de Julio		9	-354439	-608846	56	
Oberá	obera	9	-274868	-551199	58	
Olavarría	olavarria	9	-368938	-603232	56	
Palpalá	palpala	9	-242580	-652136	59	
Paraná	parana	9	-317327	-605290	58	
Paso de los Libres		9	-297125	-570877	58	
Pergamino		9	-338910	-605746	56	
Pilar		9	-344587	-589140	56	
Plottier		9	-389667	-682333	63	
Pocito		9	-316833	-685833	64	
Pontevedra		9	-347495	-587016	56	
Posadas		9	-273918	-559238	58	
Presidencia Roque Sáenz Peña	presidencia roque saenz pena	9	-267910	-604413	58	
Profesor Salvador Mazza		9	-220490	-636908	63	
Puerto Eldorado		9	-264084	-546946	58	
Puerto Iguazú	puerto iguazu	9	-255991	-545736	58	
Puerto Madryn		9	-427685	-650383	57	
Punta Alta		9	-388805	-620750	56	
Pérez	perez	9	-329984	-607679	58	
Quilmes		9	-347206	-582545	56	
Quitilipi		9	-268708	-602154	58	
Rafaela		9	-312528	-614908	58	
Rawson		9	-433003	-651056	57	
Reconquista		9	-291500	-596500	58	
Resistencia		9	-274636	-589866	58	
Retiro		9	-345833	-583833	56	
Rosario		9	-329468	-606393	58	
Río Cuarto	rio cuarto	9	-331304	-643527	58	
Río Gallegos	rio gallegos	9	-516253	-692523	62	
Río Grande	rio grande	9	-537877	-677098	67	
Río Tercero	rio tercero	9	-321768	-641130	58	
Salta		9	-248065	-654200	63	
Salto		9	-342918	-602545	56	
San Antonio de Padua		9	-346627	-586982	56	
San Carlos de Bariloche		9	-411456	-713082	63	
San Francisco		9	-314250	-620840	58	
San Isidro		9	-344697	-585211	56	
San Juan		9	-315373	-685257	64	
San Justo		9	-307899	-605928	58	
San Lorenzo		9	-281344	-587668	58	
San Luis		9	-332914	-663247	65	
San Martín	san martin	9	-330834	-684731	61	
San Martín de los Andes	san martin de los andes	9	-401579	-713534	63	
San Miguel		9	-345433	-587123	56	
San Miguel de Tucumán	san miguel de tucuman	9	-268160	-652105	66	
San Nicolás de los Arroyos	san nicolas de los arroyos	9	-333342	-602108	56	
San Pedro		9	-336792	-596663	56	
San Pedro		9	-266218	-541090	58	
San Pedro de Jujuy		9	-242313	-648661	59	
San Rafael		9	-346153	-683324	61	
San Ramón de la Nueva Orán	san ramon de la nueva oran	9	-231370	-643243	63	
San Salvador de Jujuy		9	-241928	-652934	59	
San Vicente		9	-266167	-541333	58	
Santa Fe		9	-316488	-607087	58	
Santa Lucía	santa lucia	9	-315406	-684979	64	
Santa Rosa		9	-366162	-642899	63	
Santiago del Estero		9	-278005	-642628	58	
Santo Tomé	santo tome	9	-316627	-607653	58	
Santo Tomé	santo tome	9	-285510	-560412	58	
Santos Lugares		9	-346031	-585407	56	
Tafí Viejo	tafi viejo	9	-267333	-652615	66	
Tandil		9	-373287	-591369	56	
Tartagal		9	-225168	-638056	63	
Termas de Río Hondo	termas de rio hondo	9	-274936	-648597	58	
Tigre		9	-344260	-585796	56	
Tortuguitas		9	-344751	-587537	56	
Trelew		9	-432490	-653050	57	
Tres Arroyos		9	-383769	-602756	56	
Tres Isletas		9	-263407	-604321	58	
Ushuaia		9	-548108	-683159	67	
Veinticinco de Mayo		9	-354325	-601716	56	
Venado Tuerto		9	-337458	-619671	58	
Victoria		9	-326184	-601548	58	
Viedma		9	-408152	-630004	63	
Villa Allende		9	-312937	-642977	58	
Villa Carlos Paz		9	-314183	-644901	58	
Villa Constitución	villa constitucion	9	-332280	-603299	58	
Villa Dolores		9	-319450	-651903	58	
Villa Gesell		9	-372639	-569730	56	
Villa Lugano		9	-346791	-584726	56	
Villa María	villa maria	9	-324075	-632402	58	
Villa Mercedes		9	-336757	-654578	65	
Villa Ortúzar	villa ortuzar	9	-345797	-584683	56	
Villa Regina		9	-390963	-670837	63	
Villa Santa Rita		9	-346108	-584810	56	
Villa de Mayo		9	-345108	-586806	56	
Villa Ángela	villa angela	9	-275768	-607111	58	
Villaguay		9	-318677	-590270	58	
Yerba Buena		9	-268130	-652954	66	
Zapala		9	-389006	-700667	63	
Zárate	zarate	9	-340958	-590242	56	
Abovyan		10	402717	446334	240	
Ajapnyak		10	401992	444706	240	
Arabkir		10	402062	445036	240	
Armavir		10	401555	440388	240	
Artashat		10	399548	445487	240	
Avan		10	402144	445785	240	
Charentsavan		10	404029	446445	240	
Davtashen		10	402164	444809	240	
Erebuni		10	401331	445301	240	
Gyumri		10	407930	438464	240	
Hrazdan		10	405169	447559	240	
Kanaker-Zeytun		10	402200	445383	240	
Kapan		10	392076	464068	240	
Malatia-Sebastia		10	401740	444457	240	
Nor Nork		10	401966	445669	240	
Shengavit		10	401557	444779	240	
Vagharshapat		10	401656	442946	240	
Vanadzor		10	408074	444970	240	
Yerevan		10	401776	445126	240	
Noord		11	125660	-700320	68	
Oranjestad		11	125240	-700270	68	
San Nicolas		11	124362	-699071	68	
Tanki Leendert		11	125391	-700200	68	
Adelaide		12	-349287	1385986	250	
Adelaide Hills		12	-349112	1387074	250	
Albany		12	-350269	1178837	255	
Alice Springs		12	-236975	1338836	252	
Armidale		12	-305012	1516655	256	
Ashfield		12	-338883	1511227	256	
Auburn		12	-338500	1510333	256	
Baldivis		12	-323289	1158305	255	
Ballarat		12	-375662	1438496	254	
Bankstown		12	-339167	1510333	256	
Bathurst		12	-334166	1495806	256	
Baulkham Hills		12	-337588	1509929	256	
Bendigo		12	-367582	1442802	254	
Bentleigh East		12	-379193	1450530	254	
Berwick		12	-380333	1453500	254	
Blacktown		12	-337667	1509167	256	
Boronia		12	-378667	1452833	254	
Brighton		12	-379056	1450028	254	
Brisbane		12	-274679	1530281	251	
Brunswick		12	-377667	1449667	254	
Buderim		12	-266844	1530570	251	
Bunbury		12	-333271	1156414	255	
Bundaberg		12	-248662	1523479	251	
Bundoora		12	-376982	1450597	254	
Busselton		12	-336525	1153455	255	
Caboolture		12	-270846	1529511	251	
Cabramatta		12	-338974	1509345	256	
Cairns		12	-169237	1457661	251	
Camberwell		12	-378420	1450694	254	
Campsie		12	-339125	1511028	256	
Canberra		12	-352835	1491281	256	
Canning Vale		12	-320580	1159181	255	
Carlingford		12	-337827	1510489	256	
Caroline Springs		12	-377412	1447363	254	
Carrum Downs		12	-380997	1451725	254	
Castle Hill		12	-337333	1510000	256	
Chatswood		12	-338000	1511833	256	
Cheltenham		12	-379694	1450481	254	
City of Port Phillip		12	-378338	1449383	254	
Coburg		12	-377500	1449667	254	
Coffs Harbour		12	-302963	1531135	256	
Craigieburn		12	-376000	1449500	254	
Cranbourne		12	-381134	1452833	254	
Cranbourne East		12	-381153	1452981	254	
Cranbourne North		12	-380776	1452987	254	
Croydon		12	-378000	1452833	254	
Dandenong		12	-379833	1452000	254	
Dandenong North		12	-379665	1452081	254	
Darwin		12	-124611	1308418	252	
Dianella		12	-318882	1158719	255	
Doncaster		12	-377883	1451237	254	
Doncaster East		12	-377876	1451489	254	
Doreen		12	-376000	1451500	254	
Dubbo		12	-322430	1486048	256	
Ellenbrook		12	-317674	1159694	255	
Endeavour Hills		12	-379770	1452587	254	
Epping		12	-376500	1450333	254	
Epping		12	-337727	1510818	256	
Essendon		12	-377498	1449109	254	
Ferntree Gully		12	-378846	1452954	254	
Forest Lake		12	-276256	1529688	251	
Frankston		12	-381446	1451229	254	
Frankston East		12	-381333	1451333	254	
Geelong		12	-381471	1443607	254	
Geraldton		12	-287790	1146146	255	
Gladstone		12	-238485	1512577	251	
Glen Iris		12	-378667	1450667	254	
Glen Waverley		12	-378781	1451648	254	
Glenferrie		12	-378333	1450500	254	
Glenmore Park		12	-337907	1506693	256	
Glenroy		12	-377000	1449333	254	
Gold Coast		12	-280003	1534309	251	
Goulburn		12	-347516	1497209	256	
Greenacre		12	-339003	1510556	256	
Greenvale		12	-376333	1448667	254	
Greystanes		12	-338235	1509461	256	
Hampton Park		12	-380333	1452500	254	
Hawthorn		12	-378199	1450358	254	
Hawthorn South		12	-378329	1450367	254	
Hervey Bay		12	-252876	1527694	251	
Hobart		12	-428794	1473294	253	
Hoppers Crossing		12	-378826	1447003	254	
Hornsby		12	-337024	1510993	256	
Hurstville		12	-339677	1511015	256	
Kellyville		12	-337103	1509510	256	
Kew		12	-378064	1450309	254	
Keysborough		12	-379912	1451738	254	
Kwinana		12	-322301	1157813	255	
Lalor		12	-376667	1450167	254	
Langwarrin		12	-381667	1451667	254	
Launceston		12	-414388	1471347	253	
Liverpool		12	-339194	1509259	256	
Logan City		12	-276392	1531094	251	
Mackay		12	-211534	1491655	251	
Maitland		12	-327331	1515574	256	
Malvern East		12	-378740	1450425	254	
Mandurah		12	-325269	1157217	255	
Maroubra		12	-339500	1512333	256	
Marrickville		12	-339074	1511555	256	
Melbourne		12	-378140	1449633	254	
Melbourne City Centre		12	-378150	1449666	254	melbourne cbd
Mernda		12	-376008	1450956	254	
Merrylands		12	-338333	1509833	256	
Mildura		12	-341855	1421625	254	
Mill Park		12	-376667	1450667	254	
Mooroolbark		12	-377825	1453168	254	
Morayfield		12	-271088	1529491	251	
Morley		12	-318878	1159099	255	
Mornington		12	-382179	1450388	254	
Morphett Vale		12	-351333	1385167	250	
Mosman		12	-338390	1512396	256	
Mount Gambier		12	-378318	1407792	250	
Mount Waverley		12	-378771	1451294	254	
Narre Warren		12	-380333	1453000	254	
Narre Warren South		12	-380437	1452923	254	
Newcastle		12	-329295	1517801	256	
Noble Park		12	-379667	1451667	254	
North Lakes		12	-272243	1530208	251	
Northcote		12	-377667	1450000	254	
Orange		12	-332840	1491002	256	
Pakenham		12	-380702	1454741	254	
Palmerston		12	-124860	1309833	252	
Parramatta		12	-338178	1510035	256	
Perth		12	-319522	1158614	255	
Point Cook		12	-379148	1447509	254	
Port Macquarie		12	-314308	1529089	256	
Preston		12	-377500	1450167	254	
Quakers Hill		12	-337333	1508833	256	
Randwick		12	-339144	1512490	256	
Reservoir		12	-377167	1450000	254	
Richmond		12	-378182	1450018	254	
Robina		12	-280707	1533933	251	
Rockhampton		12	-233803	1505060	251	
Rowville		12	-379333	1452333	254	
Roxburgh Park		12	-376258	1449255	254	
Ryde		12	-338188	1511062	256	
Saint Albans		12	-377333	1448000	254	
Shepparton		12	-363805	1453987	254	
South Morang		12	-376500	1451000	254	
South Yarra		12	-378383	1449915	254	
Southbank		12	-378228	1449643	254	
Southport		12	-279672	1533980	251	
Springvale		12	-379485	1451527	254	
St Albans		12	-377450	1448005	254	saint albans
Strathfield		12	-338810	1510799	256	
Sunbury		12	-375774	1447261	254	
Sunshine Coast		12	-266568	1530796	251	
Surfers Paradise		12	-280027	1534300	251	
Sydney		12	-338678	1512073	256	
Sydney Central Business District		12	-338648	1512077	256	sydney cbd
Tamworth		12	-310905	1509290	256	
Tarneit		12	-378363	1446595	254	
Thornlie		12	-320600	1159550	255	
Toowoomba		12	-275606	1519539	251	
Townsville		12	-192664	1468057	251	
Traralgon		12	-381953	1465415	254	
Truganina		12	-378167	1447500	254	
Tuggeranong Administrative District		12	-354165	1490695	256	
Upper Coomera		12	-278768	1532857	251	
Warrnambool		12	-383818	1424880	254	
Werribee		12	-379000	1446667	254	
Wollert		12	-375833	1450333	254	
Wollongong		12	-344240	1508934	256	
Alsergrund		13	482232	163551	308	
Aspern		13	482181	164831	308	
Baden		13	480054	162326	308	
Bregenz		13	475031	97471	308	
Brigittenau		13	482428	163755	308	
Donaustadt		13	482333	164600	308	
Dornbirn		13	474143	97419	308	
Döbling	dobling	13	482500	163333	308	
Essling		13	482129	165244	308	
Favoriten		13	481612	163823	308	
Feldkirch		13	472331	96000	308	
Floridsdorf		13	482500	164000	308	
Fünfhaus	funfhaus	13	481960	163183	308	
Geidorf		13	470839	154440	308	
Graz		13	470667	154500	308	
Gries		13	470624	154242	308	
Hernals		13	482333	162667	308	
Hietzing		13	481862	162965	308	
Hötting	hotting	13	472682	113687	308	
Innsbruck		13	472627	113945	308	
Jakomini		13	470544	154498	308	
Josefstadt		13	482124	163455	308	
Klagenfurt am Wörthersee	klagenfurt am worthersee	13	466247	143053	308	
Landstraße	landstrasse	13	482019	163879	308	
Lend		13	470826	154159	308	
Linz		13	483064	142861	308	
Lustenau		13	474264	96585	308	
Margareten		13	481855	163537	308	
Mariahilf		13	481957	163522	308	
Meidling		13	481667	163333	308	
Neubau		13	482017	163472	308	
Ottakring		13	482167	163000	308	
Penzing		13	482000	162667	308	
Pradl		13	472654	114152	308	
Salzburg		13	477994	130440	308	
Sankt Pölten	sankt polten	13	482000	156333	308	
Simmering		13	481833	164333	308	
Steyr		13	480427	144213	308	
Vienna		13	482085	163721	308	
Villach		13	466103	138558	308	
Wiener Neustadt		13	478048	162320	308	
Währing	wahring	13	482261	163448	308	
Agdzhabedy		14	400502	474594	172	agcabǝdi
Amirdzhan		14	404264	499836	172	amiradzhan
Ağdam	agdam	14	399910	469274	172	
Ağdaş	agdas	14	406470	474738	172	
Baku		14	403777	498920	172	
Bakıxanov	bakixanov	14	404189	499669	172	bakikhanov
Barda		14	403758	471262	172	bǝrdǝ
Bilajari		14	404444	498057	172	baladjary
Biny Selo		14	404508	500869	172	binǝ
Buzovna		14	405190	501144	172	
Divichibazar		14	412012	489871	172	dǝvǝci
Fizuli		14	396009	471453	172	
Ganja		14	406828	463606	172	
Göyçay	goycay	14	406506	477422	172	
Hacıqabul	haciqabul	14	400387	489429	172	qazimǝmmǝd
Hövsan	hovsan	14	403744	500853	172	
Imishli		14	398710	480600	172	
Jalilabad		14	392096	484919	172	
Khirdalan		14	404481	497550	172	xirdalan
Lankaran		14	387543	488506	172	
Lerik		14	387739	484150	172	
Lokbatan		14	403256	497338	172	
Maştağa	mastaga	14	405298	500062	172	
Mingelchaur		14	407640	470595	172	mingachevir
Naxçıvan	naxcivan	14	392089	454122	172	nakhchivan
Qaraçuxur	qaracuxur	14	403967	499736	172	
Quba		14	413611	485134	172	
Saatlı	saatli	14	399321	483689	172	
Sabirabad		14	400087	484770	172	
Salyan		14	395962	489848	172	
Shamakhi		14	406314	486414	172	samaxi
Shamkhor		14	408298	460178	172	sǝmkir
Sheki		14	411919	471706	172	sǝki
Sumqayıt	sumqayit	14	405897	496686	172	
Tovuz		14	409925	456284	172	
Xaçmaz	xacmaz	14	414643	488056	172	
Yevlakh		14	406183	471501	172	
Zabrat		14	404775	499417	172	
Zaqatala		14	416316	466448	172	
İsmayıllı	ismayilli	14	407848	481514	172	
Şirvan	sirvan	14	399378	489290	172	
Freeport		15	265333	-787000	129	
Killarney		15	250500	-774167	129	
Lucaya		15	265333	-786667	129	
Nassau		15	250582	-773431	129	
Al Muharraq		16	262572	506119	171	
Ar Rifā‘	ar rifa‘	16	261300	505550	171	riffa
Dār Kulayb	dar kulayb	16	260686	505039	171	
Jidd Ḩafş	jidd hafs	16	262186	505478	171	
Madīnat Ḩamad	madinat hamad	16	261153	505069	171	hamad town
Madīnat ‘Īsá	madinat ‘isa	16	261736	505478	171	isa town
Manama		16	262279	505856	171	
Sitrah		16	261547	506206	171	
Azimpur		17	237298	903854	181	
Badarganj		17	256742	890538	181	
Bagerhat		17	226566	897912	181	
Baniachang		17	245186	913579	181	
Barishal		17	227050	903701	181	
Bera		17	240782	896326	181	
Bhairab Bāzār	bhairab bazar	17	240524	909764	181	
Bhanga		17	233919	899839	181	
Bherāmāra	bheramara	17	240245	889923	181	
Bhola		17	226876	906440	181	bhola district
Bhāndāria	bhandaria	17	224890	900627	181	
Bhātpāra Abhaynagar	bhatpara abhaynagar	17	230147	894394	181	
Bhātāra	bhatara	17	238000	904500	181	
Bibir Hat		17	226835	917906	181	
Bogra		17	248510	893711	181	
Brāhmanbāria	brahmanbaria	17	239746	911123	181	
Burhānuddin	burhanuddin	17	224952	907239	181	
Bājitpur	bajitpur	17	242162	909500	181	
Bāndarban	bandarban	17	221953	922195	181	
Char Bhadrāsan	char bhadrasan	17	233092	902270	181	
Chattogram		17	223384	918317	181	chittagong
Chhāgalnāiya	chhagalnaiya	17	230248	915109	181	
Chhātak	chhatak	17	250385	916696	181	
Chilmāri	chilmari	17	255561	896710	181	
Chāndpur	chandpur	17	232271	906543	181	
Comilla		17	234619	911850	181	
Cox’s Bāzār	cox’s bazar	17	214397	920096	181	
Dhaka		17	237104	904074	181	
Dhanmondi		17	237400	903850	181	
Dinajpur		17	256274	886378	181	
Dohazāri	dohazari	17	221638	920733	181	
Dohār	dohar	17	235931	901425	181	
Dukuria		17	237110	903741	181	
Farīdpur	faridpur	17	236061	898406	181	
Feni		17	230144	913966	181	
Gafargaon		17	244320	905585	181	
Gaurnadi		17	229737	902238	181	
Gazipur		17	239984	904223	181	
Gopālganj	gopalganj	17	232235	900604	181	
Habiganj		17	243804	914130	181	
Hājīganj	hajiganj	17	232519	908551	181	
Hāthazāri	hathazari	17	225052	918134	181	
Ishwardi		17	241286	890657	181	
Jamālpur	jamalpur	17	249196	899481	181	
Jessore		17	231697	892137	181	
Jhingergācha	jhingergacha	17	231113	890906	181	
Joypur Hāt	joypur hat	17	251015	890273	181	
Karnaphuli		17	226906	922347	181	
Kesabpur		17	229072	892195	181	
Khagrachhari		17	231079	919701	181	
Khulna		17	228098	895644	181	
Kishorganj		17	244394	907829	181	
Kushtia		17	239028	891194	181	
Kāfrul	kafrul	17	237882	903736	181	
Kālia	kalia	17	230430	896309	181	
Kālīganj	kaliganj	17	234096	891380	181	
Lakshmīpur	lakshmipur	17	229443	908300	181	
Lalmonirhat		17	259172	894460	181	
Lākshām	laksham	17	232402	911214	181	
Lālmohan	lalmohan	17	223377	907371	181	
Madaripur		17	231710	902094	181	
Maijdi		17	228667	911000	181	
Manikchari		17	228396	918413	181	
Mathba		17	222862	899588	181	
Maulavi Bāzār	maulavi bazar	17	244889	917708	181	
Mehendiganj		17	228226	905286	181	
Mirpur Model Thana		17	238093	903609	181	
Mirzāpur	mirzapur	17	241029	900984	181	
Mohāmmadpur	mohammadpur	17	248984	885284	181	
Morrelgonj		17	224557	898558	181	
Muktāgācha	muktagacha	17	247648	902570	181	
Mymensingh		17	247564	904065	181	
Mānikganj	manikganj	17	238577	900096	181	
Mātuail	matuail	17	237121	904598	181	
Nabīnagar	nabinagar	17	238879	909679	181	
Nagar Naluākot	nagar naluakot	17	241561	907728	181	nogor noluakot
Nageswari		17	259682	896915	181	
Narail		17	231551	894952	181	
Narsingdi		17	239230	907177	181	
Natore		17	244111	889867	181	
Nawābganj	nawabganj	17	245902	882744	181	
Netrakona		17	248835	907290	181	
Nāgarpur	nagarpur	17	240578	898770	181	
Nālchiti	nalchiti	17	226370	902720	181	
Nārāyanganj	narayanganj	17	236135	905030	181	
Pallabi		17	238250	903700	181	
Paltan		17	237362	904143	181	
Panchagarh		17	263334	885578	181	
Paotana Hat		17	256647	895026	181	
Parbatipur		17	256637	889309	181	
Patiya		17	222954	919790	181	
Patuakhali		17	223683	903458	181	
Phultala		17	227167	895119	181	
Pirojpur		17	225796	899752	181	
Puthia		17	243654	888343	181	
Pābna	pabna	17	240064	892372	181	
Pālang	palang	17	232182	903508	181	
Pār Naogaon	par naogaon	17	248042	889488	181	
Pīrgaaj	pirgaaj	17	258559	883594	181	
Rajshahi		17	243740	886011	181	
Ramna Maidan		17	237333	904000	181	
Rangpur		17	257466	892517	181	rangpur city
Raojān	raojan	17	225351	919192	181	
Rāipur	raipur	17	230391	907681	181	
Rāmganj	ramganj	17	231006	908499	181	
Rāngāmāti	rangamati	17	226432	921919	181	
Saidpur		17	257777	888917	181	
Sakhipur		17	243199	901694	181	
Sandwīp	sandwip	17	225141	914549	181	
Sarankhola		17	223101	897911	181	
Sarishābāri	sarishabari	17	247513	898313	181	
Savar		17	238486	902500	181	savar upazila
Sherpur		17	250188	900175	181	
Shibganj		17	250015	893227	181	
Shibganj		17	246850	881564	181	
Shāhbāzpur Town	shahbazpur town	17	240530	911719	181	
Shāhzādpur	shahzadpur	17	241769	895988	181	
Sirajganj		17	244577	897080	181	
Sonārgaon	sonargaon	17	236500	906167	181	
Sunāmganj	sunamganj	17	250689	914024	181	
Sylhet		17	248990	918720	181	
Sātkania	satkania	17	220764	920496	181	
Sātkhira	satkhira	17	227082	890718	181	
Teknāf	teknaf	17	208583	922977	181	
Thākurgaon	thakurgaon	17	260310	884699	181	
Tungi		17	238915	904023	181	tongi
Tungipāra	tungipara	17	228998	899033	181	
Tāngāil	tangail	17	242498	899166	181	
Uttar Char Fasson		17	222265	907128	181	
Āshuganj City	ashuganj city	17	240402	910117	181	
Bridgetown		18	131073	-596202	71	
Baranovichi		19	531325	260077	286	
Barysaw		19	542279	285050	286	borisov
Bobruysk		19	531464	292055	286	babruysk
Brest		19	521089	237175	286	
Byaroza		19	525313	249782	286	
Dzyarzhynsk		19	536848	271317	286	
Homyel'		19	524345	309754	286	
Horad Zhodzina		19	540985	283331	286	
Horki		19	542861	309860	286	
Hrodna		19	536758	238289	286	
Ivatsevichi		19	527079	253351	286	ivatsevichy
Kalinkovichi		19	521323	293257	286	kalinkavichy
Kobryn		19	522117	243563	286	
Krychaw		19	537192	317136	286	
Lida		19	538833	252997	286	
Luninyets		19	522486	268006	286	
Mahilyow		19	539088	303404	286	mogilev
Maladziečna	maladziecna	19	543167	268540	286	maladzyechna
Mazyr		19	520416	292163	286	
Minsk		19	539002	275665	286	
Novogrudok		19	535942	258191	286	navahrudak
Novopolotsk		19	555262	285931	286	navapolatsk
Orsha		19	545136	304036	286	
Osipovichi		19	533059	286287	286	asipovichy
Pinsk		19	521215	260673	286	
Polotsk		19	554879	287856	286	polatsk
Rahachow		19	530926	300486	286	
Rechytsa		19	523617	303916	286	
Slonim		19	530875	253171	286	
Slutsk		19	530152	275416	286	
Smaliavičy	smaliavicy	19	540249	280894	286	smalyavichy
Smarhoń	smarhon	19	544798	263957	286	smarhon'
Soligorsk		19	527898	275358	286	salihorsk
Svetlogorsk		19	526329	297389	286	svyetlahorsk
Vileyka		19	544914	269111	286	vilyeyka
Vitebsk		19	551904	302049	286	
Volkovysk		19	531561	244513	286	vawkavysk
Zhlobin		19	528926	300240	286	
Aalst		20	509360	40355	264	
Aarschot		20	509872	48370	264	
Andenne		20	504894	50951	264	
Anderlecht		20	508362	43145	264	
Ans		20	506623	55203	264	
Antwerpen		20	512205	44003	264	
Arlon		20	496833	58167	264	
Asse		20	509101	41984	264	
Ath		20	506294	37780	264	
Auderghem		20	508167	44333	264	
Beersel		20	507659	43002	264	
Berchem		20	511902	44326	264	
Berchem-Sainte-Agathe		20	508657	42956	264	sint-agatha-berchem
Beringen		20	510495	52261	264	
Beveren		20	512119	42563	264	
Bilzen		20	508732	55184	264	
Binche		20	504116	41647	264	
Blauwput		20	508859	47242	264	
Borgerhout		20	512096	44354	264	
Braine-l'Alleud		20	506836	43678	264	
Brasschaat		20	512912	44918	264	
Brugge		20	512089	32242	264	bruges
Brussels		20	508504	43488	264	
Charleroi		20	504114	44445	264	
Châtelet	chatelet	20	504034	45283	264	
Courcelles		20	504638	43747	264	
Deinze		20	509818	35310	264	
Dendermonde		20	510287	41011	264	
Deurne		20	512213	44660	264	
Diest		20	509892	50506	264	
Dilbeek		20	508480	42597	264	
Edegem		20	511566	44450	264	
Ekeren		20	512809	44181	264	
Etterbeek		20	508327	43884	264	
Evere		20	508744	43990	264	
Evergem		20	511131	37098	264	
Fleurus		20	504835	45501	264	
Flémalle-Haute	flemalle-haute	20	505999	54447	264	
Forest		20	508168	43278	264	
Ganshoren		20	508706	43153	264	
Geel		20	511656	49892	264	
Gembloux		20	505615	46989	264	
Genk		20	509650	55008	264	
Gent		20	510500	37167	264	ghent
Geraardsbergen		20	507734	38822	264	
Grimbergen		20	509341	43721	264	
Halle		20	507338	42345	264	
Hamme		20	510982	41370	264	
Harelbeke		20	508534	33094	264	
Hasselt		20	509311	53378	264	
Heist-op-den-Berg		20	510754	47283	264	
Helchteren		20	510559	53824	264	
Herentals		20	511766	48325	264	
Herstal		20	506642	56235	264	
Heusden		20	510366	52801	264	
Heverlee		20	508643	46960	264	
Hoboken		20	511761	43484	264	
Houthalen		20	510343	53743	264	
Ieper		20	508511	28857	264	
Ixelles		20	508333	43667	264	ixelles-elsene
Izegem		20	509140	32138	264	
Jette		20	508731	43342	264	
Jumet		20	504422	44374	264	
Kapellen		20	513138	44354	264	
Kessel-Lo		20	508855	47372	264	
Knokke-Heist		20	513500	32667	264	
Koekelberg		20	508612	43314	264	
Koksijde		20	511164	26377	264	
Kortrijk		20	508280	32649	264	
La Louvière	la louviere	20	504866	41878	264	
Lanaken		20	508932	56468	264	
Leuven		20	508796	47009	264	
Lier		20	511313	45704	264	
Liège	liege	20	506337	55675	264	
Lokeren		20	511036	39934	264	
Lommel		20	512307	53135	264	
Louvain-la-Neuve		20	506683	46144	264	
Maaseik		20	510980	57838	264	
Maasmechelen		20	509654	56945	264	
Maldegem		20	512074	34451	264	
Manage		20	505031	42359	264	
Marcinelle		20	503922	44439	264	
Mechelen		20	510257	44776	264	
Menen		20	507972	31224	264	
Merksem		20	512462	44490	264	
Mol		20	511919	51166	264	
Molenbeek-Saint-Jean		20	508499	43125	264	
Mons		20	504541	39523	264	
Mortsel		20	511670	44513	264	
Mouscron		20	507450	32064	264	
Namur		20	504669	48675	264	
Ninove		20	508278	40266	264	
Nivelles		20	505983	43285	264	
Oostkamp		20	511543	32313	264	
Ostend		20	512155	29270	264	
Oudenaarde		20	508517	36089	264	
Oupeye		20	507118	56468	264	
Overijse		20	507744	45346	264	
Rixensart		20	507123	45253	264	
Roeselare		20	509465	31227	264	
Ronse		20	507457	36005	264	
Saint-Ghislain		20	504482	38189	264	
Saint-Gilles		20	508276	43439	264	
Saint-Josse-ten-Noode		20	508538	43728	264	
Saint-Nicolas		20	506284	55324	264	
Schaerbeek		20	508694	43774	264	schaarbeek
Schoten		20	512525	45027	264	
Seraing		20	505836	55012	264	
Sint-Amandsberg		20	510595	37494	264	
Sint-Niklaas		20	511651	41437	264	
Sint-Pieters-Leeuw		20	507793	42436	264	
Sint-Truiden		20	508168	51865	264	
Soignies		20	505790	40713	264	
Temse		20	511279	42137	264	
Tienen		20	508074	49378	264	
Tongeren		20	507805	54648	264	
Tournai		20	506072	33893	264	
Turnhout		20	513225	49447	264	
Uccle		20	508022	43394	264	
Verviers		20	505891	58624	264	
Vilvoorde		20	509281	44294	264	
Waregem		20	508890	34276	264	
Waterloo		20	507147	43991	264	
Watermael-Boitsfort		20	508015	44144	264	
Wavre		20	507172	46014	264	
Westerlo		20	510905	49154	264	
Wetteren		20	510053	38834	264	
Wevelgem		20	508000	31667	264	
Willebroek		20	510604	43602	264	
Wilrijk		20	511673	43951	264	
Woluwe-Saint-Lambert		20	508439	44291	264	
Wondelgem		20	510870	37091	264	
Zaventem		20	508837	44730	264	
Zedelgem		20	511424	31368	264	
Zottegem		20	508695	38105	264	
Zwevegem		20	508127	33385	264	
Belize City		21	174995	-881976	73	
Belmopan		21	172538	-887640	73	
Orange Walk		21	180812	-885633	73	
San Pedro		21	179160	-879659	73	san pedro town
Abomey		22	71829	19912	47	
Abomey-Calavi		22	64485	23557	47	
Adjaouèrè	adjaouere	22	70023	26059	47	
Adjarra		22	65344	26683	47	
Allada		22	66655	21514	47	
Aplahoué	aplahoue	22	69333	16833	47	
Banigbé	banigbe	22	66476	27070	47	
Banikoara		22	112985	24386	47	
Bassila		22	90081	16654	47	
Bembèrèkè	bembereke	22	102283	26634	47	
Bohicon		22	71783	20667	47	
Boukoumbé	boukoumbe	22	101771	11062	47	
Cobly		22	104922	9997	47	
Comé	come	22	64076	18820	47	
Cotonou		22	63654	24183	47	
Cové	cove	22	72210	23402	47	
Dassa-Zoumè	dassa-zoume	22	77500	21833	47	
Djidja		22	73444	19345	47	
Djougou		22	97085	16660	47	
Dogbo		22	67991	17807	47	
Ekpé	ekpe	22	63921	25372	47	
Godomè	godome	22	63895	23458	47	
Kalalé	kalale	22	102928	33837	47	
Kandi		22	111342	29386	47	
Klouékanmè	klouekanme	22	69803	18422	47	
Kopargo		22	98411	15423	47	
Kouandé	kouande	22	64000	20667	47	
Kpozoun		22	72287	22132	47	
Kérou	kerou	22	108258	21048	47	
Kétou	ketou	22	73633	25998	47	
Lokossa		22	66387	17167	47	
Malanville		22	118682	33833	47	
Matéri	materi	22	106962	10631	47	
Missérété	misserete	22	65587	25906	47	
Natitingou		22	103042	13796	47	
Ndali		22	98636	27209	47	
Nikki		22	99401	32108	47	
Ouidah		22	63631	20851	47	
Parakou		22	93372	26303	47	
Pobé	pobe	22	69801	26649	47	
Porto-Novo		22	64965	26036	47	
Péhonko	pehonko	22	102275	20019	47	
Sakété	sakete	22	67362	26587	47	
Savalou		22	79281	19756	47	
Savé	save	22	80342	24866	47	
Semi		22	63667	26167	47	
Sinendé	sinende	22	103496	23791	47	
Sé	se	22	65112	18283	47	
Ségbana	segbana	22	109282	36943	47	
Tanguiéta	tanguieta	22	106212	12665	47	
Tchaourou		22	88865	25975	47	
Toviklin		22	68894	18372	47	
Hamilton		23	322949	-647830	241	
Phuntsholing		24	268516	893884	230	
Punākha	punakha	24	275914	898774	230	
Thimphu		24	274661	896419	230	
Tsirang		24	270219	901229	230	
Bermejo		25	-227321	-643372	111	
Camiri		25	-200406	-635240	111	
Caranavi		25	-158340	-675659	111	
Cobija		25	-110267	-687692	111	
Cochabamba		25	-173820	-661600	111	
Colcapirhua		25	-173857	-662381	111	
Guayaramerín	guayaramerin	25	-108258	-653581	111	
La Paz		25	-165000	-681500	111	
Llallagua		25	-184249	-665778	111	
Mizque		25	-179410	-653402	111	
Montero		25	-173387	-632509	111	
Oruro		25	-179715	-670932	111	
Potosí	potosi	25	-195836	-657531	111	
Quillacollo		25	-173923	-662784	111	
Riberalta		25	-110103	-660526	111	
Sacaba		25	-173980	-660382	111	
San Borja		25	-148520	-667495	111	
San Ignacio de Velasco		25	-163777	-609647	111	
Santa Cruz de la Sierra		25	-177863	-631812	111	
Sipe Sipe		25	-174542	-663574	111	
Sucre		25	-190333	-652627	111	
Tarija		25	-215355	-647296	111	
Tiquipaya		25	-173380	-662158	111	
Trinidad		25	-148322	-649034	111	la santisima trinidad
Tupiza		25	-214434	-657188	111	
Viacha		25	-166500	-683000	111	
Villamontes		25	-212624	-634690	111	
Villazón	villazon	25	-220866	-655942	111	
Vinto		25	-173914	-663168	111	
Warnes		25	-175163	-631678	111	
Yacuiba		25	-220164	-636775	111	
Kralendijk		26	121500	-682667	110	
Banja Luka		27	447784	171939	297	
Bihać	bihac	27	448169	158708	297	
Bijeljina		27	447587	192144	297	
Brčko	brcko	27	448700	188101	297	
Bugojno		27	440572	174508	297	
Cazin		27	449669	159431	297	
Doboj		27	447318	180870	297	
Ilidža	ilidza	27	438315	183070	297	
Lukavac		27	445424	185262	297	
Mostar		27	433433	178081	297	
Prijedor		27	449799	167140	297	
Sarajevo		27	438486	183564	297	
Travnik		27	442264	176658	297	
Trebinje		27	427120	183436	297	
Tuzla		27	445384	186671	297	
Zenica		27	442017	179040	297	
Bobonong		28	-219655	284362	22	
Francistown		28	-211700	275078	22	
Gaborone		28	-246545	259086	22	
Kanye		28	-249668	253327	22	
Letlhakane		28	-214149	255926	22	
Lobatse		28	-252244	256773	22	
Mahalapye		28	-231041	268142	22	
Maun		28	-199833	234167	22	
Mmopone		28	-245669	258742	22	
Mochudi		28	-244167	261500	22	
Mogoditshane		28	-246269	258656	22	
Molepolole		28	-244066	254951	22	
Mosopa		28	-247718	254216	22	
Palapye		28	-225460	271251	22	
Ramotswa		28	-248716	258699	22	
Selebi-Phikwe		28	-219790	278430	22	
Serowe		28	-223875	267108	22	
Thamaga		28	-246701	255398	22	
Tlokweng		28	-246686	259711	22	
Tonota		28	-214424	274615	22	
Abaetetuba, PA		29	-17181	-488825	72	
Abaeté, MG	abaete, mg	29	-191600	-454458	148	
Abreu e Lima, PE		29	-79117	-349028	142	
Acaraú, CE	acarau, ce	29	-28856	-401200	95	
Acará, PA	acara, pa	29	-19608	-481967	72	
Acopiara, CE		29	-60953	-394525	95	
Acreúna, GO	acreuna, go	29	-173956	-503769	148	
Adamantina, SP		29	-216853	-510725	148	
Afogados da Ingazeira, PE		29	-77508	-376392	142	
Afonso Cláudio, ES	afonso claudio, es	29	-200742	-411239	148	
Afuá, PA	afua, pa	29	-1567	-503867	72	
Agrestina, PE		29	-84581	-359447	142	
Agua Rasa, SP		29	-235668	-465719	148	
Aguaí, SP	aguai, sp	29	-220594	-469786	148	
Agudos, SP		29	-224692	-489875	148	
Aimorés, MG	aimores, mg	29	-194958	-410639	148	
Alagoa Grande, PB		29	-70416	-356270	95	
Alagoinhas, BA		29	-121356	-384192	70	
Alcobaça, BA	alcobaca, ba	29	-175194	-391956	70	
Aldeias Altas, MA		29	-46278	-434706	95	
Alegre, ES		29	-207636	-415331	148	
Alegrete, RS		29	-297831	-557919	148	
Alenquer, PA		29	-19417	-547383	145	
Alexânia, GO	alexania, go	29	-160822	-485072	148	
Alfenas, MG		29	-214292	-459472	148	
Alhandra, PB		29	-74386	-349144	95	
Aliança, PE	alianca, pe	29	-76033	-352308	142	
Almeirim, PA		29	-15233	-525817	145	
Almenara, MG		29	-161836	-406944	148	
Almirante Tamandaré, PR	almirante tamandare, pr	29	-253247	-493100	148	
Alta Floresta d'Oeste, RO		29	-119681	-619542	139	
Altamira, PA		29	-32033	-522064	145	
Altinho, PE		29	-84897	-360594	142	
Alto Alegre do Maranhão, MA	alto alegre do maranhao, ma	29	-42128	-444464	95	
Alto Alegre do Pindaré, MA	alto alegre do pindare, ma	29	-36707	-458475	95	
Alto De Pinheiros, SP		29	-235476	-467120	148	
Altos, PI		29	-50381	-424600	95	
Alvorada, RS		29	-300002	-510763	148	
Além Paraíba, MG	alem paraiba, mg	29	-218878	-427044	148	
Amambai		29	-231042	-552258	77	
Amarante do Maranhão, MA	amarante do maranhao, ma	29	-55667	-467422	95	
Amargosa, BA		29	-130303	-396047	70	
Americana, SP		29	-227392	-473314	148	
Amontada, CE		29	-33617	-398317	95	
Amparo, SP		29	-227011	-467644	148	
Amélia Rodrigues, BA	amelia rodrigues, ba	29	-123990	-387552	70	
Américo Brasiliense, SP	americo brasiliense, sp	29	-217244	-481017	148	
Anagé, BA	anage, ba	29	-146122	-411356	70	
Anajatuba, MA		29	-32644	-446197	95	
Anajás, PA	anajas, pa	29	-9867	-499400	72	
Ananindeua, PA		29	-13656	-483722	72	
Anapu, PA		29	-34722	-511978	72	
Anastácio	anastacio	29	-204836	-558069	77	
Anchieta, ES		29	-208058	-406456	148	
Andradas, MG		29	-220681	-465692	148	
Andradina, SP		29	-208961	-513794	148	
Angatuba, SP		29	-234897	-484128	148	
Angra dos Reis, RJ		29	-230067	-443181	148	
Anhanguera, SP		29	-234309	-467930	148	
Anápolis, GO	anapolis, go	29	-163267	-489528	148	
Aparecida de Goiânia, GO	aparecida de goiania, go	29	-168233	-492439	148	
Aparecida do Taboado		29	-200867	-510936	77	
Aparecida, SP		29	-228469	-452297	148	
Apiaí, SP	apiai, sp	29	-245094	-488425	148	
Apodi, RN		29	-56642	-377989	95	
Apucarana, PR		29	-235508	-514608	148	
Apuí, AM	apui, am	29	-71972	-598914	117	
Aquidauana		29	-204711	-557872	77	
Aquiraz, CE		29	-39014	-383911	95	
Aracaju, SE		29	-109111	-370717	115	
Aracati, CE		29	-45617	-377697	95	
Araci, BA		29	-113333	-389667	70	
Aracoiaba, CE		29	-43711	-388142	95	
Aracruz, ES		29	-198203	-402733	148	
Araguari, MG		29	-186472	-481872	148	
Araguatins, TO		29	-56508	-481112	55	
Araguaína, TO	araguaina, to	29	-71911	-482072	55	
Araioses, MA		29	-28900	-419031	95	
Arame, MA		29	-48858	-460050	95	
Arapiraca, AL		29	-97525	-366611	115	
Arapongas, PR		29	-234194	-514244	148	
Arapoti, PR		29	-241578	-498267	148	
Araquari, SC		29	-263700	-487222	148	
Araranguá, SC	ararangua, sc	29	-289358	-494954	148	
Araraquara, SP		29	-217944	-481756	148	
Araras, SP		29	-223569	-473842	148	
Arari, MA		29	-34536	-447800	95	
Araripina, PE		29	-75761	-404983	142	
Araruama, RJ		29	-228728	-423431	148	
Araucária, PR	araucaria, pr	29	-255931	-494103	148	
Araxá, MG	araxa, mg	29	-195933	-469406	148	
Araçariguama, SP	aracariguama, sp	29	-234386	-470614	148	
Araçatuba, SP	aracatuba, sp	29	-212089	-504328	148	
Araçoiaba da Serra, SP	aracoiaba da serra, sp	29	-235053	-476142	148	
Araçuaí, MG	aracuai, mg	29	-168497	-420703	148	
Arcos, MG		29	-202819	-455394	148	
Arcoverde, PE		29	-84189	-370539	142	
Areia Branca, RN		29	-49561	-371369	95	
Areia, PB		29	-69633	-356917	95	
Aricanduva, SP		29	-235738	-465156	148	
Aripuanã, MT	aripuana, mt	29	-101765	-594491	87	
Ariquemes, RO		29	-99133	-630408	139	
Armação dos Búzios, RJ	armacao dos buzios, rj	29	-227469	-418817	148	
Arraial do Cabo, RJ		29	-229661	-420278	148	
Arroio do Meio, RS		29	-294011	-519450	148	
Artur Alvim, SP		29	-235402	-464858	148	
Artur Nogueira, SP		29	-225731	-471725	148	
Arujá, SP	aruja, sp	29	-233961	-463208	148	
Assaré, CE	assare, ce	29	-68744	-398750	95	
Assis Chateaubriand, PR		29	-244200	-535214	148	
Assis, SP		29	-226617	-504122	148	
Atalaia, AL		29	-95019	-360228	115	
Atibaia, SP		29	-231169	-465503	148	
Augusto Corrêa, PA	augusto correa, pa	29	-10217	-466350	72	
Aurora do Pará, PA	aurora do para, pa	29	-21339	-475589	72	
Aurora, CE		29	-69425	-389675	95	
Autazes, AM		29	-35797	-591306	117	
Avaré, SP	avare, sp	29	-230986	-489258	148	
Açailândia, MA	acailandia, ma	29	-49467	-475047	95	
Açu, RN	acu, rn	29	-55767	-369086	95	
Bacabal, MA		29	-42325	-447816	95	
Bady Bassitt, SP		29	-209181	-494453	148	
Bagre, PA		29	-18997	-502082	72	
Bagé, RS	bage, rs	29	-313314	-541069	148	
Bairro Parque Nossa Senhora do Carmo, SP		29	-234060	-463161	148	
Bairro da Penha, SP		29	-233684	-463110	148	
Baixo Guandu, ES		29	-195189	-410158	148	
Baião, PA	baiao, pa	29	-27906	-496717	72	
Balneário Camboriú, SC	balneario camboriu, sc	29	-269906	-486347	148	
Balneário Piçarras, SC	balneario picarras, sc	29	-267639	-486717	148	
Balsas, MA		29	-75325	-460356	95	
Bambuí, MG	bambui, mg	29	-200064	-459769	148	
Bananeiras, PB		29	-67500	-356333	95	
Bandeirantes, PR		29	-231100	-503675	148	
Baraúna, RN	barauna, rn	29	-50800	-376167	95	
Barbacena, MG		29	-212258	-437736	148	
Barbalha, CE		29	-73111	-393042	95	
Barcarena, PA		29	-15058	-486258	72	
Bariri, SP		29	-220744	-487403	148	
Barra Bonita, SP		29	-224947	-485581	148	
Barra Funda, SP		29	-235212	-466741	148	
Barra Mansa, RJ		29	-225442	-441714	148	
Barra Velha, SC		29	-266322	-486847	148	
Barra da Estiva, BA		29	-136261	-413269	70	
Barra da Tijuca, RJ		29	-229983	-433654	148	
Barra de São Francisco, ES	barra de sao francisco, es	29	-187550	-408908	148	
Barra do Bugres, MT		29	-150725	-571811	87	
Barra do Choça, BA	barra do choca, ba	29	-148811	-405794	70	
Barra do Corda, MA		29	-55056	-452433	95	
Barra do Garças, MT	barra do garcas, mt	29	-158900	-522567	87	
Barra do Piraí, RJ	barra do pirai, rj	29	-224700	-438256	148	
Barra dos Coqueiros, SE		29	-109089	-370386	115	
Barra, BA		29	-110894	-431417	70	
Barras, PI		29	-42444	-422944	95	
Barreira, CE		29	-42869	-386431	95	
Barreiras, BA		29	-121528	-449900	70	
Barreirinha, AM		29	-27933	-570700	117	
Barreirinhas, MA		29	-27556	-428259	95	
Barreiros, PE		29	-88183	-351864	142	
Barretos, SP		29	-205572	-485678	148	
Barrinha, SP		29	-211936	-481639	148	
Barueri, SP		29	-235106	-468761	148	
Barão de Cocais, MG	barao de cocais, mg	29	-199458	-434872	148	
Bastos, SP		29	-219219	-507339	148	
Bataguassu		29	-217142	-524222	77	
Batalha, PI		29	-40250	-420750	95	
Batatais, SP		29	-208911	-475850	148	
Baturité, CE	baturite, ce	29	-43286	-388847	95	
Bauru, SP		29	-223147	-490606	148	
Bayeux, PB		29	-71250	-349322	95	
Bebedouro, SP		29	-209494	-484792	148	
Beberibe, CE		29	-41797	-381306	95	
Bela Cruz, CE		29	-30506	-401678	95	
Bela Vista		29	-221081	-565325	77	
Bela Vista de Goiás, GO	bela vista de goias, go	29	-169728	-489533	148	
Bela Vista, SP		29	-235609	-466476	148	
Belem, SP		29	-235376	-465948	148	
Belford Roxo, RJ		29	-227642	-433994	148	
Belo Horizonte, MG		29	-199208	-439378	148	
Belo Jardim, PE		29	-83356	-364242	142	
Belo Oriente, MG		29	-192200	-424836	148	
Belém, PA	belem, pa	29	-14558	-485044	72	
Belém, PB	belem, pb	29	-66917	-355333	95	
Benevides, PA		29	-13614	-482447	72	
Benjamin Constant, AM		29	-43755	-700318	93	
Bento Gonçalves, RS	bento goncalves, rs	29	-291714	-515192	148	
Bertioga, SP		29	-238544	-461386	148	
Beruri, AM		29	-38983	-613731	117	
Betim, MG		29	-199678	-441983	148	
Bezerros, PE		29	-82333	-357969	142	
Biguaçu, SC	biguacu, sc	29	-274942	-486556	148	
Birigui, SP		29	-212886	-503400	148	
Biritiba Mirim, SP		29	-235725	-460386	148	
Blumenau, SC		29	-269194	-490661	148	
Boa Esperança, MG	boa esperanca, mg	29	-210900	-455658	148	
Boa Viagem, CE		29	-51275	-397322	95	
Boa Vista, RR		29	28197	-606733	74	
Boca da Mata, AL		29	-96414	-362203	115	
Boca do Acre, AM		29	-87522	-673978	117	
Bocaiúva, MG	bocaiuva, mg	29	-171078	-438150	148	
Bodocó, PE	bodoco, pe	29	-77783	-399411	142	
Boituva, SP		29	-232833	-476722	148	
Bom Conselho, PE		29	-91697	-366797	142	
Bom Despacho, MG		29	-197364	-452522	148	
Bom Jardim, MA		29	-35428	-456085	95	
Bom Jardim, PE		29	-77958	-355872	142	
Bom Jardim, RJ		29	-221519	-424194	148	
Bom Jesus da Lapa, BA		29	-132550	-434181	70	
Bom Jesus das Selvas, MA		29	-44835	-468533	95	
Bom Jesus de Goiás, GO	bom jesus de goias, go	29	-182205	-497299	148	
Bom Jesus do Itabapoana, RJ		29	-211339	-416797	148	
Bom Jesus dos Perdões, SP	bom jesus dos perdoes, sp	29	-231350	-464653	148	
Bom Jesus, PI		29	-90744	-443586	95	
Bom Retiro, SP		29	-235251	-466389	148	
Bombinhas, SC		29	-271518	-484894	148	
Bonito		29	-211211	-564819	77	
Bonito, PE		29	-84703	-357286	142	
Boquim, SE		29	-111469	-376206	115	
Borba, AM		29	-43914	-595886	117	
Bosque Saúde, SP	bosque saude, sp	29	-236093	-466230	148	
Botucatu, SP		29	-228858	-484450	148	
Bragança Paulista, SP	braganca paulista, sp	29	-229527	-465442	148	
Bragança, PA	braganca, pa	29	-10536	-467656	72	
Brasil Novo, PA		29	-33071	-525386	145	
Brasilandia, SP		29	-234486	-466884	148	
Brasiléia, AC	brasileia, ac	29	-110161	-687481	144	
Brasília de Minas, MG	brasilia de minas, mg	29	-162064	-444333	148	
Brasília, DF	brasilia, df	29	-157797	-479297	148	
Brazlândia, DF	brazlandia, df	29	-156794	-481967	148	
Braço do Norte, SC	braco do norte, sc	29	-282750	-491656	148	
Brejo Santo, CE		29	-74933	-389872	95	
Brejo da Madre de Deus, PE		29	-81458	-363711	142	
Brejo, MA		29	-36844	-427503	95	
Breu Branco, PA		29	-40009	-495068	72	
Breves, PA		29	-16822	-504803	72	
Brodowski, SP		29	-209914	-476586	148	
Brotas, SP		29	-222842	-481267	148	
Brumadinho, MG		29	-201433	-441997	148	
Brumado, BA		29	-142036	-416653	70	
Brusque, SC		29	-270980	-489128	148	
Brás, SP	bras, sp	29	-235500	-466167	148	
Bujaru, PA		29	-15150	-480447	72	
Buriti Bravo, MA		29	-58372	-438336	95	
Buriti, MA		29	-39422	-429250	95	
Buriticupu, MA		29	-43212	-464547	95	
Buritis, MG		29	-156178	-464233	148	
Buritis, RO		29	-102117	-638286	139	
Buritizeiro, MG		29	-173511	-449622	148	
Butanta, SP		29	-235702	-467263	148	
Buíque, PE	buique, pe	29	-86231	-371558	142	
Caaporã, PB	caapora, pb	29	-75156	-349083	95	
Caarapó	caarapo	29	-226342	-548222	77	
Cabedelo, PB		29	-69811	-348339	95	
Cabo Frio, RJ		29	-228872	-420262	148	
Cabo de Santo Agostinho, PE		29	-82877	-350292	142	
Cabreúva, SP	cabreuva, sp	29	-233075	-471328	148	
Cabrobó, PE	cabrobo, pe	29	-85142	-393100	142	
Cachoeira Paulista, SP		29	-226650	-450094	148	
Cachoeira do Arari, PA		29	-10114	-489633	72	
Cachoeira do Sul, RS		29	-300392	-528939	148	
Cachoeira, BA		29	-126014	-389658	70	
Cachoeiras de Macacu, RJ		29	-224625	-426531	148	
Cachoeirinha, RS		29	-299511	-510939	148	
Cachoeirinha, SP		29	-234544	-466621	148	
Cachoeiro de Itapemirim, ES		29	-208489	-411128	148	
Cacoal, RO		29	-114386	-614472	139	
Caculé, BA	cacule, ba	29	-145033	-422222	70	
Caetité, BA	caetite, ba	29	-140694	-424750	70	
Caeté, MG	caete, mg	29	-198800	-436697	148	
Caetés, PE	caetes, pe	29	-87731	-366225	142	
Caicó, RN	caico, rn	29	-64583	-370978	95	
Caieiras, SP		29	-233642	-467406	148	
Cajamar, SP		29	-233561	-468769	148	
Cajati, SP		29	-247361	-481228	148	
Cajazeiras, PB		29	-68903	-385553	95	
Cajuru, SP		29	-212753	-473042	148	
Caldas Novas, GO		29	-177443	-486279	148	
Camacan, BA		29	-154192	-394958	70	
Camamu, BA		29	-139470	-391026	70	
Camanducaia, MG		29	-227553	-461447	148	
Camaquã, RS	camaqua, rs	29	-308511	-518122	148	
Camaragibe, PE		29	-80217	-349811	142	
Camaçari, BA	camacari, ba	29	-126975	-383242	70	
Cambará, PR	cambara, pr	29	-230464	-500736	148	
Camboriú, SC	camboriu, sc	29	-270253	-486544	148	
Cambuci, SP		29	-235644	-466170	148	
Cambuí, MG	cambui, mg	29	-226122	-460575	148	
Cambé, PR	cambe, pr	29	-232758	-512783	148	
Cametá, PA	cameta, pa	29	-22444	-494958	72	
Camocim, CE		29	-29022	-408411	95	
Campina Grande do Sul, PR		29	-253056	-490553	148	
Campina Grande, PB		29	-72306	-358811	95	
Campinas, SP		29	-229056	-470608	148	
Campo Alegre de Lourdes, BA		29	-95173	-430103	70	
Campo Alegre, AL		29	-97819	-363508	115	
Campo Belo, MG		29	-208972	-452772	148	
Campo Belo, SP		29	-236281	-466679	148	
Campo Bom, RS		29	-296789	-510533	148	
Campo Formoso, BA		29	-105075	-403214	70	
Campo Grande		29	-204428	-546464	77	
Campo Grande, SP		29	-236746	-466875	148	
Campo Largo, PR		29	-254596	-495301	148	
Campo Limpo Paulista, SP		29	-232055	-467838	148	
Campo Limpo, SP		29	-236363	-467656	148	
Campo Magro, PR		29	-253686	-494514	148	
Campo Maior, PI		29	-48278	-421686	95	
Campo Mourão, PR	campo mourao, pr	29	-240431	-523793	148	
Campo Novo do Parecis, MT		29	-136753	-578919	87	
Campo Verde		29	-204167	-540667	77	
Campo Verde, MT		29	-155467	-551689	87	
Campos Gerais, MG		29	-212350	-457586	148	
Campos Novos, SC		29	-274017	-512250	148	
Campos Sales, CE		29	-70744	-403761	95	
Campos do Jordão, SP	campos do jordao, sp	29	-227394	-455914	148	
Campos dos Goytacazes, RJ		29	-217523	-413304	148	
Canarana, BA		29	-116847	-417689	70	
Canarana, MT		29	-135522	-522683	87	
Canavieiras, BA		29	-156750	-389472	70	
Canaã dos Carajás, PA	canaa dos carajas, pa	29	-65239	-498517	72	
Candeias do Jamari, RO		29	-88097	-636956	139	
Candeias, BA		29	-126678	-385506	70	
Candelária, RS	candelaria, rs	29	-296692	-527889	148	
Canela, RS		29	-293562	-508136	148	
Cangaiba, SP		29	-234970	-465204	148	
Canguaretama, RN		29	-63800	-351289	95	
Canguçu, RS	cangucu, rs	29	-313950	-526756	148	
Canhotinho, PE		29	-88822	-361911	142	
Canindé de São Francisco, SE	caninde de sao francisco, se	29	-96600	-377894	115	
Canindé, CE	caninde, ce	29	-43589	-393117	95	
Canoas, RS		29	-299178	-511836	148	
Canoinhas, SC		29	-261772	-503900	148	
Cansanção, BA	cansancao, ba	29	-106672	-394992	70	
Cantanhede, MA		29	-36333	-443767	95	
Capanema, PA		29	-11958	-471808	72	
Capao Redondo, SP		29	-236688	-467805	148	
Capela do Alto, SP		29	-234706	-477347	148	
Capela, SE		29	-105033	-370528	115	
Capelinha, MG		29	-176914	-425158	148	
Capim Grosso, BA		29	-113811	-400128	70	
Capinzal, SC		29	-273436	-516119	148	
Capitão Poço, PA	capitao poco, pa	29	-17464	-470594	72	
Capivari de Baixo, SC		29	-284447	-489578	148	
Capivari, SP		29	-229950	-475078	148	
Capão Bonito, SP	capao bonito, sp	29	-240058	-483494	148	
Capão da Canoa, RS	capao da canoa, rs	29	-297456	-500097	148	
Capão do Leão, RS	capao do leao, rs	29	-317633	-524839	148	
Caraguatatuba, SP		29	-236203	-454131	148	
Carandaí, MG	carandai, mg	29	-209536	-438064	148	
Carangola, MG		29	-207331	-420294	148	
Carapicuíba, SP	carapicuiba, sp	29	-235227	-468350	148	
Caratinga, MG		29	-197897	-421392	148	
Carauari, AM		29	-48828	-668958	117	
Carazinho, RS		29	-282839	-527864	148	
Careiro, AM		29	-37681	-603692	117	
Cariacica, ES		29	-202639	-404200	148	
Carinhanha, BA		29	-143047	-437650	70	
Caririaçu, CE	caririacu, ce	29	-70422	-392836	95	
Carlos Barbosa, RS		29	-292975	-515036	148	
Carmo do Cajuru, MG		29	-201842	-447711	148	
Carmo do Paranaíba, MG	carmo do paranaiba, mg	29	-190008	-463161	148	
Carolina, MA		29	-73356	-474622	95	
Carpina, PE		29	-78508	-352547	142	
Carrao, SP		29	-235511	-465383	148	
Caruaru, PE		29	-82833	-359761	142	
Carutapera, MA		29	-12074	-460236	95	
Casa Branca, SP		29	-217739	-470864	148	
Casa Nova, BA		29	-91742	-409751	70	
Casa Verde, SP		29	-235010	-466574	148	
Cascavel, CE		29	-41331	-382419	95	
Cascavel, PR		29	-249558	-534553	148	
Casimiro de Abreu, RJ		29	-224806	-422042	148	
Castanhal, PA		29	-12939	-479264	72	
Castelo, ES		29	-206036	-411847	148	
Castro Alves, BA		29	-127656	-394283	70	
Castro, PR		29	-247893	-500122	148	
Cataguases, MG		29	-213892	-426967	148	
Catalão, GO	catalao, go	29	-181658	-479464	148	
Catanduva, SP		29	-211378	-489728	148	
Catende, PE		29	-86667	-357167	142	
Catete, RJ		29	-229254	-431814	148	
Catolé do Rocha, PB	catole do rocha, pb	29	-63439	-377467	95	
Catu, BA		29	-123531	-383789	70	
Caucaia, CE		29	-37361	-386531	95	
Caxias do Sul, RS		29	-291681	-511794	148	
Caxias, MA		29	-48589	-433561	95	
Caçador, SC	cacador, sc	29	-267753	-510150	148	
Caçapava do Sul, RS	cacapava do sul, rs	29	-305144	-534850	148	
Caçapava, SP	cacapava, sp	29	-231008	-457069	148	
Ceará-Mirim, RN	ceara-mirim, rn	29	-56344	-354256	95	
Cedro, CE		29	-66067	-390622	95	
Ceilândia, DF	ceilandia, df	29	-158091	-481310	148	
Ceres, GO		29	-153083	-495983	148	
Cerqueira César, SP	cerqueira cesar, sp	29	-230356	-491661	148	
Cerquilho, SP		29	-231650	-477436	148	
Chapadinha, MA		29	-37417	-433603	95	
Chapadão do Sul	chapadao do sul	29	-187942	-526228	77	
Chapecó, SC	chapeco, sc	29	-270964	-526183	148	
Charqueadas, RS		29	-299547	-516253	148	
Chã Grande, PE	cha grande, pe	29	-82383	-354617	142	
Cianorte, PR		29	-236633	-526050	148	
Cidade Ademar, SP		29	-236738	-466568	148	
Cidade Dutra, SP		29	-237258	-467024	148	
Cidade Lider, SP		29	-235620	-464913	148	
Cidade Ocidental, GO		29	-161097	-479326	148	
Cidade Tiradentes, SP		29	-235848	-464008	148	
Cláudio, MG	claudio, mg	29	-204433	-447658	148	
Coari, AM		29	-40850	-631414	117	
Cocal, PI		29	-34719	-415575	95	
Cocalzinho de Goiás, GO	cocalzinho de goias, go	29	-157944	-487758	148	
Codajás, AM	codajas, am	29	-38367	-620569	117	
Codó, MA	codo, ma	29	-44553	-438856	95	
Coelho Neto, MA		29	-42567	-430128	95	
Colatina, ES		29	-195394	-406306	148	
Colinas do Tocantins, TO		29	-80592	-484750	55	
Colinas, MA		29	-60258	-442492	95	
Colniza, MT		29	-94092	-590250	87	
Colombo, PR		29	-252917	-492242	148	
Colíder, MT	colider, mt	29	-108178	-554508	87	
Conceição da Barra, ES	conceicao da barra, es	29	-185933	-397322	148	
Conceição das Alagoas, MG	conceicao das alagoas, mg	29	-199147	-483883	148	
Conceição de Macabu, RJ	conceicao de macabu, rj	29	-220853	-418683	148	
Conceição do Araguaia, PA	conceicao do araguaia, pa	29	-82644	-492698	72	
Conceição do Coité, BA	conceicao do coite, ba	29	-115639	-392828	70	
Conceição do Jacuípe, BA	conceicao do jacuipe, ba	29	-123167	-387667	70	
Conceição do Mato Dentro, MG	conceicao do mato dentro, mg	29	-190372	-434250	148	
Conchal, SP		29	-223303	-471725	148	
Concórdia do Pará, PA	concordia do para, pa	29	-20017	-479497	72	
Concórdia, SC	concordia, sc	29	-272342	-520278	148	
Condado, PE		29	-75858	-351058	142	
Conde, BA		29	-118136	-376106	70	
Conde, PB		29	-72597	-349075	95	
Confresa, MT		29	-106439	-515689	87	
Congonhas, MG		29	-205052	-438588	148	
Conselheiro Lafaiete, MG		29	-206603	-437861	148	
Consolação, SP	consolacao, sp	29	-235524	-466574	148	
Contagem, MG		29	-199317	-440536	148	
Coração de Jesus, MG	coracao de jesus, mg	29	-166853	-443650	148	
Coração de Maria, BA	coracao de maria, ba	29	-122333	-387500	70	
Cordeiro, RJ		29	-220286	-423608	148	
Cordeirópolis, SP	cordeiropolis, sp	29	-224819	-474567	148	
Corinto, MG		29	-183808	-444564	148	
Cornélio Procópio, PR	cornelio procopio, pr	29	-231811	-506467	148	
Coroatá, MA	coroata, ma	29	-41300	-441242	95	
Coromandel, MG		29	-184733	-472003	148	
Coronel Fabriciano, MG		29	-195186	-426289	148	
Corrente, PI		29	-104433	-451622	95	
Correntina, BA		29	-133433	-446367	70	
Corumbá	corumba	29	-190092	-576533	77	
Coruripe, AL		29	-101256	-361756	115	
Cosmópolis, SP	cosmopolis, sp	29	-226458	-471961	148	
Costa Rica		29	-185439	-531292	77	
Cotia, SP		29	-236039	-469192	148	
Coxim		29	-185067	-547600	77	
Crateús, CE	crateus, ce	29	-51777	-406695	95	
Crato, CE		29	-72342	-394094	95	
Cravinhos, SP		29	-213403	-477294	148	
Craíbas, AL	craibas, al	29	-96181	-367681	115	
Criciúma, SC	criciuma, sc	29	-286775	-493697	148	
Cristalina, GO		29	-167677	-476153	148	
Cruz Alta, RS		29	-286440	-536063	148	
Cruz das Almas, BA		29	-126700	-391019	70	
Cruzeiro do Sul, AC		29	-76276	-726776	144	
Cruzeiro, SP		29	-225732	-449711	148	
Cruziero, DF		29	-157907	-479371	148	
Cubatão, SP	cubatao, sp	29	-238950	-464253	148	
Cuiabá, MT	cuiaba, mt	29	-155961	-560967	87	
Cunha, SP		29	-230744	-449597	148	
Cupira, PE		29	-86167	-359500	142	
Curaçá, BA	curaca, ba	29	-89903	-399094	70	
Curitiba, PR		29	-254278	-492731	148	
Curitibanos, SC		29	-272828	-505844	148	
Currais Novos, RN		29	-62608	-365178	95	
Curralinho, PA		29	-18136	-497953	72	
Cursino, SP		29	-236314	-466207	148	
Cururupu, MA		29	-18283	-448683	95	
Curuçá, PA	curuca, pa	29	-7289	-478481	72	
Curvelo, MG		29	-187564	-444308	148	
Custódia, PE	custodia, pe	29	-80875	-376431	142	
Cáceres, MT	caceres, mt	29	-160706	-576789	87	
Cândido Mota, SP	candido mota, sp	29	-227464	-503869	148	
Cândido Sales, BA	candido sales, ba	29	-155050	-412392	70	
Cícero Dantas, BA	cicero dantas, ba	29	-106000	-383833	70	
Delmiro Gouveia, AL		29	-93886	-379992	115	
Descalvado, SP		29	-219039	-476194	148	
Diadema, SP		29	-236861	-466228	148	
Diamantina, MG		29	-182469	-436034	148	
Diamantino, MT		29	-144086	-564461	87	
Dias d'Ávila, BA	dias d'avila, ba	29	-126125	-382969	70	
Divinópolis, MG	divinopolis, mg	29	-201436	-448906	148	
Dois Córregos, SP	dois corregos, sp	29	-223661	-483803	148	
Dois Irmãos, RS	dois irmaos, rs	29	-295803	-510853	148	
Dois Vizinhos, PR		29	-257336	-530572	148	
Dom Eliseu, PA		29	-42850	-475050	72	
Dom Pedrito, RS		29	-309828	-546731	148	
Dom Pedro, MA		29	-50382	-444375	95	
Domingos Martins, ES		29	-203633	-406592	148	
Dourados		29	-222211	-548056	77	
Dracena, SP		29	-214825	-515328	148	
Duque de Caxias, RJ		29	-227856	-433117	148	
Ecoporanga, ES		29	-183733	-408306	148	
Eirunepé, AM	eirunepe, am	29	-66603	-698736	93	
Eldorado do Sul, RS		29	-300839	-516161	148	
Eldorado dos Carajás, PA	eldorado dos carajas, pa	29	-61042	-493553	72	
Elói Mendes, MG	eloi mendes, mg	29	-216100	-455653	148	
Embu das Artes, SP		29	-236489	-468522	148	
Embu-Guaçu, SP	embu-guacu, sp	29	-238322	-468114	148	
Encantado, RS		29	-292361	-518697	148	
Encruzilhada do Sul, RS		29	-305439	-525219	148	
Entre Rios, BA		29	-119419	-380844	70	
Erechim, RS		29	-276346	-522754	148	
Ermelino Matarazzo, SP		29	-234947	-464739	148	
Escada, PE		29	-83592	-352236	142	
Esmeraldas, MG		29	-197625	-443139	148	
Espera Feliz, MG		29	-206503	-419072	148	
Esperantina, PI		29	-39017	-422336	95	
Esperança, PB	esperanca, pb	29	-70331	-358572	95	
Espigão dOeste, RO	espigao doeste, ro	29	-115247	-610128	139	
Espinosa, MG		29	-149261	-428192	148	
Esplanada, BA		29	-117961	-379450	70	
Espírito Santo do Pinhal, SP	espirito santo do pinhal, sp	29	-221959	-467488	148	
Esteio, RS		29	-298614	-511792	148	
Estreito, MA		29	-65557	-474415	95	
Estrela, RS		29	-295019	-519664	148	
Estrela, RS		29	-280611	-509383	148	
Estácio, RJ	estacio, rj	29	-229182	-432040	148	
Estância Velha, RS	estancia velha, rs	29	-296483	-511739	148	
Estância, SE	estancia, se	29	-112683	-374383	115	
Euclides da Cunha, BA		29	-105075	-390158	70	
Eunápolis, BA	eunapolis, ba	29	-163775	-395803	70	
Eusébio, CE	eusebio, ce	29	-38900	-384506	95	
Extrema, MG		29	-228547	-463183	148	
Extremoz, RN		29	-57056	-353072	95	
Exu, PE		29	-75119	-397242	142	
Farroupilha, RS		29	-292250	-513478	148	
Fazenda Rio Grande, PR		29	-256575	-493081	148	
Feijó, AC	feijo, ac	29	-81654	-703549	144	
Feira Grande, AL		29	-99003	-366775	115	
Feira Nova, PE		29	-79508	-353892	142	
Feira de Santana, BA		29	-122667	-389667	70	
Fernandópolis, SP	fernandopolis, sp	29	-202839	-502464	148	
Ferraz de Vasconcelos, SP		29	-235408	-463686	148	
Flores da Cunha, RS		29	-290289	-511817	148	
Floresta, PE		29	-86011	-385686	142	
Floriano, PI		29	-67669	-430225	95	
Florianópolis, SC	florianopolis, sc	29	-275967	-485492	148	
Formiga, MG		29	-204644	-454264	148	
Formosa do Rio Preto, BA		29	-110483	-451931	70	
Formosa, GO		29	-155372	-473344	148	
Forquilha, CE		29	-37983	-402606	95	
Forquilhinha, SC		29	-287475	-494722	148	
Fortaleza, CE		29	-37172	-385431	95	
Foz do Iguaçu, PR	foz do iguacu, pr	29	-255478	-545881	148	
Fraiburgo, SC		29	-270261	-509214	148	
Franca, SP		29	-205386	-474008	148	
Francisco Beltrão, PR	francisco beltrao, pr	29	-260811	-530550	148	
Francisco Morato, SP		29	-232817	-467453	148	
Francisco Sá, MG	francisco sa, mg	29	-164758	-434883	148	
Franco da Rocha, SP		29	-233217	-467269	148	
Frederico Westphalen, RS		29	-273592	-533944	148	
Freguesia do Ó, SP	freguesia do o, sp	29	-234988	-466998	148	
Frutal, MG		29	-200247	-489406	148	
Gama, DF		29	-160251	-480712	148	
Gandu, BA		29	-137439	-394867	70	
Garanhuns, PE		29	-88820	-365022	142	
Garibaldi, RS		29	-292561	-515336	148	
Garopaba, SC		29	-280233	-486133	148	
Garrafão do Norte, PA	garrafao do norte, pa	29	-19342	-470525	72	
Garça, SP	garca, sp	29	-222106	-496561	148	
Gaspar, SC		29	-269314	-489589	148	
Girau do Ponciano, AL		29	-98842	-368289	115	
Glória do Goitá, PE	gloria do goita, pe	29	-80017	-352928	142	
Goiana, PE		29	-75606	-350025	142	
Goianinha, RN		29	-62662	-352097	95	
Goianira, GO		29	-164961	-494264	148	
Goianésia do Pará, PA	goianesia do para, pa	29	-38425	-490969	72	
Goianésia, GO	goianesia, go	29	-153175	-491175	148	
Goiatuba, GO		29	-180125	-493547	148	
Goiás, GO	goias, go	29	-159344	-501403	148	
Goiânia, GO	goiania, go	29	-166786	-492539	148	
Governador Nunes Freire, MA		29	-21258	-458853	95	
Governador Valadares, MG		29	-188511	-419494	148	
Grajaú, MA	grajau, ma	29	-58194	-461386	95	
Grajaú, SP	grajau, sp	29	-237698	-466711	148	
Granja, CE		29	-31203	-408261	95	
Gravataí, RS	gravatai, rs	29	-299422	-509928	148	
Gravatá, PE	gravata, pe	29	-82011	-355647	142	
Guabiruba, SC		29	-270860	-489676	148	
Guaianases, SP		29	-235433	-464108	148	
Guaiúba, CE	guaiuba, ce	29	-40397	-386372	95	
Guajará Mirim, RO	guajara mirim, ro	29	-107836	-653355	139	guajara-mirim
Guanambi, BA		29	-142233	-427814	70	
Guanhães, MG	guanhaes, mg	29	-187750	-429325	148	
Guapiaçu, SP	guapiacu, sp	29	-207950	-492203	148	
Guapimirim, RJ		29	-225372	-429819	148	
Guaporé, RS	guapore, rs	29	-288456	-518903	148	
Guarabira, PB		29	-68547	-354900	95	
Guaraciaba do Norte, CE		29	-41669	-407475	95	
Guaramirim, SC		29	-264731	-490028	148	
Guarantã do Norte, MT	guaranta do norte, mt	29	-99505	-549082	87	
Guarapari, ES		29	-206718	-405020	148	
Guarapuava, PR		29	-253905	-514654	148	
Guararapes, SP		29	-212608	-506428	148	
Guararema, SP		29	-234150	-460350	148	
Guaratinguetá, SP	guaratingueta, sp	29	-228164	-451925	148	
Guaratuba, PR		29	-258828	-485747	148	
Guaraí, TO	guarai, to	29	-88342	-485103	55	
Guariba, SP		29	-213600	-482283	148	
Guarujá, SP	guaruja, sp	29	-239931	-462564	148	
Guarulhos, SP		29	-234628	-465333	148	
Guará, DF	guara, df	29	-158098	-479720	148	
Guaxupé, MG	guaxupe, mg	29	-213053	-467128	148	
Guaçuí, ES	guacui, es	29	-207756	-416794	148	
Guaíba, RS	guaiba, rs	29	-301139	-513250	148	
Guaíra, SP	guaira, sp	29	-203183	-483106	148	
Gurupi, TO		29	-117292	-490686	55	
Gurupá, PA	gurupa, pa	29	-14050	-516400	72	
Herval dOeste, SC		29	-271936	-514947	148	herval d'oeste
Hidrolândia, GO	hidrolandia, go	29	-169622	-492281	148	
Horizonte, CE		29	-40980	-384860	95	
Hortolândia, SP	hortolandia, sp	29	-228583	-472200	148	
Humaitá, AM	humaita, am	29	-75165	-630310	117	
Humberto de Campos, MA		29	-25983	-434611	95	
Iaçu, BA	iacu, ba	29	-127672	-402117	70	
Ibaiti, PR		29	-238486	-501878	148	
Ibatiba, ES		29	-202339	-415106	148	
Ibaté, SP	ibate, sp	29	-219547	-479967	148	
Ibiapina, CE		29	-39233	-408894	95	
Ibicaraí, BA	ibicarai, ba	29	-148650	-395875	70	
Ibimirim, PE		29	-85406	-376903	142	
Ibiporã, PR	ibipora, pr	29	-232692	-510481	148	
Ibirapitanga, BA		29	-141642	-393736	70	
Ibirité, MG	ibirite, mg	29	-200219	-440589	148	
Ibirubá, RS	ibiruba, rs	29	-286275	-530897	148	
Ibitinga, SP		29	-217578	-488289	148	
Ibiá, MG	ibia, mg	29	-194783	-465389	148	
Ibiúna, SP	ibiuna, sp	29	-236564	-472225	148	
Ibotirama, BA		29	-121853	-432206	70	
Icapuí, CE	icapui, ce	29	-47131	-373553	95	
Icatu, MA		29	-27758	-440658	95	
Icó, CE	ico, ce	29	-64011	-388622	95	
Igaci, AL		29	-95369	-366336	115	
Igarapava, SP		29	-200383	-477469	148	
Igarapé Miri, PA	igarape miri, pa	29	-19750	-489597	72	
Igarapé, MG	igarape, mg	29	-200703	-443017	148	
Igarapé-Açu, PA	igarape-acu, pa	29	-11289	-476200	72	
Igarassu, PE		29	-78342	-349064	142	
Igaraçu do Tietê, SP	igaracu do tiete, sp	29	-225092	-485578	148	
Igreja Nova, AL		29	-101253	-366619	115	
Igrejinha, RS		29	-295744	-507903	148	
Iguaba Grande, RJ		29	-228392	-422289	148	
Iguape, SP		29	-247081	-475553	148	
Iguatemi, SP		29	-236128	-464267	148	
Iguatu, CE		29	-63594	-392986	95	
Iguaí, BA	iguai, ba	29	-147564	-400892	70	
Ijuí, RS	ijui, rs	29	-283878	-539147	148	
Ilha Solteira, SP		29	-204328	-513425	148	
Ilha de Itamaracá, PE	ilha de itamaraca, pe	29	-77478	-348256	142	
Ilhabela, SP		29	-237781	-453581	148	
Ilhéus, BA	ilheus, ba	29	-147991	-390323	70	
Imbituba, SC		29	-282400	-486703	148	
Imbituva, PR		29	-252300	-506044	148	
Imbé, RS	imbe, rs	29	-299753	-501281	148	
Imperatriz, MA		29	-55264	-474917	95	
Inajá, PE	inaja, pe	29	-89017	-378239	142	
Indaial, SC		29	-268978	-492317	148	
Indaiatuba, SP		29	-230884	-472119	148	
Independência, CE	independencia, ce	29	-53964	-403086	95	
Inhambupe, BA		29	-117844	-383531	70	
Inhapim, MG		29	-195492	-421200	148	
Inhumas, GO		29	-163578	-494961	148	
Ipameri, GO		29	-177219	-481597	148	
Ipanema, RJ		29	-229844	-432028	148	
Ipatinga, MG		29	-194683	-425367	148	
Iperó, SP	ipero, sp	29	-233503	-476886	148	
Ipiaú, BA	ipiau, ba	29	-141345	-397395	70	
Ipiranga, SP		29	-235996	-466160	148	
Ipirá, BA	ipira, ba	29	-121583	-397372	70	
Ipixuna do Pará, PA	ipixuna do para, pa	29	-25578	-474950	72	
Ipixuna, AM		29	-70506	-716947	93	
Ipojuca, PE		29	-83989	-350639	142	
Iporá, GO	ipora, go	29	-164419	-511178	148	
Ipu, CE		29	-43222	-407108	95	
Ipubi, PE		29	-76519	-401489	142	
Ipueiras, CE		29	-45417	-407189	95	
Iracemápolis, SP	iracemapolis, sp	29	-225806	-475186	148	
Iranduba, AM		29	-32847	-601861	117	
Iraquara, BA		29	-122486	-416194	70	
Irará, BA	irara, ba	29	-120500	-387667	70	
Irati, PR		29	-254672	-506511	148	
Irauçuba, CE	iraucuba, ce	29	-37461	-397833	95	
Irecê, BA	irece, ba	29	-113042	-418558	70	
Irituia, PA		29	-17711	-474381	72	
Itabaiana, PB		29	-73286	-353325	95	
Itabaiana, SE		29	-106850	-374253	115	
Itabaianinha, SE		29	-112739	-377900	115	
Itabela, BA		29	-165750	-395533	70	
Itaberaba, BA		29	-125275	-403069	70	
Itaberaí, GO	itaberai, go	29	-160203	-498103	148	
Itabira, MG		29	-196192	-432269	148	
Itabirito, MG		29	-202533	-438014	148	
Itaboraí, RJ	itaborai, rj	29	-227444	-428594	148	
Itabuna, BA		29	-147856	-392803	70	
Itacaré, BA	itacare, ba	29	-142789	-389958	70	
Itacoatiara, AM		29	-31431	-584442	117	
Itaguaí, RJ	itaguai, rj	29	-228522	-437753	148	
Itaim Bibi, SP		29	-235858	-466824	148	
Itaim Paulista, SP		29	-235031	-463857	148	
Itaitinga, CE		29	-39694	-385281	95	
Itaituba, PA		29	-42761	-559836	145	
Itaiópolis, SC	itaiopolis, sc	29	-263364	-499064	148	
Itajaí, SC	itajai, sc	29	-269078	-486619	148	
Itajubá, MG	itajuba, mg	29	-224256	-454528	148	
Itamaraju, BA		29	-170392	-395311	70	
Itamarandiba, MG		29	-178572	-428589	148	
Itambé, BA	itambe, ba	29	-152450	-406244	70	
Itambé, PE	itambe, pe	29	-74103	-351128	142	
Itanhaém, SP	itanhaem, sp	29	-241831	-467889	148	
Itaocara, RJ		29	-216692	-420761	148	
Itapagé, CE	itapage, ce	29	-36867	-395861	95	itapaje
Itapecerica da Serra, SP		29	-237169	-468492	148	
Itapecuru Mirim, MA		29	-33925	-443586	95	
Itapema, SC		29	-270903	-486114	148	
Itapemirim, ES		29	-210111	-408339	148	
Itaperuna, RJ		29	-212050	-418878	148	
Itaperuçu, PR	itaperucu, pr	29	-252200	-493478	148	
Itapetinga, BA		29	-152489	-402478	70	
Itapetininga, SP		29	-235917	-480531	148	
Itapeva, SP		29	-239822	-488756	148	
Itapevi, SP		29	-235489	-469342	148	
Itapicuru, BA		29	-113167	-382333	70	
Itapipoca, CE		29	-34944	-395786	95	
Itapira, SP		29	-224361	-468217	148	
Itapissuma, PE		29	-77764	-348922	142	
Itaporanga d'Ajuda, SE		29	-109981	-373106	115	
Itaporanga, PB		29	-73044	-381503	95	
Itaporã	itapora	29	-220789	-547894	77	
Itapoá, SC	itapoa, sc	29	-261169	-486161	148	
Itapoã, DF	itapoa, df	29	-157494	-477686	148	
Itapuranga, GO		29	-155622	-499486	148	
Itaquaquecetuba, SP		29	-234861	-463483	148	
Itaquera, SP		29	-235319	-464442	148	
Itaqui, RS		29	-291253	-565531	148	
Itararé, SP	itarare, sp	29	-241125	-493317	148	
Itarema, CE		29	-29203	-399150	95	
Itatiaia, RJ		29	-224961	-445633	148	
Itatiba, SP		29	-230058	-468389	148	
Itaí, SP	itai, sp	29	-234178	-490906	148	
Itaíba, PE	itaiba, pe	29	-89475	-374228	142	
Itaúna, MG	itauna, mg	29	-200753	-445764	148	
Itinga do Maranhão, MA	itinga do maranhao, ma	29	-44497	-475256	95	
Itiúba, BA	itiuba, ba	29	-106917	-398536	70	
Itu, SP		29	-232642	-472992	148	
Ituberá, BA	itubera, ba	29	-137354	-391478	70	
Ituiutaba, MG		29	-189743	-494621	148	
Itumbiara, GO		29	-184192	-492153	148	
Itupiranga, PA		29	-51347	-493267	72	
Ituporanga, SC		29	-274144	-496025	148	
Iturama, MG		29	-197281	-501956	148	
Ituverava, SP		29	-203394	-477806	148	
Itápolis, SP	itapolis, sp	29	-215956	-488128	148	
Ivaiporã, PR	ivaipora, pr	29	-242478	-516847	148	
Ivoti, RS		29	-295911	-511606	148	
Içara, SC	icara, sc	29	-287133	-493000	148	
Iúna, ES	iuna, es	29	-203458	-415358	148	
Jabaquara, SP		29	-236506	-466459	148	
Jaboatão dos Guararapes, PE	jaboatao dos guararapes, pe	29	-81128	-350147	142	
Jaboatão, PE	jaboatao, pe	29	-81803	-350014	142	
Jaboticabal, SP		29	-212547	-483222	148	
Jacareacanga, PA		29	-62222	-577528	145	
Jacarezinho, PR		29	-231606	-499694	148	
Jacareí, SP	jacarei, sp	29	-233053	-459658	148	
Jaciara, MT		29	-159653	-549683	87	
Jacobina, BA		29	-111814	-405137	70	
Jacutinga, MG		29	-222856	-466122	148	
Jaguaquara, BA		29	-135306	-399708	70	
Jaguara, SP		29	-235110	-467471	148	
Jaguarari, BA		29	-102639	-401958	70	
Jaguare, SP		29	-235438	-467487	148	
Jaguariaíva, PR	jaguariaiva, pr	29	-242442	-497093	148	
Jaguaribe, CE		29	-58906	-386219	95	
Jaguariúna, SP	jaguariuna, sp	29	-227056	-469858	148	
Jaguaruana, CE		29	-48339	-377811	95	
Jaguarão, RS	jaguarao, rs	29	-325661	-533758	148	
Jaguaré, ES	jaguare, es	29	-189056	-400761	148	
Jales, SP		29	-202689	-505458	148	
Janaúba, MG	janauba, mg	29	-158025	-433089	148	
Jandira, SP		29	-235275	-469025	148	
Januária, MG	januaria, mg	29	-154795	-443652	148	
Japeri, RJ		29	-226431	-436533	148	
Jaraguá do Sul, SC	jaragua do sul, sc	29	-264861	-490667	148	
Jaraguá, GO	jaragua, go	29	-157569	-493344	148	
Jaraguá, SP	jaragua, sp	29	-234408	-467377	148	
Jardim		29	-214803	-561381	77	
Jardim Angela, SP		29	-237164	-467687	148	
Jardim Botânico, DF	jardim botanico, df	29	-158653	-478148	148	
Jardim Helena, SP		29	-234837	-464131	148	
Jardim Paulista, SP		29	-235668	-466644	148	
Jardim Sao Luis, SP		29	-236807	-467394	148	
Jardim, CE		29	-75817	-392835	95	
Jardinópolis, SP	jardinopolis, sp	29	-210178	-477639	148	
Jarinu, SP		29	-231014	-467283	148	
Jaru, RO		29	-104389	-624664	139	
Jataí, GO	jatai, go	29	-178794	-517217	148	
Jaçanã, SP	jacana, sp	29	-234601	-465749	148	
Jaíba, MG	jaiba, mg	29	-153383	-436744	148	
Jaú, SP	jau, sp	29	-222964	-485578	148	
Jequitinhonha, MG		29	-164339	-410033	148	
Jequié, BA	jequie, ba	29	-138588	-400851	70	
Jeremoabo, BA		29	-100760	-383472	70	
Ji Paraná, RO	ji parana, ro	29	-108853	-619517	139	
Jijoca de Jericoacoara, CE		29	-28950	-404492	95	
Joaçaba, SC	joacaba, sc	29	-271781	-515047	148	
Joinville, SC		29	-263044	-488456	148	
Jose Bonifacio, SP		29	-235674	-464326	148	
José Bonifácio, SP	jose bonifacio, sp	29	-210528	-496883	148	
José de Freitas, PI	jose de freitas, pi	29	-47564	-425756	95	
João Alfredo, PE	joao alfredo, pe	29	-78558	-355883	142	
João Câmara, RN	joao camara, rn	29	-55375	-358197	95	
João Dourado, BA	joao dourado, ba	29	-113448	-416632	70	
João Lisboa, MA	joao lisboa, ma	29	-54478	-474008	95	
João Monlevade, MG	joao monlevade, mg	29	-198100	-431736	148	
João Pessoa, PB	joao pessoa, pb	29	-71150	-348631	95	
João Pinheiro, MG	joao pinheiro, mg	29	-177425	-461725	148	
Juara, MT		29	-112550	-575197	87	
Juatuba, MG		29	-199519	-443428	148	
Juazeiro do Norte, CE		29	-72131	-393153	95	
Juazeiro, BA		29	-94117	-404986	70	
Jucás, CE	jucas, ce	29	-65253	-395275	95	
Juiz de Fora, MG		29	-217642	-433503	148	
Jundiaí, SP	jundiai, sp	29	-231864	-468842	148	
Junqueiro, AL		29	-99253	-364758	115	
Juquitiba, SP		29	-239317	-470683	148	
Juruti, PA		29	-21522	-560922	145	
Juína, MT	juina, mt	29	-114205	-587549	87	
Ladário	ladario	29	-190047	-576017	77	
Lagarto, SE		29	-109172	-376500	115	
Lages, SC		29	-278161	-503261	148	
Lago Norte, DF		29	-157395	-478569	148	
Lago Sul, DF		29	-158458	-478837	148	
Lago da Pedra, MA		29	-45603	-451316	95	
Lagoa Grande, PE		29	-89969	-402719	142	
Lagoa Santa, MG		29	-196301	-439009	148	
Lagoa Seca, PB		29	-71708	-358536	95	
Lagoa Vermelha, RS		29	-282086	-515258	148	
Lagoa da Prata, MG		29	-200225	-455436	148	
Laguna, SC		29	-284825	-487808	148	
Lajeado, RS		29	-294669	-519614	148	
Lajeado, SP		29	-235336	-464087	148	
Lajedo, PE		29	-86636	-363200	142	
Lambari d'Oeste, MT		29	-153233	-580036	87	
Lapa, PR		29	-257697	-497158	148	
Lapa, SP		29	-235236	-467073	148	
Lapão, BA	lapao, ba	29	-113833	-418319	70	
Laranjal Paulista, SP		29	-230497	-478367	148	
Laranjal do Jari, AP		29	-8260	-525060	72	
Laranjeiras, SE		29	-108064	-371700	115	
Lauro de Freitas, BA		29	-128944	-383272	70	
Lavras da Mangabeira, CE		29	-67533	-389644	95	
Lavras, MG		29	-212453	-449997	148	
Leblon, RJ		29	-229844	-432231	148	
Leme, SP		29	-221856	-473903	148	
Lençóis Paulista, SP	lencois paulista, sp	29	-225986	-488003	148	
Leopoldina, MG		29	-215319	-426431	148	
Liberdade, SP		29	-235634	-466323	148	
Limeira, SP		29	-225647	-474017	148	
Limoeiro de Anadia, AL		29	-97406	-365028	115	
Limoeiro do Ajuru, PA		29	-18953	-493806	72	
Limoeiro do Norte, CE		29	-51456	-380981	95	
Limoeiro, PE		29	-78747	-354503	142	
Limão, SP	limao, sp	29	-234928	-466692	148	
Linhares, ES		29	-193911	-400722	148	
Lins, SP		29	-216786	-497425	148	
Livramento de Nossa Senhora, BA		29	-136414	-418432	70	
Londrina, PR		29	-233103	-511628	148	
Lorena, SP		29	-227308	-451247	148	
Louveira, SP		29	-230864	-469506	148	
Lucas do Rio Verde, MT		29	-130713	-559148	87	
Lucas, MT		29	-163333	-559333	87	
Luis Eduardo Magalhães, BA	luis eduardo magalhaes, ba	29	-120909	-457850	70	
Luzilândia, PI	luzilandia, pi	29	-34578	-423703	95	
Luziânia, GO	luziania, go	29	-162525	-479503	148	
Luís Correia, PI	luis correia, pi	29	-28792	-416669	95	
Lábrea, AM	labrea, am	29	-72644	-647964	117	
Macaparana, PE		29	-75547	-354531	142	
Macapá, AP	macapa, ap	29	389	-510664	72	
Macarani, BA		29	-155683	-404231	70	
Macau, RN		29	-51150	-366344	95	
Macaé, RJ	macae, rj	29	-223848	-417832	148	
Macaíba, RN	macaiba, rn	29	-58583	-353539	95	
Macaúbas, BA	macaubas, ba	29	-130194	-426986	70	
Maceió, AL	maceio, al	29	-96658	-357353	115	
Machadinho d'Oeste, RO		29	-94439	-619814	139	
Machado, MG		29	-216747	-459197	148	
Mafra, SC		29	-261114	-498053	148	
Magé, RJ	mage, rj	29	-226528	-430406	148	
Mairinque, SP		29	-235458	-471833	148	
Mairiporã, SP	mairipora, sp	29	-233186	-465867	148	
Mamanguape, PB		29	-68386	-351261	95	
Manacapuru, AM		29	-32997	-606206	117	
Manari, PE		29	-89639	-376283	142	
Manaus, AM		29	-31019	-600250	117	
Mandaguari, PR		29	-235475	-516708	148	
Mandaqui, SP		29	-234595	-466409	148	
Mandirituba, PR		29	-257789	-493261	148	
Mangaratiba, RJ		29	-229597	-440406	148	
Manhuaçu, MG	manhuacu, mg	29	-202581	-420336	148	
Manicoré, AM	manicore, am	29	-58092	-613003	117	
Mantena, MG		29	-187817	-409803	148	
Marabá, PA	maraba, pa	29	-53815	-491323	72	
Maracaju		29	-216144	-551683	77	
Maracanaú, CE	maracanau, ce	29	-38767	-386256	95	
Maracanã, PA	maracana, pa	29	-7707	-474518	72	
Maracás, BA	maracas, ba	29	-134411	-404308	70	
Maragogi, AL		29	-90122	-352225	115	
Maragogipe, BA		29	-127778	-389194	70	
Maranguape, CE		29	-38908	-386856	95	
Marapanim, PA		29	-7175	-476997	72	
Marataizes, ES		29	-210433	-408244	148	
Marau, RS		29	-284492	-522000	148	
Maravilha, SC		29	-267608	-531725	148	
Maraú, BA	marau, ba	29	-141040	-390149	70	
Marco, CE		29	-31239	-401467	95	
Marechal Cândido Rondon, PR	marechal candido rondon, pr	29	-245561	-540567	148	
Marechal Deodoro, AL		29	-97103	-358950	115	
Mari, PB		29	-70600	-353194	95	
Marialva, PR		29	-234850	-517917	148	
Mariana, MG		29	-203778	-434161	148	
Maricá, RJ	marica, rj	29	-229194	-428186	148	
Maringá, PR	maringa, pr	29	-234253	-519386	148	
Marituba, PA		29	-13553	-483419	72	
Martinópolis, SP	martinopolis, sp	29	-221458	-511708	148	
Marília, SP	marilia, sp	29	-222139	-499458	148	
Massapê, CE	massape, ce	29	-35228	-403428	95	
Mata Grande, AL		29	-91175	-377322	115	
Mata de São João, BA	mata de sao joao, ba	29	-125303	-382992	70	
Mateus Leme, MG		29	-199864	-444278	148	
Matinha, MA		29	-31006	-450336	95	
Matinhos, PR		29	-258322	-485397	148	
Matozinhos, MG		29	-195578	-440814	148	
Matriz de Camaragibe, AL		29	-91517	-355333	115	
Matupá, MT	matupa, mt	29	-101693	-549344	87	
Matão, SP	matao, sp	29	-216033	-483658	148	
Matões, MA	matoes, ma	29	-55189	-431989	95	
Mauriti, CE		29	-73892	-387744	95	
Mauá, SP	maua, sp	29	-236678	-464614	148	
Maués, AM	maues, am	29	-33836	-577186	117	
Mazagão, AP	mazagao, ap	29	-1150	-512894	72	
Medeiros Neto, BA		29	-173739	-402206	70	
Medianeira, PR		29	-252953	-540939	148	
Medicilândia, PA	medicilandia, pa	29	-34461	-528889	145	
Melgaço, PA	melgaco, pa	29	-18044	-507122	72	
Miguel Alves, PI		29	-41656	-428953	95	
Miguel Calmon, BA		29	-114289	-405950	70	
Miguel Pereira, RJ		29	-224539	-434689	148	
Milagres, CE		29	-73133	-389456	95	
Mimoso do Sul, ES		29	-210642	-413664	148	
Minas Novas, MG		29	-172186	-425903	148	
Minaçu, GO	minacu, go	29	-135331	-482200	148	
Mineiros, GO		29	-175694	-525511	148	
Miracema, RJ		29	-214122	-421967	148	
Miranda		29	-202406	-563783	77	
Miranda do Norte, MA		29	-35652	-445802	95	
Mirandópolis, SP	mirandopolis, sp	29	-211336	-511017	148	
Mirassol d'Oeste, MT		29	-156757	-580902	87	
Mirassol, SP		29	-208192	-495211	148	
Missão Velha, CE	missao velha, ce	29	-72497	-391431	95	
Mocajuba, PA		29	-25842	-495072	72	
Mococa, SP		29	-214678	-470047	148	
Moema, SP		29	-235952	-466645	148	
Mogi Guaçu, SP	mogi guacu, sp	29	-223677	-469455	148	
Mogi Mirim, SP		29	-224319	-469578	148	
Mogi das Cruzes, SP		29	-235228	-461883	148	
Moju, PA		29	-18839	-487689	72	
Mojuí dos Campos, PA	mojui dos campos, pa	29	-26833	-546428	145	
Mombaça, CE	mombaca, ce	29	-57431	-396275	95	
Mongaguá, SP	mongagua, sp	29	-240931	-466208	148	
Monte Alegre, PA		29	-20008	-540810	145	
Monte Alegre, RN		29	-60678	-353322	95	
Monte Alto, SP		29	-212611	-484964	148	
Monte Aprazível, SP	monte aprazivel, sp	29	-207725	-497142	148	
Monte Carmelo, MG		29	-187247	-474986	148	
Monte Mor, SP		29	-229467	-473158	148	
Monte Santo, BA		29	-104378	-393328	70	
Monte Sião, MG	monte siao, mg	29	-224325	-465725	148	
Monteiro, PB		29	-78894	-371200	95	
Montenegro, RS		29	-296886	-514611	148	
Montes Claros, MG		29	-167350	-438617	148	
Monção, MA	moncao, ma	29	-34917	-452511	95	
Mooca, SP		29	-235614	-465964	148	
Morada Nova, CE		29	-51067	-383725	95	
Moreno, PE		29	-81186	-350922	142	
Morrinhos, CE		29	-32294	-401250	95	
Morrinhos, GO		29	-177311	-490994	148	
Morro Agudo, SP		29	-207314	-480578	148	
Morro do Chapéu, BA	morro do chapeu, ba	29	-115485	-411580	70	
Morumbi, SP		29	-235963	-467080	148	
Mossoró, RN	mossoro, rn	29	-51875	-373442	95	
Muaná, PA	muana, pa	29	-15283	-492167	72	
Mucuri, BA		29	-180864	-395508	70	
Muriaé, MG	muriae, mg	29	-211306	-423664	148	
Murici, AL		29	-93067	-359433	115	
Muritiba, BA		29	-126264	-389900	70	
Muritiba, BA		29	-129167	-392500	70	
Mutum, MG		29	-198000	-414383	148	
Muzambinho, MG		29	-213758	-465256	148	
Mãe do Rio, PA	mae do rio, pa	29	-20464	-475506	72	
Nanuque, MG		29	-178392	-403539	148	
Natal, RN		29	-57950	-352094	95	
Navegantes, SC		29	-268989	-486542	148	
Naviraí	navirai	29	-230650	-541906	77	
Nazaré da Mata, PE	nazare da mata, pe	29	-77417	-352278	142	
Nazaré, BA	nazare, ba	29	-130350	-390144	70	
Nepomuceno, MG		29	-212334	-452349	148	
Nerópolis, GO	neropolis, go	29	-164064	-492186	148	
Nilópolis, RJ	nilopolis, rj	29	-228075	-434139	148	
Niquelândia, GO	niquelandia, go	29	-144739	-484597	148	
Niterói, RJ	niteroi, rj	29	-228833	-431036	148	
Nossa Senhora da Glória, SE	nossa senhora da gloria, se	29	-102183	-374203	115	
Nossa Senhora das Dores, SE		29	-104917	-371933	115	
Nossa Senhora do Socorro, SE		29	-108550	-371261	115	
Nova Alvorada do Sul		29	-214658	-543839	77	
Nova Andradina		29	-222333	-533431	77	
Nova Cruz, RN		29	-64781	-354339	95	
Nova Friburgo, RJ		29	-222819	-425311	148	
Nova Iguaçu, RJ	nova iguacu, rj	29	-227592	-434511	148	
Nova Lima, MG		29	-199856	-438467	148	
Nova Mamoré, RO	nova mamore, ro	29	-104019	-653267	139	
Nova Mutum, MT		29	-138289	-560822	87	
Nova Odessa, SP		29	-227775	-472958	148	
Nova Olinda do Norte, AM		29	-38917	-590954	117	
Nova Petrópolis, RS	nova petropolis, rs	29	-293764	-511144	148	
Nova Prata, RS		29	-287839	-516100	148	
Nova Russas, CE		29	-47067	-405631	95	
Nova Santa Rita, RS		29	-298522	-512770	148	
Nova Serrana, MG		29	-198761	-449836	148	
Nova Soure, BA		29	-112333	-384833	70	
Nova Venécia, ES	nova venecia, es	29	-187106	-404006	148	
Nova Viçosa, BA	nova vicosa, ba	29	-178919	-393719	70	
Nova Xavantina, MT		29	-146643	-523586	87	
Novo Aripuanã, AM	novo aripuana, am	29	-51206	-603797	117	
Novo Cruzeiro, MG		29	-174681	-418753	148	
Novo Gama, GO		29	-160592	-480394	148	
Novo Hamburgo, RS		29	-296783	-511306	148	
Novo Horizonte, SP		29	-214681	-492208	148	
Novo Oriente, CE		29	-55344	-407742	95	
Novo Progresso, PA		29	-71478	-553811	145	
Novo Repartimento, PA		29	-43306	-497964	72	
Nísia Floresta, RN	nisia floresta, rn	29	-60911	-352086	95	
Núcleo Bandeirante, DF	nucleo bandeirante, df	29	-158707	-479689	148	
Ocara, CE		29	-44908	-385967	95	
Oeiras do Pará, PA	oeiras do para, pa	29	-20031	-498544	72	
Oeiras, PI		29	-70253	-421311	95	
Oiapoque, AP		29	38431	-518350	72	
Olinda, PE		29	-80089	-348553	142	
Olindina, BA		29	-113667	-383333	70	
Oliveira, MG		29	-206964	-448272	148	
Olímpia, SP	olimpia, sp	29	-207372	-489147	148	
Oriximiná, PA	oriximina, pa	29	-17656	-558661	145	
Orleans, SC		29	-283589	-492914	148	
Orlândia, SP	orlandia, sp	29	-207203	-478867	148	
Orobó, PE	orobo, pe	29	-77450	-356022	142	
Ortigueira, PR		29	-242083	-509494	148	
Osasco, SP		29	-235325	-467917	148	
Osvaldo Cruz, SP		29	-217967	-508786	148	
Osório, RS	osorio, rs	29	-298867	-502697	148	
Ouricuri, PE		29	-78825	-400817	142	
Ourilândia do Norte, PA	ourilandia do norte, pa	29	-67547	-510839	72	
Ourinhos, SP		29	-229789	-498706	148	
Ouro Branco, MG		29	-205233	-436949	148	
Ouro Fino, MG		29	-222831	-463689	148	
Ouro Preto do Oeste, RO		29	-107481	-622158	139	
Ouro Preto, MG		29	-203948	-435052	148	
Pacajus, CE		29	-41725	-384606	95	
Pacajá, PA	pacaja, pa	29	-38378	-506375	72	
Pacatuba, CE		29	-39842	-386203	95	
Padre Bernardo, GO		29	-151654	-482842	148	
Paiçandu, PR	paicandu, pr	29	-234575	-520486	148	
Palhoça, SC	palhoca, sc	29	-276453	-486678	148	
Palmares, PE		29	-86833	-355917	142	
Palmas, PR		29	-264842	-519906	148	
Palmas, TO		29	-101674	-483277	55	
Palmeira das Missões, RS	palmeira das missoes, rs	29	-278994	-533136	148	
Palmeira, PR		29	-254294	-500064	148	
Palmeiras de Goiás, GO	palmeiras de goias, go	29	-168050	-499258	148	
Palotina, PR		29	-242839	-538400	148	
Panambi, RS		29	-282925	-535017	148	
Panelas, PE		29	-86636	-360058	142	
Paracambi, RJ		29	-226083	-437095	148	
Paracatu, MG		29	-172222	-468747	148	
Paracuru, CE		29	-34100	-390306	95	
Paragominas, PA		29	-29956	-473549	72	
Paraguaçu Paulista, SP	paraguacu paulista, sp	29	-224128	-505758	148	
Paraguaçu, MG	paraguacu, mg	29	-215472	-457375	148	
Paraipaba, CE		29	-34394	-391483	95	
Parambu, CE		29	-62111	-406944	95	
Paranaguá, PR	paranagua, pr	29	-255163	-485254	148	
Paranatinga, MT		29	-144317	-540511	87	
Paranavaí, PR	paranavai, pr	29	-230731	-524653	148	
Paranaíba	paranaiba	29	-196772	-511908	77	
Paranoá, DF	paranoa, df	29	-157755	-477812	148	
Paraopeba, MG		29	-192744	-444042	148	
Paratinga, BA		29	-126906	-431842	70	
Parauapebas, PA		29	-60675	-499022	72	
Paraíba do Sul, RJ	paraiba do sul, rj	29	-221585	-432932	148	
Paraíso do Tocantins, TO	paraiso do tocantins, to	29	-101761	-488667	55	
Parelhas, RN		29	-66878	-366575	95	
Parelheiros, SP		29	-238275	-467269	148	
Parintins, AM		29	-26283	-567358	117	
Paripiranga, BA		29	-106875	-378617	70	
Park Way, DF		29	-159085	-479405	148	
Parnamirim, RN		29	-59156	-352628	95	
Parnarama, MA		29	-56817	-430933	95	
Parnaíba, PI	parnaiba, pi	29	-29047	-417767	95	
Parobé, RS	parobe, rs	29	-296286	-508347	148	
Parque Do Carmo, SP		29	-235760	-464630	148	
Pará de Minas, MG	para de minas, mg	29	-198603	-446083	148	
Passira, PE		29	-79950	-355806	142	
Passo Fundo, RS		29	-282628	-524067	148	
Passos, MG		29	-207189	-466097	148	
Pato Branco, PR		29	-262286	-526706	148	
Patos de Minas, MG		29	-185789	-465181	148	
Patos, PB		29	-70244	-372800	95	
Patrocínio, MG	patrocinio, mg	29	-189439	-469925	148	
Paty do Alferes, RJ		29	-224286	-434186	148	
Pau dos Ferros, RN		29	-61092	-382044	95	
Paudalho, PE		29	-78967	-351797	142	
Paulista, PE		29	-79408	-348731	142	
Paulo Afonso, BA		29	-94061	-382147	70	
Paulínia, SP	paulinia, sp	29	-227611	-471542	148	
Paço do Lumiar, MA	paco do lumiar, ma	29	-25322	-441075	95	
Pederneiras, SP		29	-223517	-487750	148	
Pedra Azul, MG		29	-160053	-412972	148	
Pedra Branca, CE		29	-54542	-397172	95	
Pedra, PE		29	-84969	-369408	142	
Pedras de Fogo, PB		29	-74019	-351164	95	
Pedreira, SP		29	-237068	-466498	148	
Pedreira, SP		29	-227419	-469014	148	
Pedreiras, MA		29	-45689	-445919	95	
Pedro Canário, ES	pedro canario, es	29	-180303	-401506	70	
Pedro II, PI		29	-44247	-414586	95	
Pedro Leopoldo, MG		29	-196181	-440431	148	
Pedro do Rosário, MA	pedro do rosario, ma	29	-29724	-453513	95	
Peixoto de Azevedo, MT		29	-102231	-549797	87	
Pelotas, RS		29	-317700	-523410	148	
Penalva, MA		29	-32942	-451736	95	
Penedo, AL		29	-102903	-365864	115	
Penha, SC		29	-267694	-486458	148	
Pentecoste, CE		29	-37928	-392703	95	
Penápolis, SP	penapolis, sp	29	-214197	-500775	148	
Perdizes, SP		29	-235387	-466809	148	
Perdões, MG	perdoes, mg	29	-210908	-450914	148	
Pereira Barreto, SP		29	-206383	-511092	148	
Perus, SP		29	-234047	-467547	148	
Peruíbe, SP	peruibe, sp	29	-243200	-469983	148	
Pesqueira, PE		29	-83578	-366964	142	
Petrolina, PE		29	-93986	-405008	142	
Petrolândia, PE	petrolandia, pe	29	-89792	-382194	142	
Petrópolis, RJ	petropolis, rj	29	-225050	-431786	148	
Picos, PI		29	-70769	-414669	95	
Piedade, SP		29	-237119	-474278	148	
Pilar do Sul, SP		29	-238131	-477164	148	
Pilar, AL		29	-95972	-359567	115	
Pilão Arcado, BA	pilao arcado, ba	29	-100005	-424798	70	
Pimenta Bueno, RO		29	-116725	-611936	139	
Pindamonhangaba, SP		29	-229239	-454617	148	
Pindaré-Mirim, MA	pindare-mirim, ma	29	-36083	-453433	95	
Pindoretama, CE		29	-40269	-383050	95	
Pinhais, PR		29	-254447	-491925	148	
Pinhalzinho, SC		29	-268481	-529919	148	
Pinheiral, RJ		29	-225128	-440006	148	
Pinheiro, MA		29	-25214	-450825	95	
Pinheiros, ES		29	-183703	-402133	148	
Pinheiros, SP		29	-235673	-466923	148	
Pinhão, PR	pinhao, pr	29	-256956	-516597	148	
Pio XII, MA		29	-38325	-451525	95	
Piracaia, SP		29	-230539	-463581	148	
Piracanjuba, GO		29	-173028	-490167	148	
Piracicaba, SP		29	-227253	-476492	148	
Piracuruca, PI		29	-39281	-417092	95	
Piraju, SP		29	-231936	-493839	148	
Pirajuí, SP	pirajui, sp	29	-219986	-494572	148	
Piranhas, AL		29	-96236	-377567	115	
Pirapora, MG		29	-173450	-449419	148	
Pirapozinho, SP		29	-222753	-515000	148	
Piraquara, PR		29	-254423	-490680	148	
Pirassununga, SP		29	-219961	-474258	148	
Piraí do Sul, PR	pirai do sul, pr	29	-245261	-499486	148	
Piraí, RJ	pirai, rj	29	-226292	-438981	148	
Pirenópolis, GO	pirenopolis, go	29	-158507	-489609	148	
Pires do Rio, GO		29	-172997	-482794	148	
Piripiri, PI		29	-42733	-417769	95	
Pirituba, SP		29	-234898	-467322	148	
Pitanga, PR		29	-247572	-517614	148	
Pitangueiras, SP		29	-210094	-482217	148	
Pitangui, MG		29	-196828	-448903	148	
Piumhi, MG		29	-204653	-459581	148	
Piúma, ES	piuma, es	29	-208378	-407219	148	
Planaltina, DF		29	-156179	-476487	148	
Planaltina, GO		29	-154528	-476142	148	
Planalto, BA		29	-146697	-404711	70	
Plano Piloto, DF		29	-157941	-478825	148	
Poconé, MT	pocone, mt	29	-162567	-566228	87	
Pojuca, BA		29	-124306	-383278	70	
Pombal, PB		29	-67703	-378017	95	
Pombos, PE		29	-81414	-353958	142	
Pomerode, SC		29	-267406	-491769	148	
Pompéu, MG	pompeu, mg	29	-192244	-449353	148	
Ponta Grossa, PR		29	-250950	-501619	148	
Ponta Porã	ponta pora	29	-225361	-557256	77	
Ponta de Pedras, PA		29	-13903	-488711	72	
Pontal do Paraná, PR	pontal do parana, pr	29	-256736	-485111	148	
Pontal, SP		29	-210225	-480372	148	
Ponte Nova, MG		29	-204164	-429086	148	
Ponte Rasa, SP		29	-235157	-464937	148	
Pontes e Lacerda, MT		29	-152261	-593353	87	
Porangatu, GO		29	-134408	-491486	148	
Porteirinha, MG		29	-157433	-430283	148	
Portel, PA		29	-19356	-508211	72	
Porto Alegre, RS		29	-300328	-512302	148	
Porto Belo, SC		29	-271578	-485531	148	
Porto Calvo, AL		29	-90450	-353983	115	
Porto Feliz, SP		29	-232147	-475239	148	
Porto Ferreira, SP		29	-218539	-474792	148	
Porto Franco, MA		29	-63383	-473992	95	
Porto Nacional, TO		29	-107081	-484172	55	
Porto Seguro, BA		29	-164497	-390647	70	
Porto União, SC	porto uniao, sc	29	-262381	-510783	148	
Porto Velho, RO		29	-87619	-639039	139	
Porto da Folha, SE		29	-99172	-372783	115	
Porto de Moz, PA		29	-17483	-522383	145	
Portão, RS	portao, rs	29	-297017	-512419	148	
Posse, GO		29	-140931	-463694	148	
Posto da Mata, BA		29	-178861	-398589	70	
Pouso Alegre, MG		29	-222300	-459364	148	
Poxoréu, MT	poxoreu, mt	29	-158372	-543892	87	
Poá, SP	poa, sp	29	-235281	-463447	148	
Poço Redondo, SE	poco redondo, se	29	-98050	-376844	115	
Poço Verde, SE	poco verde, se	29	-107083	-381833	70	
Poços de Caldas, MG	pocos de caldas, mg	29	-217878	-465614	148	
Poções, BA	pocoes, ba	29	-145297	-403653	70	
Prado, BA		29	-173411	-392208	70	
Praia Grande, SP		29	-240058	-464028	148	
Prainha, PA		29	-18000	-534800	145	
Prata, MG		29	-193072	-489242	148	
Presidente Dutra, MA		29	-52900	-444900	95	
Presidente Epitácio, SP	presidente epitacio, sp	29	-217633	-521156	148	
Presidente Figueiredo, AM		29	-20344	-600250	117	
Presidente Prudente, SP		29	-221256	-513889	148	
Presidente Tancredo Neves, BA		29	-134529	-394208	70	
Presidente Venceslau, SP		29	-218761	-518439	148	
Promissão, SP	promissao, sp	29	-215367	-498581	148	
Propriá, SE	propria, se	29	-102111	-368403	115	
Prudentópolis, PR	prudentopolis, pr	29	-252131	-509778	148	
Pão de Açúcar, AL	pao de acucar, al	29	-97483	-374367	115	
Pôr do Sol, DF	por do sol, df	29	-158550	-481243	148	
Quaraí, RS	quarai, rs	29	-303875	-564514	148	
Quatro Barras, PR		29	-253656	-490769	148	
Queimadas, BA		29	-109783	-396264	70	
Queimadas, PB		29	-73583	-358983	95	
Queimados, RJ		29	-227161	-435553	148	
Querência, MT	querencia, mt	29	-125969	-521997	87	
Quijingue, BA		29	-107525	-392092	70	
Quirinópolis, GO	quirinopolis, go	29	-184483	-504517	148	
Quissamã, RJ	quissama, rj	29	-221067	-414722	148	
Quixadá, CE	quixada, ce	29	-49714	-390153	95	
Quixeramobim, CE		29	-51992	-392928	95	
Rancharia, SP		29	-222292	-508931	148	
Raposa, MA		29	-24231	-441033	95	
Raposo Tavares, SP		29	-235924	-467856	148	
Raul Soares, MG		29	-201019	-424525	148	
Recanto das Emas, DF		29	-159086	-480645	148	
Recife, PE		29	-80539	-348811	142	
Redenção, CE	redencao, ce	29	-42258	-387306	95	
Redenção, PA	redencao, pa	29	-80286	-500314	72	
Registro, SP		29	-244875	-478436	148	
Remanso, BA		29	-96217	-420814	70	
Republica, SP		29	-235448	-466410	148	
Resende, RJ		29	-224689	-444467	148	
Reserva, PR		29	-246503	-508506	148	
Riacho Fundo II, DF		29	-158981	-480467	148	
Riacho Fundo, DF		29	-158838	-480163	148	
Riacho de Santana, BA		29	-136092	-429389	70	
Riachão das Neves, BA	riachao das neves, ba	29	-117461	-449100	70	
Riachão do Jacuípe, BA	riachao do jacuipe, ba	29	-118069	-393856	70	
Riachão, MA	riachao, ma	29	-73619	-466172	95	
Ribas do Rio Pardo		29	-204431	-537592	77	
Ribeira do Pombal, BA		29	-108344	-385358	70	
Ribeirão Pires, SP	ribeirao pires, sp	29	-237106	-464133	148	
Ribeirão Preto, SP	ribeirao preto, sp	29	-211775	-478103	148	
Ribeirão das Neves, MG	ribeirao das neves, mg	29	-197669	-440867	148	
Ribeirão, PE	ribeirao, pe	29	-85144	-353778	142	
Rio Bonito, RJ		29	-227086	-426097	148	
Rio Branco do Sul, PR		29	-251900	-493142	148	
Rio Branco, AC		29	-99747	-678100	144	
Rio Brilhante		29	-218019	-545464	77	
Rio Claro, SP		29	-224114	-475614	148	
Rio Grande da Serra, SP		29	-237442	-463983	148	
Rio Grande, RS		29	-320350	-520986	148	
Rio Largo, AL		29	-94783	-358533	115	
Rio Negrinho, SC		29	-262544	-495183	148	
Rio Negro, PR		29	-261058	-497975	148	
Rio Pardo de Minas, MG		29	-156097	-425397	148	
Rio Pardo, RS		29	-299897	-523781	148	
Rio Pequeno, SP		29	-235714	-467589	148	
Rio Preto da Eva, AM		29	-26980	-597017	117	
Rio Real, BA		29	-114847	-379328	70	
Rio Tinto, PB		29	-68031	-350806	95	
Rio Verde, GO		29	-177981	-509281	148	
Rio das Ostras, RJ		29	-225269	-419450	148	
Rio das Pedras, SP		29	-228433	-476061	148	
Rio de Janeiro, RJ		29	-229064	-431822	148	
Rio do Sul, SC		29	-272142	-496431	148	
Rocinha, RJ		29	-229889	-432493	148	
Rolante, RS		29	-296506	-505758	148	
Rolim de Moura do Guaporé, RO	rolim de moura do guapore, ro	29	-130827	-622773	139	
Rolim de Moura, RO		29	-118036	-618033	139	
Rolândia, PR	rolandia, pr	29	-233097	-513692	148	
Rondon do Pará, PA	rondon do para, pa	29	-47761	-480672	72	
Rondonópolis, MT	rondonopolis, mt	29	-164708	-546356	87	
Rorainópolis, RR	rorainopolis, rr	29	9461	-604181	74	
Rosário do Sul, RS	rosario do sul, rs	29	-302583	-549142	148	
Rosário, MA	rosario, ma	29	-29405	-442490	95	
Rurópolis, PA	ruropolis, pa	29	-40956	-549103	145	
Russas, CE		29	-49403	-379758	95	
Ruy Barbosa, BA		29	-122839	-404939	70	
Sabará, MG	sabara, mg	29	-198864	-438067	148	
Sacomã, SP	sacoma, sp	29	-236308	-465982	148	
Sacramento, MG		29	-198653	-474400	148	
Salgueiro, PE		29	-80742	-391192	142	
Salinas, MG		29	-161703	-422903	148	
Salinópolis, PA	salinopolis, pa	29	-6210	-473542	72	
Salto de Pirapora, SP		29	-236489	-475733	148	
Salto, SP		29	-232008	-472869	148	
Salvador, BA		29	-129756	-384910	70	
Salvaterra, PA		29	-7533	-485167	72	
Samambaia, DF		29	-158823	-481043	148	
Sant'Ana do Livramento, RS		29	-308908	-555328	148	santana do livramento
Santa Bárbara d'Oeste, SP	santa barbara d'oeste, sp	29	-227536	-474136	148	
Santa Bárbara, MG	santa barbara, mg	29	-199594	-434153	148	
Santa Cecilia, SP		29	-235318	-466529	148	
Santa Cruz Cabrália, BA	santa cruz cabralia, ba	29	-162781	-390247	70	
Santa Cruz das Palmeiras, SP		29	-218269	-472486	148	
Santa Cruz do Capibaribe, PE		29	-79575	-362047	142	
Santa Cruz do Rio Pardo, SP		29	-228989	-496325	148	
Santa Cruz do Sul, RS		29	-297175	-524258	148	
Santa Cruz, RN		29	-62294	-360228	95	
Santa Fé do Sul, SP	santa fe do sul, sp	29	-202111	-509258	148	
Santa Gertrudes, SP		29	-224567	-475303	148	
Santa Helena de Goiás, GO	santa helena de goias, go	29	-178136	-505969	148	
Santa Helena, MA		29	-22311	-453000	95	
Santa Inês, MA	santa ines, ma	29	-36667	-453800	95	
Santa Isabel do Pará, PA	santa isabel do para, pa	29	-12986	-481606	72	
Santa Isabel, SP		29	-233156	-462214	148	
Santa Luzia do Paruá, MA	santa luzia do parua, ma	29	-25439	-457755	95	
Santa Luzia, MA		29	-39633	-456583	95	
Santa Luzia, MA		29	-76426	-472174	95	
Santa Luzia, MG		29	-197697	-438514	148	
Santa Maria da Boa Vista, PE		29	-88078	-398256	70	
Santa Maria da Vitória, BA	santa maria da vitoria, ba	29	-133881	-441987	70	
Santa Maria de Jetibá, ES	santa maria de jetiba, es	29	-200275	-407434	148	
Santa Maria do Pará, PA	santa maria do para, pa	29	-13503	-475756	72	
Santa Maria, DF		29	-160310	-480293	148	
Santa Maria, RS		29	-296842	-538069	148	
Santa Quitéria do Maranhão, MA	santa quiteria do maranhao, ma	29	-34959	-425620	95	
Santa Quitéria, CE	santa quiteria, ce	29	-43319	-401567	95	
Santa Rita de Cássia, BA	santa rita de cassia, ba	29	-110086	-445194	70	santa rita tatui
Santa Rita do Passa Quatro, SP		29	-217103	-474781	148	
Santa Rita do Sapucaí, MG	santa rita do sapucai, mg	29	-222522	-457033	148	
Santa Rita, MA		29	-31390	-443252	95	
Santa Rita, PB		29	-71139	-349781	95	
Santa Rosa de Viterbo, SP		29	-214728	-473631	148	
Santa Rosa, RS		29	-278708	-544814	148	
Santa Teresa, ES		29	-199356	-406003	148	
Santa Teresa, RJ		29	-229177	-431881	148	
Santa Vitória do Palmar, RS	santa vitoria do palmar, rs	29	-335189	-533681	148	
Santaluz, BA		29	-112558	-393747	70	
Santana de Parnaíba, SP	santana de parnaiba, sp	29	-234442	-469178	148	
Santana do Acaraú, CE	santana do acarau, ce	29	-34606	-402122	95	
Santana do Araguaia, PA		29	-93350	-503500	72	
Santana do Ipanema, AL		29	-93783	-372453	115	
Santana do Paraíso, MG	santana do paraiso, mg	29	-193636	-425686	148	
Santana, AP		29	-382	-511748	72	
Santana, BA		29	-129833	-440511	70	
Santana, SP		29	-234903	-466387	148	
Santarém, PA	santarem, pa	29	-24431	-547083	145	
Santiago, RS		29	-291917	-548672	148	
Santo Amaro da Imperatriz, SC		29	-276881	-487786	148	
Santo Amaro, BA		29	-125467	-387119	70	
Santo Amaro, SP		29	-236454	-467039	148	
Santo André, SP	santo andre, sp	29	-236639	-465383	148	
Santo Antônio da Patrulha, RS	santo antonio da patrulha, rs	29	-298175	-505197	148	
Santo Antônio da Platina, PR	santo antonio da platina, pr	29	-232950	-500772	148	
Santo Antônio de Jesus, BA	santo antonio de jesus, ba	29	-129689	-392614	70	
Santo Antônio de Posse, SP	santo antonio de posse, sp	29	-226061	-469194	148	
Santo Antônio de Pádua, RJ	santo antonio de padua, rj	29	-215394	-421803	148	
Santo Antônio do Descoberto, GO	santo antonio do descoberto, go	29	-159397	-482550	148	
Santo Antônio do Içá, AM	santo antonio do ica, am	29	-31022	-679397	117	
Santo Antônio do Monte, MG	santo antonio do monte, mg	29	-200872	-452936	148	
Santo Antônio do Tauá, PA	santo antonio do taua, pa	29	-11519	-481294	72	
Santo Antônio, RN	santo antonio, rn	29	-63106	-354789	95	
Santo Estêvão, BA	santo estevao, ba	29	-124303	-392514	70	
Santo Ângelo, RS	santo angelo, rs	29	-282992	-542631	148	
Santos Dumont, MG		29	-214567	-435525	148	
Santos, SP		29	-239608	-463336	148	
Sao Domingos, SP		29	-234934	-467476	148	
Sao Lucas, SP		29	-235947	-465436	148	
Sao Rafael, SP		29	-236282	-464540	148	
Sapezal, MT		29	-135421	-588201	87	
Sapiranga, RS		29	-296381	-510069	148	
Sapopemba, SP		29	-235956	-465247	148	
Sapucaia do Sul, RS		29	-298178	-511455	148	
Sapé, PB	sape, pb	29	-70964	-352328	95	
Saquarema, RJ		29	-228989	-424698	148	
Sarandi, PR		29	-234436	-518739	148	
Sarandi, RS		29	-279439	-529231	148	
Sarzedo, MG		29	-200353	-441447	148	
Satuba, AL		29	-95633	-358244	115	
Se, SP		29	-235477	-466314	148	
Seabra, BA		29	-124171	-417705	70	
Sena Madureira, AC		29	-90634	-686724	144	
Senador Guiomard, AC		29	-101497	-677374	144	
Senador José Porfírio, PA	senador jose porfirio, pa	29	-25908	-519542	72	
Senador Pompeu, CE		29	-55881	-393717	95	
Senhor do Bonfim, BA		29	-104614	-401894	70	
Sento Sé, BA	sento se, ba	29	-97458	-418853	70	
Seropédica, RJ	seropedica, rj	29	-227439	-437075	148	
Serra Negra, SP		29	-226122	-467006	148	
Serra Talhada, PE		29	-79919	-382983	142	
Serra do Ramalho, BA		29	-135423	-435797	70	
Serra, ES		29	-201286	-403078	148	
Serrana, SP		29	-212114	-475956	148	
Serrinha, BA		29	-116642	-390075	70	
Serro, MG		29	-186047	-433794	148	
Sertânia, PE	sertania, pe	29	-80736	-372644	142	
Sertãozinho, SP	sertaozinho, sp	29	-211378	-479903	148	
Sete Lagoas, MG		29	-194658	-442467	148	
Setor Complementar de Indústria e Abastecimento, DF	setor complementar de industria e abastecimento, df	29	-157822	-479882	148	
Sidrolândia	sidrolandia	29	-209319	-549614	77	
Silva Jardim, RJ		29	-226508	-423917	148	
Silvânia, GO	silvania, go	29	-166666	-486125	148	
Simão Dias, SE	simao dias, se	29	-107383	-378111	115	
Simões Filho, BA	simoes filho, ba	29	-127844	-384039	70	
Sinop, MT		29	-118642	-555025	87	
Sirinhaém, PE	sirinhaem, pe	29	-85908	-351161	142	
Sobradinho II, DF		29	-156336	-478348	148	
Sobradinho, BA		29	-94718	-408016	70	
Sobradinho, DF		29	-156471	-477932	148	
Sobral, CE		29	-36861	-403497	95	
Socorro, SP		29	-225914	-465289	148	
Socorro, SP		29	-236853	-467137	148	
Soledade, RS		29	-288183	-525103	148	
Sombrio, SC		29	-291139	-496167	148	
Sooretama, ES		29	-191969	-400978	148	
Sorocaba, SP		29	-235017	-474581	148	
Sorriso, MT		29	-125453	-557114	87	
Soure, PA		29	-7167	-485233	72	
Sousa, PB		29	-67592	-382281	95	
Sudoeste/Octagonal, DF		29	-158015	-479271	148	
Sumaré, SP	sumare, sp	29	-228219	-472669	148	
Surubim, PE		29	-78331	-357547	142	
Suzano, SP		29	-235425	-463108	148	
São Benedito, CE	sao benedito, ce	29	-40486	-408650	95	
São Bento do Sul, SC	sao bento do sul, sc	29	-262503	-493786	148	
São Bento do Una, PE	sao bento do una, pe	29	-85228	-364444	142	
São Bento, MA	sao bento, ma	29	-26958	-448214	95	
São Bento, PB	sao bento, pb	29	-62833	-377500	95	
São Bernardo do Campo, SP	sao bernardo do campo, sp	29	-236939	-465650	148	
São Bernardo, MA	sao bernardo, ma	29	-33614	-424178	95	
São Borja, RS	sao borja, rs	29	-286606	-560044	148	
São Caetano do Sul, SP	sao caetano do sul, sp	29	-236231	-465511	148	
São Caitano, PE	sao caitano, pe	29	-83258	-361428	142	
São Carlos, SP	sao carlos, sp	29	-220175	-478908	148	
São Cristóvão, SE	sao cristovao, se	29	-110147	-372064	115	
São Desidério, BA	sao desiderio, ba	29	-123633	-449733	70	
São Domingos do Capim, PA	sao domingos do capim, pa	29	-16742	-477711	72	
São Domingos do Maranhão, MA	sao domingos do maranhao, ma	29	-55758	-443853	95	
São Fidélis, RJ	sao fidelis, rj	29	-216461	-417469	148	
São Francisco de Itabapoana, RJ	sao francisco de itabapoana, rj	29	-213019	-409614	148	
São Francisco de Paula, RS	sao francisco de paula, rs	29	-294481	-505836	148	
São Francisco do Conde, BA	sao francisco do conde, ba	29	-126275	-386800	70	
São Francisco do Sul, SC	sao francisco do sul, sc	29	-262433	-486381	148	
São Francisco, MG	sao francisco, mg	29	-159486	-448644	148	
São Félix do Xingu, PA	sao felix do xingu, pa	29	-66447	-519950	72	
São Gabriel da Cachoeira, AM	sao gabriel da cachoeira, am	29	-1181	-670853	117	
São Gabriel da Palha, ES	sao gabriel da palha, es	29	-190181	-405373	148	
São Gabriel do Oeste	sao gabriel do oeste	29	-193953	-545664	77	
São Gabriel, RS	sao gabriel, rs	29	-303364	-543200	148	
São Geraldo do Araguaia, PA	sao geraldo do araguaia, pa	29	-64006	-485550	72	
São Gonçalo do Amarante, CE	sao goncalo do amarante, ce	29	-36072	-389683	95	
São Gonçalo do Amarante, RN	sao goncalo do amarante, rn	29	-57933	-353294	95	
São Gonçalo do Sapucaí, MG	sao goncalo do sapucai, mg	29	-218922	-455953	148	
São Gonçalo dos Campos, BA	sao goncalo dos campos, ba	29	-124339	-389506	70	
São Gotardo, MG	sao gotardo, mg	29	-193111	-460489	148	
São Joaquim da Barra, SP	sao joaquim da barra, sp	29	-205814	-478547	148	
São Joaquim de Bicas, MG	sao joaquim de bicas, mg	29	-200492	-442739	148	
São Joaquim, SC	sao joaquim, sc	29	-282939	-499317	148	
São José da Laje, AL	sao jose da laje, al	29	-90097	-360583	115	
São José da Lapa, MG	sao jose da lapa, mg	29	-197003	-439602	148	
São José da Tapera, AL	sao jose da tapera, al	29	-95583	-373811	115	
São José de Mipibu, RN	sao jose de mipibu, rn	29	-60747	-352378	95	
São José de Ribamar, MA	sao jose de ribamar, ma	29	-25557	-440599	95	
São José do Belmonte, PE	sao jose do belmonte, pe	29	-78614	-387597	142	
São José do Egito, PE	sao jose do egito, pe	29	-74789	-372744	142	
São José do Norte, RS	sao jose do norte, rs	29	-320147	-520417	148	
São José do Rio Pardo, SP	sao jose do rio pardo, sp	29	-215956	-468886	148	
São José do Rio Preto, SP	sao jose do rio preto, sp	29	-208197	-493794	148	
São José do Vale do Rio Preto, RJ	sao jose do vale do rio preto, rj	29	-221521	-429234	148	
São José dos Campos, SP	sao jose dos campos, sp	29	-231794	-458869	148	
São José dos Pinhais, PR	sao jose dos pinhais, pr	29	-255302	-492084	148	
São José, SC	sao jose, sc	29	-276153	-486275	148	
São José, SC	sao jose, sc	29	-282134	-491638	148	
São João Batista, SC	sao joao batista, sc	29	-272761	-488494	148	
São João Nepomuceno, MG	sao joao nepomuceno, mg	29	-215400	-430106	148	
São João da Barra, RJ	sao joao da barra, rj	29	-216403	-410511	148	
São João da Boa Vista, SP	sao joao da boa vista, sp	29	-219692	-467981	148	
São João da Ponte, MG	sao joao da ponte, mg	29	-159292	-440078	148	
São João de Meriti, RJ	sao joao de meriti, rj	29	-228039	-433722	148	
São João del Rei, MG	sao joao del rei, mg	29	-211356	-442617	148	
São João do Paraíso, MG	sao joao do paraiso, mg	29	-153136	-420144	148	
São João do Piauí, PI	sao joao do piaui, pi	29	-83581	-422467	95	
São João dos Inhamuns, CE	sao joao dos inhamuns, ce	29	-60000	-402833	95	
São João dos Patos, MA	sao joao dos patos, ma	29	-64950	-437022	95	
São João, PE	sao joao, pe	29	-88756	-363667	142	
São Leopoldo, RS	sao leopoldo, rs	29	-297603	-511472	148	
São Lourenço da Mata, PE	sao lourenco da mata, pe	29	-80022	-350183	142	
São Lourenço do Oeste, SC	sao lourenco do oeste, sc	29	-263592	-528511	148	
São Lourenço do Sul, RS	sao lourenco do sul, rs	29	-313653	-519783	148	
São Lourenço, MG	sao lourenco, mg	29	-221164	-450544	148	
São Luiz Gonzaga, RS	sao luiz gonzaga, rs	29	-284083	-549608	148	
São Luís de Montes Belos, GO	sao luis de montes belos, go	29	-165250	-503722	148	
São Luís do Quitunde, AL	sao luis do quitunde, al	29	-93183	-355611	115	
São Luís, MA	sao luis, ma	29	-25297	-443028	95	
São Manuel, SP	sao manuel, sp	29	-227311	-485706	148	
São Mateus do Maranhão, MA	sao mateus do maranhao, ma	29	-40417	-444750	95	
São Mateus do Sul, PR	sao mateus do sul, pr	29	-258742	-503828	148	
São Mateus, ES	sao mateus, es	29	-187201	-398589	148	
São Mateus, SP	sao mateus, sp	29	-236058	-464789	148	
São Miguel Arcanjo, SP	sao miguel arcanjo, sp	29	-238783	-479972	148	
São Miguel d'Oeste, SC	sao miguel d'oeste, sc	29	-267253	-535181	148	sao miguel do oeste
São Miguel do Araguaia, GO	sao miguel do araguaia, go	29	-132750	-501628	148	
São Miguel do Guamá, PA	sao miguel do guama, pa	29	-16267	-474833	72	
São Miguel do Guaporé, RO	sao miguel do guapore, ro	29	-116936	-627114	139	
São Miguel dos Campos, AL	sao miguel dos campos, al	29	-97811	-360936	115	
São Miguel, RN	sao miguel, rn	29	-62119	-384969	95	
São Miguel, SP	sao miguel, sp	29	-234942	-464322	148	
São Paulo de Olivença, AM	sao paulo de olivenca, am	29	-33783	-688725	117	
São Paulo, SP	sao paulo, sp	29	-235475	-466361	148	
São Pedro da Aldeia, RJ	sao pedro da aldeia, rj	29	-228392	-421028	148	
São Pedro, SP	sao pedro, sp	29	-225486	-479139	148	
São Raimundo Nonato, PI	sao raimundo nonato, pi	29	-90153	-426994	95	
São Roque, SP	sao roque, sp	29	-235292	-471353	148	
São Sebastião da Boa Vista, PA	sao sebastiao da boa vista, pa	29	-17146	-495315	72	
São Sebastião do Caí, RS	sao sebastiao do cai, rs	29	-295867	-513756	148	
São Sebastião do Paraíso, MG	sao sebastiao do paraiso, mg	29	-209169	-469914	148	
São Sebastião do Passé, BA	sao sebastiao do passe, ba	29	-125125	-384953	70	
São Sebastião, AL	sao sebastiao, al	29	-99336	-365542	115	
São Sebastião, DF	sao sebastiao, df	29	-159029	-477761	148	
São Sebastião, SP	sao sebastiao, sp	29	-237600	-454097	148	
São Sepé, RS	sao sepe, rs	29	-301606	-535653	148	
São Vicente, SP	sao vicente, sp	29	-239631	-463919	148	
Tabatinga, AM		29	-42312	-699386	117	
Tabira, PE		29	-75908	-375394	142	
Taboão da Serra, SP	taboao da serra, sp	29	-236261	-467917	148	
Tabuleiro do Norte, CE		29	-52467	-381306	95	
Tacaratu, PE		29	-91053	-381492	142	
Taguatinga, DF		29	-158333	-480551	148	
Tailândia, PA	tailandia, pa	29	-29472	-489531	72	
Taiobeiras, MG		29	-158078	-422331	148	
Tamandaré, PE	tamandare, pe	29	-87563	-351000	142	
Tambaú, SP	tambau, sp	29	-217050	-472744	148	
Tamboril, CE		29	-48322	-403206	95	
Tanabi, SP		29	-206264	-496492	148	
Tangará da Serra, MT	tangara da serra, mt	29	-146194	-574858	87	
Tanguá, RJ	tangua, rj	29	-227303	-427142	148	
Tapejara, RS		29	-280681	-520139	148	
Taquara, RS		29	-296506	-507806	148	
Taquari, RS		29	-297997	-518644	148	
Taquaritinga do Norte, PE		29	-79031	-360442	142	
Taquaritinga, SP		29	-214061	-485047	148	
Taquarituba, SP		29	-235331	-492444	148	
Tarauacá, AC	tarauaca, ac	29	-81614	-707656	144	
Tatuapé, SP	tatuape, sp	29	-235373	-465666	148	
Tatuí, SP	tatui, sp	29	-233556	-478569	148	
Taubaté, SP	taubate, sp	29	-230264	-455553	148	
Tauá, CE	taua, ce	29	-60031	-402928	95	
Tefé, AM	tefe, am	29	-33684	-647205	117	
Telêmaco Borba, PR	telemaco borba, pr	29	-243239	-506156	148	
Teodoro Sampaio, SP		29	-225325	-521675	148	
Teotônio Vilela, AL	teotonio vilela, al	29	-99097	-363561	115	
Teresina, PI		29	-50892	-428019	95	
Teresópolis, RJ	teresopolis, rj	29	-224167	-429782	148	
Teutônia, RS	teutonia, rs	29	-294481	-518064	148	
Teófilo Otoni, MG	teofilo otoni, mg	29	-178575	-415053	148	
Tianguá, CE	tiangua, ce	29	-37322	-409917	95	
Tietê, SP	tiete, sp	29	-231019	-477147	148	
Tijucas, SC		29	-272414	-486336	148	
Timbaúba, PE	timbauba, pe	29	-75053	-353183	142	
Timbiras, MA		29	-42553	-439406	95	
Timbó, SC	timbo, sc	29	-268233	-492717	148	
Timon, MA		29	-50942	-428367	95	
Timóteo, MG	timoteo, mg	29	-195811	-426495	148	
Tobias Barreto, SE		29	-111839	-379983	115	
Tocantinópolis, TO	tocantinopolis, to	29	-63294	-474164	55	
Toledo, PR		29	-247136	-537431	148	
Tomé-Açu, PA	tome-acu, pa	29	-24189	-481522	72	
Toritama, PE		29	-80067	-360567	142	
Torres, RS		29	-293353	-497269	148	
Touros, RN		29	-51989	-354608	95	
Tracuateua, PA		29	-10761	-469031	72	
Traipu, AL		29	-99706	-370033	115	
Trairi, CE		29	-32778	-392689	95	
Tramandaí, RS	tramandai, rs	29	-299847	-501336	148	
Tremembé, SP	tremembe, sp	29	-229583	-455494	148	
Trindade, GO		29	-166494	-494889	148	
Trindade, PE		29	-77619	-402678	142	
Triunfo, RS		29	-299433	-517181	148	
Trizidela do Vale, MA		29	-45719	-446208	95	
Três Corações, MG	tres coracoes, mg	29	-216969	-452533	148	
Três Coroas, RS	tres coroas, rs	29	-295169	-507778	148	
Três Lagoas	tres lagoas	29	-207876	-517034	77	
Três Marias, MG	tres marias, mg	29	-182064	-452417	148	
Três Passos, RS	tres passos, rs	29	-274556	-539319	148	
Três Pontas, MG	tres pontas, mg	29	-213667	-455125	148	
Três Rios, RJ	tres rios, rj	29	-221167	-432092	148	
Três de Maio, RS	tres de maio, rs	29	-277733	-542400	148	
Tubarão, SC	tubarao, sc	29	-284667	-490069	148	
Tucano, BA		29	-109582	-387908	70	
Tucumã, PA	tucuma, pa	29	-67475	-511611	72	
Tucuruvi, SP		29	-234754	-466061	148	
Tucuruí, PA	tucurui, pa	29	-37658	-496792	72	
Tuntum, MA		29	-52581	-446489	95	
Tupaciguara, MG		29	-185922	-487050	148	
Tupanatinga, PE		29	-87533	-373397	142	
Tupã, SP	tupa, sp	29	-219347	-505136	148	
Turiaçu, MA	turiacu, ma	29	-16633	-453717	95	
Turilândia, MA	turilandia, ma	29	-22203	-453064	95	
Tutóia, MA	tutoia, ma	29	-27619	-422744	95	
Uauá, BA	uaua, ba	29	-98414	-394817	70	
Ubajara, CE		29	-38544	-409211	95	
Ubatuba, SP		29	-234339	-450711	148	
Uberaba, MG		29	-197483	-479319	148	
Uberlândia, MG	uberlandia, mg	29	-189186	-482772	148	
Ubá, MG	uba, mg	29	-211200	-429428	148	
Ulianópolis, PA	ulianopolis, pa	29	-37419	-474947	72	
Umbaúba, SE	umbauba, se	29	-113833	-376578	115	
Umuarama, PR		29	-237664	-533250	148	
Unaí, MG	unai, mg	29	-163575	-469061	148	
Universidade Rural, RJ		29	-227664	-436914	148	
União da Vitória, PR	uniao da vitoria, pr	29	-262300	-510864	148	
União dos Palmares, AL	uniao dos palmares, al	29	-91628	-360319	115	
União, PI	uniao, pi	29	-45858	-428642	95	
Urbano Santos, MA		29	-32078	-434036	95	
Uruará, PA	uruara, pa	29	-37175	-537367	145	
Uruaçu, GO	uruacu, go	29	-145247	-491408	148	
Urucurituba, AM		29	-31287	-581550	117	
Uruguaiana, RS		29	-297547	-570883	148	
Uruçuca, BA	urucuca, ba	29	-145931	-392844	70	
Uruçuí, PI	urucui, pi	29	-72294	-445561	95	
Vacaria, RS		29	-285122	-509339	148	
Valente, BA		29	-114122	-394619	70	
Valença do Piauí, PI	valenca do piaui, pi	29	-64075	-417456	95	
Valença, BA	valenca, ba	29	-133703	-390731	70	
Valença, RJ	valenca, rj	29	-222456	-437003	148	
Valinhos, SP		29	-229706	-469958	148	
Valparaíso de Goiás, GO	valparaiso de goias, go	29	-160658	-479786	148	
Valparaíso, SP	valparaiso, sp	29	-212278	-508683	148	
Vargem Grande Paulista, SP		29	-236033	-470264	148	
Vargem Grande do Sul, SP		29	-218322	-468936	148	
Vargem Grande, MA		29	-35431	-439158	95	
Varginha, MG		29	-215514	-454303	148	
Vassouras, RJ		29	-224039	-436625	148	
Venâncio Aires, RS	venancio aires, rs	29	-296064	-521919	148	
Vera Cruz, BA		29	-129603	-386086	70	
Vera Cruz, BA		29	-126333	-410333	70	
Vera Cruz, RS		29	-297167	-525032	148	
Veranópolis, RS	veranopolis, rs	29	-289361	-515494	148	
Vertentes, PE		29	-79028	-359883	142	
Vespasiano, MG		29	-196919	-439233	148	
Viamão, RS	viamao, rs	29	-300811	-510233	148	
Viana, ES		29	-203903	-404961	148	
Viana, MA		29	-32203	-450036	95	
Vicente Pires, DF		29	-158101	-480308	148	
Vicência, PE	vicencia, pe	29	-76569	-353267	142	
Videira, SC		29	-270083	-511517	148	
Vigia, PA		29	-8583	-481417	72	
Vila Andrade, SP		29	-236262	-467283	148	
Vila Curuca, SP		29	-235100	-464157	148	
Vila Formosa, SP		29	-235679	-465460	148	
Vila Galvão, SP	vila galvao, sp	29	-234717	-465792	148	
Vila Guilherme, SP		29	-235092	-466058	148	
Vila Jacui, SP		29	-235026	-464616	148	
Vila Leopoldina, SP		29	-235293	-467344	148	
Vila Maria, SP		29	-235141	-465862	148	
Vila Mariana, SP		29	-235883	-466346	148	
Vila Matilde, SP		29	-235394	-465179	148	
Vila Medeiros, SP		29	-234887	-465776	148	
Vila Prudente, SP		29	-235926	-465728	148	
Vila Velha, ES		29	-203297	-402925	148	
Vilhena, RO		29	-127406	-601458	139	
Vinhedo, SP		29	-230297	-469753	148	
Visconde do Rio Branco, MG		29	-210103	-428406	148	
Viseu, PA		29	-11967	-461400	72	
Vitorino Freire, MA		29	-42880	-452461	95	
Vitória da Conquista, BA	vitoria da conquista, ba	29	-148661	-408394	70	
Vitória de Santo Antão, PE	vitoria de santo antao, pe	29	-81181	-352914	142	
Vitória do Mearim, MA	vitoria do mearim, ma	29	-34622	-448706	95	
Vitória, ES	vitoria, es	29	-203194	-403378	148	
Viçosa do Ceará, CE	vicosa do ceara, ce	29	-35622	-410922	95	
Viçosa, AL	vicosa, al	29	-93714	-362408	115	
Viçosa, MG	vicosa, mg	29	-207539	-428819	148	
Volta Redonda, RJ		29	-225231	-441042	148	
Votorantim, SP		29	-235467	-474378	148	
Votuporanga, SP		29	-204228	-499728	148	
Várzea Alegre, CE	varzea alegre, ce	29	-67889	-392958	95	
Várzea Alegre, CE	varzea alegre, ce	29	-53500	-403833	95	
Várzea Grande, MT	varzea grande, mt	29	-156467	-561325	87	
Várzea Paulista, SP	varzea paulista, sp	29	-232114	-468283	148	
Várzea da Palma, MG	varzea da palma, mg	29	-175976	-447337	148	
Wenceslau Guimarães, BA	wenceslau guimaraes, ba	29	-136860	-394780	70	
Xanxerê, SC	xanxere, sc	29	-268769	-524042	148	
Xaxim, SC		29	-269617	-525347	148	
Xinguara, PA		29	-70983	-499435	72	
Xique-Xique, BA		29	-108229	-427282	70	
Zé Doca, MA	ze doca, ma	29	-32747	-456583	95	
Água Boa, MT	agua boa, mt	29	-140500	-521586	87	
Água Preta, PE	agua preta, pe	29	-87075	-355306	142	
Água Rasa, MG	agua rasa, mg	29	-204333	-451667	148	
Águas Belas, PE	aguas belas, pe	29	-91114	-371231	142	
Águas Claras, DF	aguas claras, df	29	-158397	-480268	148	
Águas Lindas de Goiás, GO	aguas lindas de goias, go	29	-157619	-482817	148	
Álvares Machado, SP	alvares machado, sp	29	-220794	-514719	148	
Óbidos, PA	obidos, pa	29	-19175	-555181	145	
Road Town		30	184269	-646208	158	
Bandar Seri Begawan		31	48904	1149401	177	
Kuala Belait		31	45836	1142312	177	
Liang		31	46775	1144959	177	
Mentiri		31	49706	1150208	177	
Sengkurong		31	48833	1148333	177	
Serasa		31	50176	1150580	177	
Seria		31	46064	1143248	177	
Tutong		31	48028	1146492	177	
Asenovgrad		32	420167	248667	301	
Asparuhovo		32	431807	278882	301	
Blagoevgrad		32	420167	231000	301	
Burgas		32	425061	274678	301	
Dimitrovgrad		32	420500	256000	301	
Dobrich		32	435667	278333	301	
Dupnitsa		32	422648	231172	301	
Gabrovo		32	428747	253342	301	
Gorna Oryahovitsa		32	431278	257017	301	
Haskovo		32	419342	255556	301	
Kardzhali		32	416500	253667	301	
Karlovo		32	426333	248000	301	
Kazanlak		32	426167	254000	301	
Kyustendil		32	422839	226911	301	
Lom		32	438317	232379	301	
Lovech		32	431333	247167	301	
Montana		32	434125	232250	301	
Nova Zagora		32	424833	260167	301	
Pazardzhik		32	422000	243333	301	
Pernik		32	426000	230333	301	
Petrich		32	413985	232070	301	
Pleven		32	434167	246167	301	
Plovdiv		32	421500	247500	301	
Razgrad		32	435333	265167	301	
Ruse		32	438487	259534	301	rousse
Samokov		32	423386	235581	301	
Sandanski		32	415667	232833	301	
Sevlievo		32	430230	251036	301	
Shumen		32	432706	269229	301	
Silistra		32	441171	272606	301	
Sliven		32	426858	263292	301	
Smolyan		32	415744	247120	301	
Sofia		32	426975	233242	301	
Stara Zagora		32	424328	256419	301	
Svishtov		32	436188	253503	301	sistov
Targovishte		32	432512	265722	301	
Varna		32	432167	279167	301	
Veliko Tŭrnovo	veliko turnovo	32	430812	256290	301	veliko tarnovo
Velingrad		32	420275	239916	301	
Vidin		32	439916	228824	301	
Vratsa		32	432100	235625	301	
Yambol		32	424833	265000	301	
Aribinda		33	142296	-8654	46	
Bama		33	120357	-43987	46	
Banfora		33	106333	-47667	46	
Barogo		33	125500	-9667	46	
Bittou		33	112581	-3061	46	
Bobo-Dioulasso		33	111771	-42979	46	
Bogandé	bogande	33	129704	-1495	46	
Boulsa		33	126666	-5747	46	
Bourzanga		33	136781	-15461	46	
Boussé	bousse	33	126612	-18952	46	
Béguédo	beguedo	33	117808	-7339	46	
Dano		33	111464	-30578	46	
Diébougou	diebougou	33	109621	-32497	46	
Djibo		33	140994	-16255	46	
Dori		33	140341	-326	46	
Dédougou	dedougou	33	124634	-34608	46	
Fada N'gourma		33	120616	3584	46	
Gaoua		33	103314	-31820	46	
Garango		33	118000	-5506	46	
Gourcy		33	132078	-23589	46	
Houndé	hounde	33	115000	-35167	46	
Kaya		33	130917	-10844	46	
Kokologo		33	121939	-18769	46	
Kombissiri		33	120688	-13364	46	
Kongoussi		33	133258	-15347	46	
Koudougou		33	122526	-23627	46	
Koupéla	koupela	33	121786	-3510	46	
Léo	leo	33	111003	-21065	46	
Manga		33	116636	-10731	46	
Mogtédo	mogtedo	33	122844	-8372	46	
Niangoloko		33	102833	-49167	46	
Nioko I		33	123950	-14386	46	
Nouna		33	127294	-38630	46	
Orodara		33	109812	-49188	46	
Ouagadougou		33	123657	-15339	46	
Ouahigouya		33	135828	-24216	46	
Pissila		33	131642	-8225	46	
Pouytenga		33	122516	-4256	46	
Pô	po	33	111697	-11450	46	
Réo	reo	33	123196	-24709	46	
Saaba		33	123714	-14147	46	
Saonré	saonre	33	122751	-15769	46	
Sapouy		33	115544	-17736	46	
Solenzo		33	121742	-40848	46	
Tenkodogo		33	117800	-3697	46	
Titao		33	137667	-20667	46	
Tougan		33	130725	-30694	46	
Yako		33	129591	-22607	46	
Yalgo		33	129333	-8500	46	
Zabré	zabre	33	111825	-6322	46	
Ziniaré	ziniare	33	125819	-12971	46	
Zorgo		33	122492	-6153	46	
Bubanza		34	-30804	293910	11	
Bujumbura		34	-33819	293614	11	
Cibitoke		34	-28869	291248	11	
Gatumba		34	-33333	292500	11	
Gitega		34	-34271	299246	11	
Karuzi		34	-31014	301628	11	
Kayanza		34	-29221	296293	11	
Kirundo		34	-25845	300959	11	
Ngozi		34	-29075	298306	11	
Rumonge		34	-39736	294386	11	
Assomada		35	151000	-236833	243	
Espargos		35	167552	-229446	243	
Mindelo		35	168901	-249804	243	
Praia		35	149315	-235125	243	
Battambang		36	131027	1031982	214	
Kampong Cham		36	119934	1054635	214	
Kampong Chhnang		36	122500	1046667	214	
Kampong Speu		36	114533	1045208	214	
Kampot		36	106104	1041814	214	
Koh Kong		36	116153	1029838	214	
Paoy Paet		36	136580	1025636	214	poipet
Phnom Penh		36	115624	1049160	214	
Phumĭ Véal Srê	phumi veal sre	36	109808	1047783	214	
Prey Veng		36	114868	1053253	214	
Pursat		36	125388	1039192	214	
Siem Reap		36	133618	1038606	214	
Sihanoukville		36	106093	1035296	214	
Sisophon		36	135859	1029737	214	
Smach Mean Chey		36	115466	1030357	214	
Stung Treng		36	135259	1059683	214	
Suong		36	119118	1056582	214	
Svay Rieng		36	110878	1057994	214	
Ta Khmau		36	114833	1049500	214	
Takeo		36	109908	1047850	214	
Tbeng Meanchey		36	138073	1049805	214	
Abong Mbang		37	39833	131833	19	
Akonolinga		37	37667	122500	19	
Ambam		37	23833	112833	19	
Bafang		37	51570	101771	19	
Bafia		37	47500	112333	19	
Bafoussam		37	54778	104176	19	
Bafut		37	60833	101000	19	
Bali		37	58874	100118	19	
Bamenda		37	59597	101460	19	
Bamusso		37	44591	89027	19	
Bandjoun		37	53757	104133	19	
Bangangté	bangangte	37	51408	105254	19	
Banyo		37	67500	118167	19	
Batouri		37	44333	143667	19	
Bertoua		37	45773	136846	19	
Blangwa		37	127752	145533	19	
Bogo		37	107336	146093	19	
Buea		37	41534	92423	19	
Bélabo	belabo	37	49333	133000	19	
Douala		37	40483	97043	19	
Dschang		37	54440	100533	19	
Edéa	edea	37	38000	101333	19	
Ekondo Titi		37	46030	90404	19	
Eséka	eseka	37	36500	107667	19	
Figuil		37	97557	139647	19	
Fontem		37	54685	98818	19	
Foumban		37	57266	108986	19	
Foumbot		37	55080	106325	19	
Fundong		37	62800	102830	19	
Garoua		37	93014	133977	19	
Garoua Boulaï	garoua boulai	37	58833	145500	19	
Guider		37	99333	139467	19	
Guidiguis		37	101337	147075	19	
Kaélé	kaele	37	101092	144508	19	
Kekem		37	51569	100200	19	
Kousséri	kousseri	37	120769	150306	19	
Kribi		37	29372	99076	19	
Kumba		37	46363	94469	19	
Kumbo		37	62000	106667	19	
Lagdo		37	90583	136660	19	
Limbe		37	40236	92061	19	
Lolodorf		37	32333	107333	19	
Loum		37	47182	97351	19	
Maga		37	108434	149396	19	
Magba		37	59500	112167	19	
Manjo		37	48428	98217	19	
Maroua		37	105910	143159	19	
Mbalmayo		37	35167	115000	19	
Mbandjok		37	44500	119000	19	
Mbanga		37	45016	95671	19	
Mbouda		37	56261	102542	19	
Melong		37	51218	99614	19	
Meïganga	meiganga	37	65167	143000	19	
Mokolo		37	107424	138023	19	
Mora		37	110461	141401	19	
Mutengene		37	40913	93144	19	
Muyuka		37	42898	94103	19	
Nanga Eboko		37	46833	123667	19	
Ndop		37	59884	104386	19	
Ngaoundal		37	65000	132667	19	
Ngaoundéré	ngaoundere	37	73276	135847	19	
Njombé	njombe	37	45806	96647	19	
Nkambe		37	66333	106667	19	
Nkongsamba		37	49547	99404	19	
Nkoteng		37	45167	120333	19	
Obala		37	41667	115333	19	
Okoa		37	39833	116000	19	
Oku		37	62500	104333	19	
Penja		37	46391	96799	19	
Pitoa		37	93839	135023	19	
Sangmélima	sangmelima	37	29333	119833	19	
Souza Gare		37	42344	96164	19	
Tcholliré	tchollire	37	84022	141698	19	
Tchéboa	tcheboa	37	90287	131848	19	
Tibati		37	64650	126284	19	
Tiko		37	40750	93600	19	
Tombel		37	47466	96705	19	
Touboro		37	77708	153568	19	
Wum		37	63833	100667	19	
Yagoua		37	103411	152329	19	
Yaoundé	yaounde	37	38667	115167	19	
Yokadouma		37	35167	150500	19	
Ébolowa	ebolowa	37	29000	111500	19	
Abbotsford		38	490580	-1222526	159	abbotsford british columbia
Agincourt North		38	438042	-792753	157	
Agincourt South-Malvern West		38	437887	-792656	157	
Ahuntsic-Cartierville		38	455667	-736667	157	
Airdrie		38	513001	-1140353	92	
Ajax		38	438501	-790329	157	
Alma		38	485501	-716491	157	
Ancaster		38	432181	-799872	157	
Annex		38	436716	-794040	157	
Aurora		38	440001	-794663	157	
Aylmer		38	454002	-758064	157	
Baie-Comeau		38	492168	-681489	157	
Banbury-Don Mills		38	437377	-793497	157	
Barrie		38	444001	-796663	157	
Bay Street Corridor		38	436575	-793857	157	
Bayview Village		38	437764	-793803	157	
Bedford Park-Nortown		38	437315	-794202	157	
Belleville		38	441668	-773828	157	
Beltline		38	510395	-1140709	92	
Bendale		38	437668	-792533	157	
Birchcliffe-Cliffside		38	436947	-792651	157	
Black Creek		38	437649	-795220	157	
Blainville		38	456668	-738825	157	
Boisbriand		38	456168	-738325	157	
Boucherville		38	455910	-734360	157	
Bowmanville		38	439168	-786829	157	
Brampton		38	436834	-797663	157	
Brandon		38	498469	-999531	161	
Brant		38	431334	-803497	157	
Brantford		38	431334	-802664	157	
Brighouse-City Centre		38	491667	-1231333	159	
Broadmoor		38	491500	-1231333	159	
Brockville		38	445913	-756870	157	
Brossard		38	454501	-734658	157	
Burlington		38	433862	-798371	157	
Burnaby		38	492664	-1229526	159	
Caledon		38	438654	-799932	157	
Calgary		38	510501	-1140853	92	
Cambridge		38	433601	-803127	157	
Campbell River		38	500163	-1252446	159	
Chambly		38	454501	-732825	157	
Charlottetown		38	462346	-631256	103	
Chatham		38	424122	-821849	157	
Chilliwack		38	491664	-1219526	159	
Chilliwack-Downtown		38	491643	-1219591	159	
Chinatown		38	492800	-1231056	159	
Church-Yonge Corridor		38	436596	-793790	157	
Châteauguay	chateauguay	38	453834	-737492	157	
Clairlea-Birchmount		38	437136	-792814	157	
Cloverdale		38	491080	-1227276	159	
Cochrane		38	511834	-1144687	92	
Collingwood		38	444834	-802164	157	
Coquitlam		38	492846	-1227822	159	
Cornwall		38	450181	-747282	157	
Courtenay		38	496866	-1249936	159	
Côte-Saint-Luc	cote-saint-luc	38	454654	-736659	157	
Dartmouth		38	446713	-635772	103	
Delta		38	491440	-1229068	159	
Desmarchais-Crawford		38	454455	-735816	157	
Dieppe		38	460784	-646874	125	
Dollard-Des Ormeaux		38	454945	-738242	157	dollard-des-ormeaux
Don Valley Village		38	437833	-793536	157	
Dorset Park		38	437539	-792822	157	
Dovercourt-Wallace Emerson-Junction		38	436657	-794385	157	
Downsview-Roding-CFB		38	437333	-794905	157	
Downtown		38	492778	-1231279	159	
Drummondville		38	458834	-724824	157	
Dunbar-Southlands		38	492422	-1231884	159	
Duncan		38	487829	-1237027	159	
East End-Danforth		38	436842	-792994	157	
East Gwillimbury		38	441009	-794378	157	
East Hastings		38	492717	-1230619	159	
Edmonds		38	492139	-1229399	159	
Edmonton		38	535501	-1134687	92	
Eglinton East		38	437392	-792458	157	
Englemount-Lawrence		38	437204	-794374	157	
Etobicoke		38	436442	-795698	157	
Fairview		38	492630	-1231321	159	
Fallingbrook		38	454756	-754840	157	
Fleetwood		38	491667	-1228000	159	
Flemingdon Park		38	437181	-793322	157	
Fort Erie		38	429001	-789329	157	
Fort McMurray		38	567268	-1113810	92	
Fraser Heights		38	492000	-1227833	159	
Fredericton		38	459454	-666656	125	
Gatineau		38	454772	-757016	157	
Glenfield-Jane Heights		38	437456	-795135	157	
Gordon Head		38	484833	-1233167	159	
Granby		38	454001	-727324	157	
Grande Prairie		38	551667	-1188027	92	
Grandview-Woodlands		38	492833	-1230667	159	
Greater Sudbury		38	464900	-809900	157	
Grimsby		38	432001	-795663	157	
Guelph		38	435459	-802560	157	
Guildford		38	491917	-1228000	159	
Halifax		38	446427	-635769	103	
Halton Hills		38	436403	-799315	157	
Hamilton		38	432501	-798496	157	
Hastings-Sunrise		38	492833	-1230333	159	
High Park North		38	436563	-794745	157	
High Park-Swansea		38	436451	-794679	157	
Innisfil		38	443001	-796496	157	
Islington-City Centre West		38	436335	-795433	157	
Joliette		38	460164	-734236	157	
Jonquière	jonquiere	38	484165	-712488	157	
Kamloops		38	506665	-1203192	159	
Kanata		38	453001	-759161	157	
Kelowna		38	498831	-1194857	159	
Kensington-Cedar Cottage		38	492500	-1230667	159	
Killarney		38	492167	-1230333	159	
Kingston		38	442298	-764810	157	
Kingsview Village-The Westway		38	436990	-795479	157	
Kingsville		38	421001	-827331	157	
Kitchener		38	434254	-805112	157	
Kitsilano		38	492667	-1231667	159	
L'Amoreaux		38	437957	-793141	157	
La Haute-Saint-Charles		38	468903	-713722	157	
La Prairie		38	454168	-734992	157	
LaSalle		38	422448	-830610	157	
Ladner		38	490894	-1230824	159	
Langford		38	484496	-1235026	159	
Langley		38	491011	-1226588	159	
Laval		38	455700	-736920	157	
Leamington		38	420501	-825998	157	
Lethbridge		38	497000	-1128186	92	
Lloydminster		38	532724	-1100226	92	
London		38	429834	-812330	157	
Longueuil		38	455152	-734682	157	
Lower Sackville		38	447760	-636786	103	
Lévis	levis	38	468033	-711779	157	
Malvern		38	438094	-792234	157	
Maple Ridge		38	492194	-1226019	159	
Markham		38	438668	-792663	157	
Marpole		38	492136	-1231298	159	
Mascouche		38	457496	-735996	157	
Medicine Hat		38	500393	-1106766	92	
Metrotown		38	492250	-1230000	159	
Midland		38	447501	-798830	157	
Mile End		38	455237	-735963	157	
Milliken		38	438250	-792987	157	
Milton		38	435168	-798829	157	
Mimico		38	436162	-795127	157	
Mirabel		38	456501	-740825	157	
Mission		38	491330	-1223026	159	
Mississauga		38	435789	-796583	157	
Moncton		38	460945	-647965	125	
Montréal	montreal	38	455088	-735878	157	
Moose Jaw		38	504000	-1055344	143	
Mount Olive-Silverstone-Jamestown		38	437469	-795873	157	
Mount Pearl		38	475166	-527814	150	
Mount Pleasant		38	492667	-1231000	159	
Mount Pleasant West		38	437044	-793934	157	
Nanaimo		38	491664	-1239400	159	
Nepean		38	453362	-757225	157	
New Westminster		38	492068	-1229109	159	
Newmarket		38	440501	-794663	157	
Newton		38	491333	-1228500	159	surrey newton
Newtonbrook West		38	437858	-794314	157	
Niagara		38	436446	-794071	157	
Niagara Falls		38	431001	-790663	157	
Norfolk County		38	428334	-803830	157	
North Bay		38	463168	-794663	157	
North Cowichan		38	488413	-1236860	159	
North Delta		38	491667	-1229167	159	
North Vancouver		38	493164	-1230693	159	
Notre-Dame-de-Grâce	notre-dame-de-grace	38	454768	-736143	157	
Oakville		38	434501	-796829	157	
Oakwood Village		38	436828	-794383	157	
Okanagan Mission		38	498167	-1194833	159	
Orangeville		38	439168	-800997	157	
Orillia		38	446087	-794207	157	
Oshawa		38	439001	-788496	157	
Ottawa		38	454112	-756981	157	
Outremont		38	455156	-736086	157	
Owen Sound		38	445672	-809435	157	
Paradise		38	475291	-528814	150	
Parc-Extension		38	455295	-736318	157	
Parkwoods-Donalda		38	437550	-793302	157	
Penticton		38	494806	-1195858	159	
Peterborough		38	443001	-783162	157	
Pickering		38	439001	-791329	157	
Pointe-Claire		38	454487	-738167	157	
Port Coquitlam		38	492664	-1227693	159	
Port Moody		38	492812	-1228246	159	
Prince Albert		38	532001	-1057677	143	
Prince Edward		38	440001	-772495	157	
Prince George		38	539166	-1227530	159	
Quinte West		38	441834	-775662	157	
Québec	quebec	38	468123	-712145	157	
Red Deer		38	522668	-1138020	92	
Regina		38	504501	-1046178	143	
Renfrew-Collingwood		38	492450	-1230376	159	
Repentigny		38	457422	-734501	157	
Richmond		38	491700	-1231368	159	
Richmond Hill		38	438711	-794373	157	
Riley Park		38	492430	-1230932	159	
Rimouski		38	484488	-685240	157	
Rock Forest		38	453570	-719968	157	
Rockcliffe-Smythe		38	436748	-794944	157	
Rouge		38	438041	-791657	157	
Rouyn-Noranda		38	482366	-790231	157	
Rutland		38	498998	-1193857	159	
Saanich		38	485496	-1233693	159	
Saguenay		38	484168	-710657	157	
Saint John		38	452708	-660562	125	
Saint-Bruno-de-Montarville		38	455334	-733492	157	
Saint-Constant		38	453668	-735659	157	
Saint-Eustache		38	455650	-739055	157	
Saint-Georges		38	461135	-706653	157	
Saint-Hubert		38	455001	-734158	157	
Saint-Hyacinthe		38	456308	-729570	157	
Saint-Jean-sur-Richelieu		38	453071	-732626	157	
Saint-Jérôme	saint-jerome	38	457804	-740036	157	
Saint-Laurent		38	455001	-736659	157	
Saint-Léonard	saint-leonard	38	455877	-735950	157	
Saint-Michel		38	455676	-736217	157	
Sainte-Julie		38	455834	-733325	157	
Sainte-Thérèse	sainte-therese	38	456392	-738276	157	
Salaberry-de-Valleyfield		38	452501	-741325	157	
Sarnia		38	429787	-824041	157	
Saskatoon		38	521324	-1066689	143	
Sault Ste. Marie		38	465168	-843333	157	
Sept-Îles	sept-iles	38	502001	-663821	157	
Shawinigan		38	465668	-727491	157	
Sherbrooke		38	454001	-718991	157	
Sherwood Park		38	535168	-1133187	92	
Snowdon		38	454859	-736310	157	
Sorel-Tracy		38	460418	-731136	157	
South Granville		38	492602	-1231395	159	
South Parkdale		38	436367	-794393	157	
South Riverdale		38	436493	-793356	157	
South Surrey		38	490500	-1227917	159	
Spruce Grove		38	535334	-1139187	92	
Squamish		38	496992	-1231563	159	
St. Albert		38	536334	-1136353	92	
St. Catharines		38	431713	-792427	157	
St. John's		38	475649	-527093	150	
St. Thomas		38	427736	-811804	157	
Steeles		38	438120	-793308	157	
Steveston		38	491271	-1231814	159	
Stonegate-Queensway		38	436355	-795011	157	
Stouffville		38	439668	-792496	157	
Stratford		38	433668	-809497	157	
Strathroy		38	429551	-816223	157	
Sunset		38	492210	-1230955	159	
Surrey		38	491064	-1228251	159	
Surrey City Centre		38	491854	-1228466	159	
Sydney		38	461351	-601831	96	
Tam O'Shanter-Sullivan		38	437798	-792950	157	
Tecumseh		38	423160	-828840	157	
Terrebonne		38	457000	-736473	157	
The Beaches		38	436737	-792954	157	
Thetford-Mines		38	460937	-713054	157	
Thunder Bay		38	483820	-892502	157	
Timmins		38	484669	-813331	157	
Toronto		38	437064	-793986	157	
Trois-Rivières	trois-rivieres	38	463451	-725477	157	
Tsawwassen		38	490167	-1230833	159	
Val-d'Or		38	480974	-777974	157	
Vancouver		38	492497	-1231193	159	
Vaudreuil-Dorion		38	454001	-740325	157	
Vaughan		38	438361	-794983	157	
Vedder Crossing		38	491000	-1219667	159	
Verdun		38	454600	-735706	157	
Vernon		38	502673	-1192734	159	
Victoria		38	484359	-1233516	159	
Victoria-Downtown		38	484277	-1233610	159	downtown victoria
Victoria-Fraserview		38	492167	-1230667	159	
Victoriaville		38	460501	-719658	157	
Ville-Émard	ville-emard	38	454498	-736015	157	
Walnut Grove		38	491647	-1226404	159	
Waterfront Communities-The Island		38	436339	-793772	157	
Waterloo		38	434668	-805164	157	
Welland		38	429834	-792496	157	
West End		38	492833	-1231333	159	
West Hill		38	437674	-791795	157	
West Humber-Clairville		38	437162	-795964	157	
West Kelowna		38	498625	-1195833	159	
West Vancouver		38	493286	-1231602	159	
Westminster-Branson		38	437788	-794524	157	
Wexford/Maryvale		38	437486	-792986	157	
Whalley		38	491792	-1228667	159	
Whitby		38	438834	-789329	157	
Whitchurch-Stouffville		38	440001	-793163	157	whitchurch–stouffville
White Rock		38	490205	-1227951	159	
Whitehorse		38	607161	-1350538	160	
Willoughby		38	491262	-1226800	159	
Willowdale		38	437667	-793991	157	
Willowdale East		38	437706	-794015	157	
Willowridge-Martingrove-Richview		38	436836	-795542	157	
Windsor		38	423001	-830165	157	
Winnipeg		38	498844	-971470	161	
Woburn		38	437666	-792277	157	
Woodstock		38	431334	-807497	157	
York University Heights		38	437657	-794889	157	
George Town		39	192866	-813744	81	
West Bay		39	193820	-813928	81	
Alindao		40	50267	212088	6	
Baboua		40	57956	148280	6	
Bambari		40	57680	206756	6	
Bangassou		40	47413	228184	6	
Bangui		40	43612	185550	6	
Batangafo		40	73008	182833	6	
Berbérati	berberati	40	42612	157922	6	
Bimbo		40	42567	184158	6	
Bocaranga		40	69853	156406	6	
Bossangoa		40	64926	174552	6	
Bouar		40	59340	155960	6	
Bria		40	65423	219863	6	
Bégoua	begoua	40	44544	185348	6	
Carnot		40	49427	158774	6	
Ippy		40	62679	212247	6	
Kaga-Bandoro		40	69896	191874	6	
Kouango		40	49934	199619	6	
Mbaïki	mbaiki	40	38678	179892	6	
Ndélé	ndele	40	84109	206473	6	
Nola		40	35249	160458	6	
Paoua		40	72427	164406	6	
Sibut		40	57180	190739	6	
Yaloké	yaloke	40	53195	171011	6	
Abéché	abeche	41	138292	208324	43	
Adré	adre	41	134665	221988	43	
Am Timan		41	110433	202834	43	
Amdjarass		41	160667	228354	43	
Ati		41	132138	183393	43	
Biltine		41	145273	209260	43	
Bitkine		41	119801	182138	43	
Bokoro		41	123781	170588	43	
Bol		41	134673	147135	43	
Bongor		41	102809	153742	43	
Bébédja	bebedja	41	86761	165660	43	
Doba		41	86639	168532	43	
Faya-Largeau		41	179257	191043	43	
Fianga		41	99146	151399	43	
Goré	gore	41	86500	165167	43	
Gounou Gaya		41	96294	155132	43	
Goz Beida		41	122264	214098	43	
Guelendeng		41	109176	155501	43	
Iriba		41	151167	222500	43	
Kelo		41	93086	158066	43	
Koumra		41	89159	175505	43	
Kyabé	kyabe	41	94515	189449	43	
Laï	lai	41	93972	163007	43	
Léré	lere	41	96447	142151	43	
Mao		41	141229	153119	43	
Maro		41	92235	177102	43	
Massaguet		41	124755	154365	43	
Massakory		41	129981	157320	43	
Mongo		41	121851	186884	43	
Moundou		41	85744	160772	43	
Moussoro		41	136444	164895	43	
N'Djamena		41	121067	150444	43	
Pala		41	93646	149072	43	
Sarh		41	91456	183833	43	
Umm Hājar	umm hajar	41	132954	196966	43	
Alto Hospicio		42	-202687	-701049	146	
Ancud		42	-418707	-738162	146	
Angol		42	-377952	-727164	146	
Antofagasta		42	-236509	-703975	146	
Arauco		42	-372463	-733175	146	
Arica		42	-184755	-703006	146	
Buin		42	-337326	-707428	146	
Calama		42	-224567	-689237	146	
Castro		42	-424721	-737732	146	
Cauquenes		42	-359671	-723225	146	
Chiguayante		42	-369256	-730284	146	
Chillán	chillan	42	-366066	-721034	146	
Concepción	concepcion	42	-368270	-730498	146	
Constitución	constitucion	42	-353332	-724116	146	
Copiapó	copiapo	42	-273674	-703322	146	
Coquimbo		42	-299533	-713395	146	
Coronel		42	-370339	-731402	146	
Coyhaique		42	-455752	-720662	86	
Curanilahue		42	-374779	-733450	146	
Curicó	curico	42	-349828	-712394	146	
El Monte		42	-336797	-709848	146	
Graneros		42	-340686	-707275	146	
Hacienda La Calera		42	-327833	-712167	146	
Illapel		42	-316335	-711697	146	
Iquique		42	-202133	-701503	146	
La Ligua		42	-324524	-712311	146	
La Pintana		42	-335833	-706342	146	
La Serena		42	-299059	-712501	146	
La Unión	la union	42	-402931	-730817	146	
Lampa		42	-332863	-708756	146	
Las Animas		42	-398087	-732182	146	
Lautaro		42	-385307	-724365	146	
Lebu		42	-376082	-736536	146	
Limache		42	-330133	-712608	146	
Linares		42	-358467	-715931	146	
Lo Prado		42	-334443	-707255	146	
Los Andes		42	-328337	-705983	146	
Los Ángeles	los angeles	42	-374697	-723537	146	
Lota		42	-370899	-731577	146	
Machalí	machali	42	-341808	-706493	146	
Melipilla		42	-336891	-712153	146	
Molina		42	-351143	-712823	146	
Mulchén	mulchen	42	-377189	-722410	146	
Nacimiento		42	-375025	-726731	146	
Osorno		42	-405740	-731335	146	
Ovalle		42	-306011	-711990	146	
Paine		42	-338080	-707411	146	
Parral		42	-361431	-718260	146	
Penco		42	-367408	-729953	146	
Peñaflor	penaflor	42	-336063	-708765	146	
Pucón	pucon	42	-392822	-719543	146	
Puente Alto		42	-336117	-705758	146	
Puerto Montt		42	-414693	-729424	146	port montt
Puerto Varas		42	-413195	-729854	146	
Punta Arenas		42	-531628	-709092	141	
Quellón	quellon	42	-431182	-736166	146	
Quillota		42	-328834	-712488	146	
Quilpué	quilpue	42	-330475	-714425	146	
Rancagua		42	-341691	-707405	146	
Rengo		42	-344064	-708583	146	
San Antonio		42	-335947	-716075	146	
San Bernardo		42	-335922	-706996	146	
San Carlos		42	-364248	-719580	146	
San Felipe		42	-327498	-707258	146	
San Javier		42	-355952	-717292	146	
San Vicente		42	-344333	-710833	146	
San Vicente de Tagua Tagua		42	-344386	-710775	146	
Santa Cruz		42	-346388	-713658	146	
Santiago		42	-334569	-706483	146	
Talagante		42	-336639	-709273	146	
Talca		42	-354232	-716497	146	
Talcahuano		42	-367249	-731168	146	
Temuco		42	-387363	-725974	146	
Tocopilla		42	-220920	-701979	146	
Tomé	tome	42	-366176	-729559	146	
Valdivia		42	-398142	-732459	146	
Vallenar		42	-285762	-707594	146	
Valparaíso	valparaiso	42	-330360	-716296	146	
Victoria		42	-382329	-723329	146	
Villa Alemana		42	-330482	-713729	146	
Villarrica		42	-392857	-722279	146	
Viña del Mar	vina del mar	42	-330246	-715518	146	
Acheng		43	455456	1269519	224	
Ahu		43	343766	1186031	224	
Akesalayi		43	371692	796898	234	
Alamaiti		43	385820	774762	234	
Anbu		43	234490	1166809	224	
Anda		43	464487	1253016	224	
Anfu		43	293594	1054674	224	
Anfu		43	349728	1056303	224	
Anguo		43	348306	1168194	224	
Anhua		43	335053	1050478	224	
Anjiang		43	273194	1101031	224	
Ankang		43	326800	1090172	224	
Anlan		43	292472	1065942	224	
Anliu		43	236982	1156795	224	
Anlong		43	251000	1055167	224	
Anlu		43	312575	1136783	224	
Anning		43	249227	1024850	224	
Anping		43	309638	1093450	224	
Anqing		43	305136	1170472	224	anking
Anqiu		43	364342	1191925	224	
Anshan		43	411236	1229900	224	
Anshun		43	262500	1059333	224	
Antu		43	431025	1289085	224	
Anwen		43	286800	1067565	224	
Anxiang		43	383834	1145405	224	
Anyang		43	360960	1143828	224	
Anyuan		43	348808	1052764	224	
Aoxi		43	274259	1158364	224	
Aqsu		43	411842	802792	234	aksu
Aral		43	405418	812657	234	
Artux		43	397084	761797	234	
Awati		43	386084	773964	234	
Babu		43	244167	1115167	224	
Bachuan		43	298486	1060505	224	
Bageqi		43	371407	798351	234	
Baicheng		43	456175	1228330	224	
Baicheng		43	363274	1197788	224	
Baichihe		43	361156	1195333	224	
Baidi		43	310576	1095909	224	
Baihe		43	312635	1084637	224	
Baihecun		43	221132	1072359	224	
Baihua		43	290942	1046085	224	
Baijiantan		43	456930	851394	234	
Bailin		43	287360	1064604	224	
Baima		43	293955	1075394	224	
Baimajing		43	197120	1092180	224	
Baiquan		43	476066	1260823	224	
Baise		43	238901	1066268	224	baise city
Baisha		43	290623	1061189	224	
Baisha		43	217167	1096833	224	
Baishan		43	419385	1264196	224	
Baisheng		43	298135	1073926	224	
Baishikante		43	384596	774790	234	
Baishishan		43	435833	1275667	224	
Baitao		43	295508	1074869	224	
Baixi		43	286997	1045492	224	
Baiyang		43	308164	1086110	224	
Baiyin		43	365470	1041702	224	
Baizi		43	300940	1057130	224	
Bai’anba		43	307628	1084372	224	
Bake		43	299006	1070229	224	
Baliwan		43	348476	1053704	224	
Balu		43	341887	1179126	224	
Banan		43	293786	1065400	224	
Banqiao		43	295130	1059534	224	
Bao'an		43	225521	1138829	224	
Bao'an Centre		43	225795	1139163	224	
Baoding		43	388729	1154625	224	
Baoji		43	343678	1072370	224	
Baojia		43	294387	1083132	224	
Baoluan		43	297642	1076783	224	
Baoqing		43	463245	1321897	224	
Baoshan		43	251163	991637	224	
Baoshan		43	465747	1313932	224	
Baotou		43	406516	1098439	224	
Baoying		43	332292	1193092	224	
Bashan		43	277682	1160502	224	
Basuo		43	191027	1086656	224	
Batang		43	298354	1062927	224	
Bayan		43	460762	1273937	224	
Bayan Hot		43	388386	1056686	224	bayanhot
Bayan Nur		43	407414	1073860	224	
Bayandai		43	439659	812485	234	
Bayi		43	296581	943589	224	
Bayiji		43	342667	1176833	224	
Beibei		43	298274	1064364	224	
Beichengqu		43	404394	1131536	224	fengzhen
Beidao		43	345686	1058933	224	
Beihai		43	214835	1091155	224	
Beihai		43	250800	985775	224	
Beijing		43	399075	1163972	224	
Beiliu		43	227072	1103492	224	
Beimeng		43	366044	1194956	224	
Beipiao		43	417919	1207792	224	
Beisu		43	381548	1148069	224	
Beiwangli		43	386208	1153964	224	
Bei’an		43	482667	1266000	224	
Bengbu		43	329408	1173608	224	
Benxi		43	412886	1237650	224	
Biantang		43	344233	1176454	224	
Bianzhuang		43	348486	1180447	224	
Bijie		43	273019	1052863	224	
Bin Xian		43	457427	1274605	224	
Binhe		43	326883	1128275	224	
Binzhou		43	373667	1180167	224	
Bishan		43	295949	1062248	224	
Biyang		43	299288	1179464	224	
Bojia		43	264672	1119681	224	
Bole		43	448933	820699	224	
Boli		43	457529	1305845	224	
Bonan		43	254633	995283	224	
Boshan		43	364833	1178333	224	
Botou		43	380737	1165667	224	
Bowangshan		43	283077	1050522	224	
Bozhou		43	338772	1157703	224	
Buhe		43	302876	1122298	224	
Buzhake		43	370657	798000	234	
Buzhuang		43	369122	1195566	224	
Báigōng Jiēdào	baigong jiedao	43	302949	1080337	224	chungchow
Báishí Zhèn	baishi zhen	43	303167	1078825	224	
Caidian		43	305833	1140333	224	
Caijia		43	289089	1063404	224	
Caijiagang		43	297425	1064751	224	
Cangzhou		43	383112	1168533	224	
Caohe		43	302297	1154335	224	
Caojie		43	299976	1063902	224	
Caoqiao		43	343405	1181104	224	
Caotang		43	310902	1096240	224	
Chahe		43	345333	1178833	224	
Chaigou		43	362489	1196242	224	
Chaihe		43	447598	1296783	224	
Changcheng		43	360906	1194517	224	
Changchun		43	438800	1253228	224	
Changdao		43	342049	1053365	224	
Changde		43	290320	1116984	224	
Changdian		43	347759	1165834	224	
Changji		43	440078	873046	234	
Changle		43	367058	1188275	224	
Changle		43	218333	1094167	224	
Changleng		43	287000	1158167	224	
Changli		43	397065	1191603	224	
Changling		43	442730	1239756	224	
Changling		43	307684	1084844	224	
Changning		43	285777	1049209	224	
Changping		43	402161	1162347	224	
Changqing		43	365575	1167272	224	
Changsha		43	281987	1129709	224	
Changsha		43	223812	1126849	224	
Changsha		43	310000	1083046	224	
Changshouhu		43	299054	1072379	224	
Changshu		43	316462	1207422	224	
Changtu		43	427788	1240954	224	
Changxin		43	386747	1063297	224	
Changyi		43	368536	1193908	224	
Changyuan		43	294050	1055883	224	
Changzheng		43	312391	1213678	224	
Changzhi		43	361839	1131053	224	
Changzhi		43	352089	1117386	224	
Changzhou		43	317736	1199540	224	
Chaohu		43	316000	1178667	224	
Chaotian		43	326446	1058850	224	
Chaoyang		43	415703	1204586	224	
Chaoyang		43	426622	1260263	224	
Chaozhou		43	236540	1166226	224	
Chapchal		43	438356	811476	234	
Chefushan		43	344752	1177512	224	
Chengde		43	409519	1179588	224	
Chengdu		43	306667	1040667	224	
Chenggu		43	331492	1073258	224	
Chenghai		43	264617	1006786	224	
Chenghua		43	234613	1167701	224	
Chengjiang		43	298719	1063847	224	
Chengtangcun		43	350836	1171907	224	tengzhou
Chengxi		43	302092	1072589	224	
Chengxian Chengguanzhen		43	337478	1057329	224	
Chengxiang		43	313980	1095706	224	
Chengyang		43	355794	1188328	224	
Chengzhong		43	309445	1135528	224	
Chengzihe		43	453361	1310049	224	
Chenjiaba		43	308077	1084085	224	
Chenlou		43	343889	1180500	224	
Chenshi		43	293145	1059926	224	
Chentuan		43	355047	1192669	224	
Chenzhou		43	258000	1130333	224	
Chifeng		43	422683	1189636	224	
Chizhou		43	306613	1174778	224	
Chongkan		43	301556	1056122	224	
Chonglong		43	297806	1048522	224	
Chongqing		43	295603	1065577	224	
Chongxing		43	380333	1063000	224	
Chongzuo		43	223816	1073683	224	
Chuxiong		43	250364	1015456	224	
Chuzhou		43	323219	1182978	224	
Cixi		43	301764	1212457	224	
Cizhu		43	299854	1067398	224	
Cuijiaji		43	366253	1197133	224	
Dachang		43	312686	1098021	224	
Dachang Shandao		43	392756	1226000	224	
Dacheng		43	195093	1093928	224	
Dadamtu		43	439803	813142	234	
Dade		43	312129	1083403	224	
Dafengdong		43	267119	1078114	224	
Dahuangshan		43	342934	1173444	224	
Daizhuang		43	345139	1178528	224	
Dajin		43	315096	1084458	224	
Dalai		43	455000	1243000	224	
Dali		43	255847	1002123	224	
Dali Old Town		43	256886	1001589	224	
Dalian		43	389122	1216022	224	
Daliang		43	228407	1132503	224	shunde
Dalianwan		43	390286	1216950	224	
Dalu		43	297298	1062177	224	
Damiao		43	342641	1173638	224	
Damoujia		43	365436	1198133	224	
Dandong		43	401292	1243947	224	
Dangjiang		43	216500	1091167	224	
Danjiangkou		43	325428	1115086	224	
Danshui		43	227984	1144672	224	
Daocheng		43	290379	1002974	224	
Daokou		43	355690	1145159	224	
Daotian		43	368339	1188978	224	
Dapeng		43	342844	1170752	224	
Daqing		43	465833	1250000	224	
Dasha		43	231104	1134418	224	
Dashahe		43	345385	1166245	224	
Dasheng		43	363200	1188554	224	
Dasheng		43	298903	1068973	224	
Dashi		43	300937	1062223	224	
Dashi		43	348975	1051864	224	
Dashiqiao		43	406373	1225025	224	
Dashitou		43	433067	1285114	224	
Dashu		43	312109	1093215	224	
Datong		43	400936	1132914	224	
Datong		43	326208	1170632	224	
Datong		43	285965	1066675	224	
Datun		43	348092	1169017	224	
Dawan		43	300196	1068202	224	
Dawukou		43	390419	1063958	224	
Daxing		43	397403	1163269	224	
Daxing		43	272637	1008639	224	
Daxing		43	295560	1061600	224	
Daxu		43	342824	1175527	224	
Dayang		43	349898	1060720	224	
Daye		43	300833	1149500	224	
Dazeshan		43	369887	1199222	224	
Dazhong		43	331997	1204578	224	
Dazhou		43	312106	1074631	224	
Da’an		43	293831	1060148	224	
Degan		43	292785	1062316	224	
Dehui		43	445333	1257000	224	
Dengbu		43	282084	1168172	224	
Dengzhou		43	326822	1120819	224	
Dengzhou		43	378082	1207591	224	
Deqing		43	305448	1199599	224	
Deyang		43	311302	1043820	224	
Dezhou		43	374466	1163671	224	
Dianbu		43	367017	1203511	224	
Dianzi		43	369011	1198657	224	
Diaoyucheng		43	299988	1062661	224	
Didao		43	453472	1308369	224	
Dingcheng		43	321272	1150394	224	
Dingjia		43	294090	1061423	224	
Dingtao		43	350744	1155658	224	
Dingxi		43	355709	1046230	224	
Dingzhou		43	385147	1149868	224	
Dongcheng		43	197087	1094561	224	
Dongcun		43	367767	1211597	224	
Dongdu		43	358500	1177000	224	
Dongfeng		43	426739	1255288	224	
Dongguan		43	230180	1137487	224	
Donghai		43	229459	1156420	224	
Donghe		43	322334	1063013	224	
Dongkan		43	339997	1198308	224	
Dongling		43	418144	1235758	224	
Dongning		43	440844	1311184	224	
Dongsheng		43	398161	1099776	224	
Dongta		43	380814	1063444	224	
Dongtai		43	328523	1203095	224	
Dongwenquan		43	294561	1068578	224	
Dongxi		43	287614	1066611	224	
Dongxia		43	367492	1185827	224	
Dongxing		43	215500	1079667	224	
Dongyang		43	292678	1202253	224	
Dongyang		43	298329	1064507	224	
Dongying		43	374627	1184916	224	
Dorbod		43	468614	1244420	224	
Ducheng		43	232421	1115284	224	
Dunhao		43	313330	1083582	224	
Dunhou		43	270500	1149000	224	
Dunhua		43	433695	1282286	224	
Dunhuang		43	401667	946833	224	
Duoba		43	366580	1015337	224	
Duobao		43	306700	1126895	224	
Dushan		43	258333	1075333	224	
Dushi		43	291500	1065328	224	
Duyun		43	262667	1075167	224	
Duzhou		43	298785	1070784	224	
Dêqên	deqen	43	299618	907188	224	
Elixku		43	387092	773706	234	
Emin		43	465258	836342	234	
Encheng		43	221866	1123042	224	
Enshi		43	303000	1094833	224	
Erdaojiang		43	417764	1260319	224	
Ezhou		43	304000	1148333	224	
E’erguna		43	502236	1201709	224	
E’zhou		43	303961	1148866	224	ezhou
Fangcheng Chengguanzhen		43	332532	1130012	224	
Fangchenggang		43	217694	1083566	224	
Fangcun		43	340864	1174736	224	
Fangshan		43	396870	1159966	224	
Fanlou		43	344809	1168525	224	
Feicheng		43	352606	1179675	224	
Feicheng		43	362486	1167658	224	
Fendou		43	466414	1248628	224	
Fengcheng		43	298259	1070602	224	
Fengcheng		43	347039	1165872	224	
Fengcheng		43	404536	1240717	224	
Fenggang		43	275457	1162146	224	
Fenggao		43	294268	1056751	224	
Fenghua		43	296563	1214064	224	
Fenghuang		43	279356	1095996	224	
Fengjia		43	293931	1087846	224	
Fengkou		43	300827	1133335	224	
Fengping		43	243974	985177	224	
Fengrun		43	398266	1181382	224	
Fengyi		43	255840	1003118	224	
Fenhe		43	311372	1095221	224	
Fenshui		43	307197	1080833	224	
Fenyi		43	278112	1146680	224	
Foshan		43	230268	1131315	224	
Fubang		43	229042	998029	224	
Fuding		43	273273	1202140	224	
Fuhuan		43	288338	1067554	224	
Fuji		43	291482	1053739	224	
Fujia		43	338189	1059536	224	
Fujin		43	472472	1320296	224	
Fuling		43	297100	1073939	224	
Fuqing		43	257294	1193747	224	
Fushun		43	418867	1239436	224	
Futian		43	312220	1097107	224	
Fuxin		43	420156	1216589	224	
Fuxing		43	298190	1065571	224	
Fuyang		43	329000	1158167	224	
Fuyang		43	300533	1199519	224	
Fuyu		43	451833	1248167	224	
Fuyu		43	477949	1244577	224	
Fuyuan		43	483635	1342984	224	
Fuzhou		43	260614	1193061	224	
Fuzhou		43	279600	1163333	224	
Fu’an		43	270913	1196445	224	
Gangshang		43	345215	1181184	224	
Gangtou		43	343174	1182072	224	
Gangu Chengguanzhen		43	347356	1053263	224	
Gangxia		43	225403	1140614	224	
Gannan		43	479204	1235005	224	
Ganning		43	306691	1082805	224	
Ganshui		43	287422	1067111	224	
Gantang		43	274375	1119731	224	
Gantang		43	267156	1097689	224	
Ganzhou		43	258466	1149326	224	
Gaogou		43	340175	1191886	224	
Gaojia		43	300204	1078600	224	
Gaoliang		43	308239	1083022	224	
Gaoliu		43	368000	1185000	224	
Gaoliu		43	343167	1185167	224	
Gaomi		43	363833	1197528	224	
Gaoping		43	307758	1061029	224	
Gaoqiao		43	313688	1082422	224	
Gaoyou		43	327893	1194418	224	
Gaozhou		43	219196	1108568	224	
Gaozuo		43	339031	1180397	224	
Gao’an		43	302902	1074620	224	
Gar		43	325012	800976	224	shiquanhe
Gecheng		43	319486	1086607	224	
Gejiu		43	233608	1031537	224	
Gelan		43	300359	1071161	224	
Genhe		43	507833	1215167	224	
Ghulja		43	439151	813215	234	yining
Gongchangling		43	411167	1234500	224	
Gongguan		43	218000	1096000	224	
Gongheyong		43	227592	1137945	224	
Gongmen		43	349414	1062964	224	
Gongping		43	311270	1091972	224	
Gongqingcheng		43	292492	1158095	224	
Gongyi		43	347553	1130114	224	
Gongzhuling		43	435007	1248198	224	
Guanba		43	288019	1068059	224	
Guandu		43	309559	1098470	224	
Guandu		43	300810	1064290	224	
Guangcun		43	196419	1093545	224	
Guangshui		43	316199	1139978	224	
Guangshun		43	293748	1055265	224	
Guangyuan		43	324420	1058230	224	
Guangzhou		43	231167	1132500	224	
Guang’an		43	304741	1066370	224	
Guanhu		43	344253	1179953	224	
Guankou		43	281586	1136271	224	
Guanlong		43	225878	1139440	224	
Guanshan		43	337983	1178664	224	
Guanyin		43	290993	1043942	224	
Guanzhuang		43	362633	1191939	224	
Guanzhuang		43	285078	1090114	224	
Gucheng		43	369535	1187625	224	
Gucheng Chengguanzhen		43	322660	1116348	224	
Gudong		43	253416	984830	224	
Guigang		43	231160	1095947	224	
Guilin		43	252802	1102964	224	
Guiping		43	233948	1100743	224	
Guiren		43	336697	1181889	224	
Guixi		43	303336	1073454	224	
Guiyang		43	265833	1067167	224	
Gujangbagh		43	371093	799343	234	hotan
Gulebage		43	384127	772303	234	
Guli		43	288816	1200331	224	
Gulin		43	280422	1058104	224	
Gulu		43	313301	1094399	224	
Gunan		43	290231	1066480	224	
Guocun		43	305662	1081693	224	
Guofu		43	288500	1066014	224	
Guojia		43	349728	1055584	224	
Guojia		43	312953	1084810	224	
Guozhen		43	343659	1073590	224	
Gupi		43	341139	1178828	224	
Gushu		43	315606	1184815	224	
Gusong		43	283133	1052377	224	
Gutao		43	372025	1121781	224	pingyao county
Guxi		43	303303	1058721	224	
Guxian		43	367341	1202256	224	
Guye		43	397408	1184507	224	
Guyuan		43	360067	1062808	224	
Hadapu Zhen		43	342313	1042230	224	
Haicheng		43	408516	1227475	224	
Haidong Zhen		43	257098	1002606	224	
Haikou		43	200342	1103465	224	
Haikou		43	247798	1025755	224	
Hailar		43	492000	1197000	224	
Hailin		43	445715	1293854	224	
Hailun		43	474466	1269248	224	
Haimen		43	231935	1166122	224	
Haining		43	305363	1206864	224	
Haitang		43	301717	1072299	224	
Haitou		43	195056	1089505	224	
Haiyang		43	297861	1181770	224	
Haizhou		43	345817	1191289	224	
Hami		43	428339	935060	234	
Hancheng		43	325186	1123522	224	
Hancheng		43	354603	1104292	224	
Hanchuan		43	306500	1137667	224	
Handan		43	366100	1144876	224	
Hanfeng		43	311695	1084031	224	
Hangu		43	392489	1177892	224	
Hangzhou		43	302936	1201614	224	
Hanjia		43	292952	1081613	224	
Hanting		43	367708	1192108	224	
Hanwang		43	341944	1170833	224	
Hanwang		43	333431	1050105	224	
Hanyin Chengguanzhen		43	328914	1085047	224	
Hanyuan		43	328340	1062504	224	
Hanyuan		43	340108	1052919	224	
Hanzhong		43	330751	1070221	224	
Han’airike		43	375417	801174	234	
Haojiaqiao		43	380167	1062833	224	
Haomen		43	373757	1016220	224	
Harbin		43	457500	1266500	224	
Heba		43	339362	1052162	224	
Hebao		43	295662	1055434	224	
Hebi		43	357323	1142862	224	
Hechi		43	246928	1080838	224	
Hechuan		43	299923	1062646	224	
Hecun		43	365333	1141111	224	
Hede		43	337722	1202618	224	
Hedong		43	239196	1157801	224	
Hefei		43	318639	1172808	224	
Hegang		43	473473	1302903	224	
Hegeng		43	291370	1058699	224	
Hegou		43	344083	1181222	224	
Heguan		43	368900	1185738	224	
Hehua		43	249702	983937	224	
Heihe		43	502441	1274902	224	
Heishan		43	416892	1221128	224	
Hejiang		43	288116	1058336	224	
Hekou		43	345778	1168139	224	
Helong		43	425397	1289972	224	
Hengbei		43	238797	1157255	224	
Hengshan		43	452084	1308981	224	
Hengshui		43	377391	1156835	224	
Hengyang		43	268895	1126189	224	
Hepingjie		43	420597	1269158	224	
Hepo		43	234308	1158299	224	
Hepu		43	216592	1092001	224	
Heqiao		43	344528	1169000	224	
Heshan		43	285694	1123473	224	
Heshan		43	355234	1195101	224	
Hetoudian		43	370184	1205737	224	
Heyuan		43	237333	1146833	224	
Heze		43	352393	1154736	224	
Hezhou		43	244036	1115668	224	
Hezuo		43	349856	1029094	224	
Hohhot		43	408106	1116522	224	
Honggang		43	463974	1248845	224	
Honghe		43	364028	1189181	224	
Honghu		43	300004	1069520	224	
Hongjiang		43	271100	1099956	224	
Honglu		43	293520	1057268	224	
Hongqiao		43	267684	1121081	224	
Hongzhou		43	261258	1094089	224	
Houqiao		43	253236	982780	224	
Houzhen		43	369914	1189658	224	
Hoxtolgay		43	465187	860021	234	
Huacheng		43	240670	1156131	224	
Huadian		43	429633	1267478	224	
Huai'an		43	335886	1190192	224	
Huaibei		43	339744	1167917	224	
Huaicheng		43	239195	1121763	224	
Huaidian		43	334333	1150333	224	
Huaihua		43	275634	1100040	224	
Huainan		43	326264	1169969	224	
Huaiyang		43	377615	1145170	224	
Huaiyuan Chengguanzhen		43	329589	1171657	224	
Hualong		43	369459	1185886	224	
Huanan		43	462362	1305464	224	
Huangdi		43	388090	774486	234	
Huanggang		43	304514	1148704	224	
Huanggang		43	236770	1169996	224	
Huanghua		43	358892	1194578	224	
Huangji		43	344333	1169833	224	
Huanglou		43	366471	1186055	224	
Huangmei		43	301924	1160250	224	
Huangnihe		43	435583	1280239	224	
Huangpi		43	308845	1143779	224	
Huangshan		43	297114	1183125	224	huangshan city
Huangshi		43	302471	1150481	224	
Huangzhou		43	304500	1148000	224	
Huankou		43	348700	1166697	224	
Huanren		43	412647	1253667	224	
Huashan		43	346300	1167358	224	
Huatugou		43	382554	908679	224	
Huayin		43	345653	1100664	224	
Huayuan		43	282864	1172066	224	
Huazhou		43	216333	1105833	224	
Hucheng		43	308148	1075418	224	
Hufeng		43	297155	1061109	224	
Huguo		43	285863	1053666	224	
Huicheng		43	230384	1162899	224	
Huicheng		43	298692	1184336	224	
Huilong		43	318111	1216550	224	
Huilong		43	305296	1074810	224	
Huimin		43	294619	1067047	224	
Huinan		43	426225	1262614	224	
Huinong		43	392333	1067694	224	
Huiqu		43	362714	1190490	224	
Huixian Chengguanzhen		43	337683	1060808	224	
Huixing		43	296840	1066149	224	
Huizhou		43	231115	1144152	224	
Hulan		43	458933	1265784	224	
Hulan Ergi		43	472042	1236333	224	
Hulunbuir		43	492114	1197558	224	
Humen		43	228190	1136731	224	
Hunchun		43	428675	1303581	224	
Huocheng		43	440530	808717	234	
Huolu		43	293942	1078725	224	
Huoqiu Chengguanzhen		43	323547	1162939	224	
Hushitai		43	419418	1235027	224	
Hutang		43	315343	1194900	224	
Huzhai		43	346694	1170083	224	
Huzhou		43	308703	1200933	224	
Jalai Nur		43	494500	1177000	224	
Jelilyüzi	jelilyuzi	43	439749	815356	234	
Jiachuan		43	322091	1062149	224	
Jiagao		43	308892	1091760	224	
Jiagedaqi		43	504167	1241167	224	
Jiahanbage		43	371965	797057	234	
Jiamusi		43	467971	1303112	224	
Jianchang		43	275583	1166398	224	
Jiangbei		43	297283	1066351	224	
Jiangkou		43	254869	1191983	224	
Jiangmen		43	225833	1130833	224	
Jiangnan		43	297931	1070372	224	
Jiangping		43	216000	1081500	224	
Jiangshan		43	366781	1205292	224	
Jianguang		43	281938	1157836	224	
Jiangxi		43	339993	1051999	224	
Jiangyan		43	325061	1201428	224	
Jiangyin		43	319110	1202630	224	
Jiangyou		43	317667	1047167	224	
Jiangzhuang		43	364944	1197942	224	
Jiangzhuang		43	344917	1173972	224	
Jiang’an		43	287334	1050683	224	
Jianshui		43	242774	1012240	224	
Jian’ou		43	270415	1183190	224	
Jiaohe		43	437213	1273347	224	
Jiaojiang		43	286984	1214733	224	
Jiaoshi		43	297161	1075976	224	
Jiaozhou		43	362839	1200033	224	
Jiaozuo		43	352392	1132391	224	
Jiashan		43	308492	1209258	224	
Jiasi		43	291157	1064469	224	
Jiawang		43	344328	1174419	224	
Jiawang Zhen		43	344220	1174676	224	
Jiaxing		43	307522	1207500	224	
Jiayue		43	360236	1191761	224	
Jiayuguan		43	398112	982862	224	
Jiazi		43	228793	1160732	224	
Jidong		43	452560	1311164	224	
Jiehu		43	355428	1184550	224	
Jielong		43	292495	1067766	224	
Jieshi		43	228103	1158306	224	
Jieshi		43	293896	1066078	224	
Jieshou		43	332634	1153611	224	
Jietou		43	254274	986532	224	
Jiexiu		43	370244	1119125	224	
Jieyang		43	235418	1163658	224	
Jijiang		43	292899	1062500	224	
Jilin		43	438465	1265608	224	jilin city
Jimo		43	363897	1204622	224	
Jinan		43	366683	1169972	224	
Jinchang		43	385006	1021938	224	
Jincheng		43	355022	1128328	224	
Jinding		43	264390	994406	224	
Jinfeng		43	282385	1166005	224	
Jing'an		43	344962	1169225	224	
Jingdezhen		43	292947	1172079	224	
Jinggou		43	362818	1195518	224	
Jingguan		43	298954	1065639	224	
Jinghong		43	220026	1007697	224	
Jingling		43	306500	1131000	224	
Jingmen		43	310336	1122047	224	
Jingui		43	385000	1064167	224	
Jingzhi		43	363100	1193875	224	
Jingzhou		43	303503	1121903	224	
Jinhua		43	291068	1196442	224	
Jinhua		43	265380	999172	224	
Jining		43	354050	1165814	224	
Jining		43	410275	1131058	224	
Jinji		43	232281	1108261	224	
Jinjiang		43	248198	1185742	224	
Jinjiang		43	197288	1100085	224	
Jinjiang		43	284005	1168998	224	
Jinlong		43	295136	1060606	224	
Jinniu		43	258006	1005744	224	
Jinsha		43	320898	1210736	224	
Jinshan		43	348114	1054344	224	
Jinshanlu		43	478505	881329	234	altay
Jinshi		43	296049	1118701	224	
Jinxiang		43	274326	1206062	224	
Jinzhong		43	376840	1127547	224	
Jinzhongzi		43	363346	1192581	224	
Jinzhou		43	411078	1211417	224	
Jinzhou		43	391000	1217167	224	
Jishou		43	283192	1097335	224	
Jishu		43	443167	1268000	224	
Jishui		43	337333	1154000	224	
Jitai		43	367572	1187387	224	
Jiudian		43	369918	1202041	224	
Jiuhe		43	267627	999918	224	
Jiujiang		43	297048	1160021	224	
Jiulongshan		43	311944	1082509	224	
Jiupu		43	410667	1229500	224	
Jiuquan		43	397432	985174	224	
Jiushan		43	361961	1184650	224	
Jiutai		43	441525	1258328	224	
Jiuxian		43	298620	1062029	224	
Jixi		43	452932	1309622	224	
Jixian		43	467259	1311331	224	
Jiyuan		43	350891	1125882	224	
Jizhou		43	375505	1155687	224	
Ji’an		43	271172	1149793	224	
Judian		43	273061	996491	224	
Juegang		43	323174	1211855	224	
Juexi		43	289241	1042615	224	
Jukui		43	306359	1075963	224	
Junlian		43	281711	1045116	224	
Juye		43	353874	1160717	224	
Ka'ersai		43	374842	795956	234	
Kageleke		43	373010	796013	234	
Kaifeng		43	347986	1143074	224	
Kaihua		43	233695	1042772	224	
Kaili		43	265858	1079797	224	
Kaitong		43	448091	1230811	224	
Kaiyuan		43	236977	1033037	224	
Kaiyuan		43	425331	1240403	224	
Kangding		43	300022	1019569	224	
Kangle		43	311128	1094296	224	
Kanjia		43	363723	1195821	224	
Karamay		43	455847	848872	234	
Kashgar		43	394672	759868	234	
Kax		43	436411	818700	234	
Kongtan		43	291441	1046747	224	
Korla		43	417606	861523	234	
Kuanchuan		43	341664	1055411	224	
Kuandian		43	407286	1247847	224	
Kuangshi		43	380725	1140461	224	
Kuiya		43	372960	796358	234	
Kunming		43	250389	1027183	224	
Kunshan		43	313776	1209543	224	
Kunyang		43	276658	1205658	224	
Kuoyiqi		43	373545	797210	234	
Labuleng		43	352012	1025212	224	
Laibin		43	237474	1092222	224	
Laisu		43	292660	1057780	224	
Laitan		43	301758	1064862	224	
Laiwu		43	361928	1176569	224	
Laixi		43	368592	1205269	224	
Laiyang		43	369758	1207136	224	
Laizhou		43	371807	1199422	224	
Langao Chengguanzhen		43	323003	1088931	224	
Langfang		43	395208	1167147	224	
Langtoucun		43	400407	1243352	224	
Langxiang		43	469498	1288685	224	
Langzhong		43	315504	1059938	224	
Lanshan		43	339361	1177250	224	
Lanxi		43	292159	1194716	224	
Lanxi		43	462577	1262806	224	
Lanyang		43	194614	1096604	224	
Lanzhou		43	360570	1038399	224	
Laohekou		43	323858	1116678	224	
Laojunmiao		43	398333	977333	224	
Layka		43	370769	797317	234	
Lecheng		43	251280	1133504	224	
Leiyang		43	264024	1128591	224	
Lengshuijiang		43	276881	1114294	224	
Lengshuitan		43	264111	1115956	224	
Lequn		43	225776	1138738	224	
Leshan		43	295623	1037639	224	
Lhasa		43	296500	911000	224	
Lhoka		43	292430	917724	224	
Liancheng		43	257183	1167489	224	
Lianghu		43	299915	1208984	224	
Liangji		43	339639	1179694	224	
Liangping		43	306611	1077661	224	
Liangshui		43	334318	1048091	224	
Liangxiang		43	397360	1161330	224	
Liangzhai		43	345000	1167500	224	
Lianhe		43	471333	1292743	224	
Lianhua		43	350616	1057911	224	
Lianjiang		43	216467	1102817	224	
Lianshan		43	407643	1208533	224	
Lianyuan		43	276883	1116642	224	
Lianyungang		43	345984	1192156	224	
Lianzhou		43	247819	1123712	224	
Liaocheng		43	364506	1160025	224	
Liaolan		43	366744	1198753	224	
Liaoyang		43	412719	1231731	224	
Liaozhong		43	415061	1227242	224	
Licha		43	360572	1197833	224	
Licheng		43	232955	1138246	224	
Licheng		43	314281	1194835	224	
Lichuan		43	303000	1088500	224	
Lidu		43	297386	1072948	224	
Ligang		43	386464	1064304	224	
Ligezhuang		43	363578	1201428	224	
Liguo		43	345529	1173330	224	
Lihe		43	308161	1082622	224	
Liji		43	337667	1177833	224	
Lijiang		43	268688	1002207	224	
Lijun		43	381858	1061200	224	
Lincang		43	238797	1000946	224	
Linfen		43	360889	1115189	224	
Linfeng		43	298910	1072197	224	
Lingao		43	199087	1096872	224	
Lingcheng		43	338164	1181136	224	
Lingdong		43	465543	1311449	224	
Linghai		43	411653	1213667	224	
Linghe		43	363642	1190769	224	
Lingwu		43	381019	1063402	224	
Lingyuan		43	412400	1194011	224	
Linjiacun		43	359939	1196503	224	
Linjiang		43	310996	1082196	224	
Linjiang		43	418069	1269078	224	
Linjiang		43	292452	1059566	224	
Linkou		43	452762	1302733	224	
Linping		43	304225	1202972	224	
Linqiong		43	304159	1034609	224	
Linqu		43	365156	1185397	224	
Linshi		43	296670	1071923	224	
Linshui		43	364247	1142047	224	
Lintan Chengguanzhen		43	346888	1033524	224	
Lintong		43	343780	1092089	224	
Linxi		43	397118	1184495	224	
Linxia Chengguanzhen		43	356003	1032064	224	
Linyi		43	350631	1183428	224	
Liping		43	262311	1091314	224	
Lishi		43	290789	1062620	224	
Lishu		43	433073	1243337	224	
Lishui		43	284604	1199103	224	
Liufeng		43	347345	1053861	224	
Liuhe		43	422847	1257454	224	
Liuji		43	343583	1170528	224	
Liuku		43	258505	988557	224	
Liupanshui		43	265944	1048333	224	
Liuping		43	348914	1057192	224	
Liuquan		43	344342	1172983	224	
Liushan		43	364497	1187602	224	
Liutuan		43	369333	1193833	224	
Liuxin		43	343686	1171150	224	
Liuzhi		43	262342	1054260	224	
Liuzhou		43	243240	1094070	224	
Lixi		43	285313	1086110	224	
Lixian		43	341900	1051725	224	
Lizhi		43	297032	1073952	224	
Longcheng		43	350010	1059734	224	
Longchi		43	369453	1193253	224	
Longchi		43	286100	1090492	224	
Longfeng		43	465317	1251038	224	
Longfeng		43	303879	1095071	224	
Longfeng		43	298153	1064291	224	
Longgang		43	296974	1057137	224	
Longgang		43	376518	1203306	224	longkou
Longgu		43	349033	1168067	224	
Longhe		43	298396	1079851	224	
Longhe		43	300175	1071804	224	
Longhua		43	292103	1062072	224	
Longjiang		43	473360	1231960	224	
Longjing		43	427713	1294231	224	
Longju		43	306109	1086352	224	
Longling County		43	245866	986893	224	
Longnan		43	333979	1049170	224	
Longqiao		43	297103	1072944	224	
Longquan		43	246719	1021613	224	
Longsha		43	306396	1082370	224	
Longshan		43	428854	1251367	224	liaoyuan
Longshan		43	350319	1060806	224	
Longsheng		43	290814	1068164	224	
Longshi		43	302147	1064574	224	
Longshui		43	295656	1057620	224	
Longtan		43	287572	1089641	224	
Longtan		43	294463	1071022	224	
Longxing		43	297020	1067911	224	
Longxing		43	301919	1060588	224	
Longxing		43	302508	1059085	224	
Longyan		43	250748	1170178	224	
Loudi		43	277344	1119944	224	
Loushanguan		43	281368	1068220	224	
Luancheng		43	378845	1146463	224	
Lubu		43	231723	1122830	224	
Lucheng		43	312336	1172806	224	
Luhe		43	340092	1053402	224	
Lulou		43	347167	1167667	224	
Luobei		43	475760	1308131	224	
Luobuqiongzi		43	291667	892500	224	
Luocheng		43	293848	1040286	224	
Luohe		43	335639	1140427	224	
Luohu District		43	225472	1141315	224	
Luohuang		43	293466	1064351	224	
Luojiang		43	313050	1045048	224	
Luolong		43	288056	1048991	224	
Luomen		43	347542	1050247	224	
Luoping		43	312066	1100868	224	
Luoqi		43	297224	1069321	224	
Luorong		43	244058	1096086	224	
Luotang		43	330677	1052648	224	
Luotian		43	305156	1085595	224	
Luoyang		43	346734	1124368	224	
Luoyang		43	231624	1142734	224	
Luoyang		43	249594	1186830	224	
Luoyu		43	338410	1052312	224	
Lushan		43	266500	1077833	224	
Lushar		43	364842	1015633	224	
Lushui		43	258232	988585	224	
Luzhou		43	288903	1054258	224	
Lu’an		43	317356	1165169	224	lu'an
Lüeyang Chengguanzhen	lueyang chengguanzhen	43	333320	1061550	224	
Lüfeng	lufeng	43	298583	1059731	224	
Lüliang	luliang	43	375192	1111444	224	
Lüshun	lushun	43	388000	1212667	224	lushunkou
Maba		43	246841	1135984	224	
Mabai		43	230128	1044508	224	
Macheng		43	311801	1150221	224	
Maguan		43	350662	1060332	224	
Majie		43	250319	1026380	224	
Majie		43	334594	1049578	224	
Mali		43	346646	1046978	224	
Malianzhuang		43	370748	1204625	224	
Malingshan		43	342035	1183565	224	
Mangbang		43	249319	986701	224	
Manglai		43	372752	796781	234	
Mangshi		43	244533	985704	224	mang city
Manzhouli		43	496000	1174333	224	
Maocun		43	343767	1172506	224	
Maoming		43	216663	1109136	224	
Maozhou		43	227636	1138129	224	
Mapo		43	345167	1170667	224	
Maqin County		43	344744	1002450	224	golog
Mawang		43	288933	1089511	224	
Mawu		43	295925	1073134	224	
Mazhan		43	252114	984840	224	
Ma’anshan		43	316858	1185101	224	
Meihekou		43	425287	1256788	224	
Meijiang		43	282636	1090268	224	
Meishan		43	300439	1038370	224	
Meizhou		43	242886	1161177	224	
Mengcheng Chengguanzhen		43	332661	1165660	224	
Menghuan		43	244353	985838	224	
Menglang		43	225621	999103	224	
Mengmao		43	240014	978650	224	
Mengyin		43	357069	1179264	224	
Mengzi		43	233678	1033821	224	
Mentougou		43	399382	1160931	224	
Mianyang		43	314678	1046817	224	
Mianyang		43	331570	1066944	224	
Mianzhu, Deyang, Sichuan		43	313379	1042206	224	
Miaojie		43	253123	1002798	224	
Miaoyu		43	308687	1096461	224	
Miaozi		43	366386	1182314	224	
Micheng		43	253429	1004872	224	
Mihe		43	366210	1185287	224	
Mingcun		43	367536	1196408	224	
Mingda		43	307263	1076573	224	
Minggang		43	324586	1140486	224	
Mingguang		43	327802	1179638	224	
Mingguang		43	254931	985415	224	
Mingshan		43	298783	1076992	224	
Mingshui		43	367167	1175000	224	
Mingshui		43	471794	1259028	224	
Minning		43	382487	1059707	224	
Mishan		43	455500	1318833	224	
Mixia		43	384540	772492	234	
Miyang		43	244042	1034428	224	
Mudanjiang		43	445480	1296259	224	
Mudong		43	295733	1068393	224	
Mudu		43	312560	1205186	224	
Mugala		43	368545	816642	234	
Mujiayingzi		43	421167	1187833	224	
Muling		43	449165	1305171	224	
Mutang		43	198076	1093454	224	
Mu’er		43	298060	1066444	224	
Nada		43	195213	1095790	224	danzhou
Nagqu		43	314768	920573	224	
Naliang		43	216667	1078667	224	
Nanbin		43	299994	1081091	224	
Nanchang		43	286840	1158531	224	
Nanchong		43	307951	1060847	224	
Nanchuan		43	291520	1071034	224	
Nancun		43	365328	1201339	224	
Nandajie		43	293377	1058924	224	
Nanding		43	367483	1180558	224	
Nandu		43	228525	1108233	224	
Nanfeng		43	237270	1117972	224	
Nanfeng		43	194102	1095502	224	
Nangong		43	373546	1153888	224	
Nanhu		43	354878	1193458	224	
Nanjian		43	250449	1005144	224	
Nanjin		43	299850	1062653	224	
Nanjing		43	320617	1187778	224	
Nanling		43	227112	999956	224	
Nanlong		43	313533	1060631	224	
Nanma		43	361848	1181549	224	
Nanmen		43	309619	1082433	224	
Nanning		43	228167	1083167	224	
Nanpeng		43	293347	1066522	224	
Nanpiao		43	410982	1207479	224	
Nanping		43	266450	1181736	224	
Nanping		43	290864	1069872	224	
Nanshu		43	370201	1203373	224	
Nantai		43	409241	1228044	224	
Nantong		43	320303	1208747	224	
Nantong		43	289439	1068819	224	
Nantou		43	227217	1132926	224	
Nantou		43	225356	1139156	224	
Nantuo		43	298554	1075279	224	
Nanxi		43	288421	1049796	224	
Nanya		43	310843	1080866	224	
Nanyang		43	329947	1125328	224	
Nanzhang Chengguanzhen		43	317839	1118275	224	
Nanzhou		43	293638	1124065	224	
Naxi		43	287742	1053649	224	
Nehe		43	484793	1248702	224	
Neijiang		43	295835	1050622	224	
Nenjiang		43	491740	1252197	224	
Nianbo		43	364800	1024164	224	haidong
Nianzhuang		43	342972	1177722	224	
Nianzishan		43	475134	1228879	224	
Ningbo		43	298782	1215494	224	
Ningde		43	266617	1195228	224	
Ningdong		43	381614	1065850	224	
Ninghai		43	292892	1214247	224	
Ninghai		43	373842	1216086	224	
Ningyang		43	357642	1167914	224	
Nongzhang		43	246160	978822	224	
Nuozhadu		43	225782	1002692	224	
Nyingchi		43	296488	943551	224	
Onyar		43	438504	817831	234	
Ordos		43	396086	1097816	224	
Oroqen Zizhiqi		43	505667	1237167	224	alihe
Pailou		43	307964	1083858	224	
Panghai		43	267269	1080636	224	
Panjim		43	440075	814247	234	
Panlong		43	295002	1053707	224	
Panshan		43	411881	1220494	224	
Panshi		43	429372	1260574	224	
Panzhihua		43	265851	1017128	224	
Pan’an		43	347547	1051117	224	
Paosha		43	337235	1056757	224	
Peicheng		43	347361	1169247	224	
Pengcheng		43	364311	1141700	224	
Pengpu		43	312855	1214367	224	
Pengze		43	298988	1165457	224	
Pianjiao		43	260167	1005833	224	
Picheng		43	344667	1179667	224	
Pingdingshan		43	337385	1133012	224	
Pingdu		43	367844	1199464	224	
Pingjin		43	306118	1075450	224	
Pingkai		43	284260	1089959	224	
Pingli		43	323847	1093456	224	
Pingliang		43	355392	1066861	224	
Pingnan		43	235418	1103893	224	
Pingshan		43	229938	1147131	224	
Pingshan		43	300966	1074244	224	
Pingtan		43	298459	1058778	224	
Pingwu County		43	324073	1045274	224	
Pingxiang		43	276167	1138535	224	
Pingyi		43	355006	1176308	224	
Pingyin		43	362831	1164453	224	
Pingzhuang		43	420372	1192889	224	
Pizhou		43	343114	1179503	224	
Poyang		43	289924	1166675	224	
Pucheng		43	279233	1185333	224	
Puchuan		43	247031	985701	224	
Puji		43	361319	1197211	224	
Pulandian		43	393953	1219669	224	
Pulü	pulu	43	298180	1061593	224	
Puning		43	233107	1161687	224	
Puqi		43	297167	1138833	224	
Puqiakeqi		43	373174	797053	234	
Pushun		43	304724	1076033	224	
Putian		43	254394	1190103	224	
Puyang		43	294568	1198887	224	pujiang
Puyang		43	357564	1150436	224	
Puyang Chengguanzhen		43	357062	1150279	224	
Pu’an		43	320373	1054669	224	
Qabqa		43	362814	1006131	224	
Qamdo		43	311304	971798	224	chamdo
Qaraqash		43	372725	797344	234	
Qarek		43	383722	769903	234	
Qianjiang		43	304210	1128919	224	
Qianjiang		43	295328	1087748	224	
Qianliu		43	229000	1002000	224	
Qiantang		43	301842	1063165	224	
Qiaoguan		43	365644	1188839	224	
Qiaotou		43	369350	1016736	224	
Qiaotou		43	331076	1048117	224	
Qilian		43	381806	1002403	224	
Qina		43	263094	1006251	224	
Qincheng		43	272127	1165301	224	
Qingdao		43	360649	1203804	224	
Qingfu		43	284370	1045162	224	
Qinggang		43	294677	1062362	224	
Qinggang		43	466983	1260921	224	
Qinglian		43	311906	1092369	224	
Qingnian		43	368409	1157109	224	linqing
Qingnian		43	288650	1068381	224	
Qingquan		43	304511	1152559	224	
Qingshanquan		43	344164	1173631	224	
Qingshizui		43	374667	1014333	224	
Qingshuping		43	273808	1120206	224	
Qingxi		43	297971	1074576	224	
Qingxichang		43	284042	1089044	224	
Qingyang		43	357098	1076446	224	
Qingyang		43	374958	1212581	224	
Qingyuan		43	237000	1130333	224	
Qingzhou		43	366967	1184797	224	
Qing’an		43	339694	1178806	224	
Qinhuangdao		43	399410	1195894	224	
Qinnan		43	332531	1199133	224	
Qinzhou		43	219825	1086506	224	
Qionghai		43	192425	1104642	224	
Qionghu		43	288412	1123550	224	
Qiongshan		43	200086	1103538	224	
Qipan		43	342447	1182211	224	
Qiqihar		43	473392	1239615	224	
Qishan		43	298443	1177194	224	
Qishan		43	346333	1168000	224	
Qitaihe		43	457680	1309953	224	
Qitang		43	297785	1062851	224	
Qiuji		43	338000	1180000	224	
Quanzhou		43	249139	1185858	224	
Qufu		43	355967	1169911	224	
Qujing		43	254833	1037833	224	
Qushi		43	252167	986000	224	
Quzhou		43	289594	1188686	224	
Renhe		43	264167	1010167	224	
Renqiu		43	387094	1161009	224	
Renxian		43	306609	1076790	224	
Renyi		43	295074	1054783	224	
Renzhao		43	366386	1202036	224	
Rikaze		43	292500	888833	224	xigaze
Rizhao		43	354141	1195291	224	
Rizhuang		43	369508	1203831	224	
Rongjiang		43	265500	1012500	224	
Ronglong		43	294359	1054486	224	
Rugao		43	323704	1205765	224	
Ruidian		43	255317	984086	224	
Rui’an		43	277760	1206586	224	
Runing		43	330011	1143542	224	
Salaqi		43	405414	1105108	224	
Sanchazi		43	420817	1266003	224	
Sanchuan		43	267504	1006589	224	
Sandaohezi		43	443260	856201	234	
Sandaoling Lutiankuang Wuqi Nongchang		43	430148	928828	234	
Sandu		43	197894	1092150	224	
Sangzhe		43	292784	1083982	224	
Sanhe		43	298686	1077303	224	fengdu xian
Sanhui		43	300817	1065912	224	
Sanjiang		43	289447	1067106	224	
Sanjiao		43	294880	1058676	224	
Sanjiao		43	290503	1067364	224	
Sankeshu		43	265637	1080658	224	
Sanmenxia		43	347808	1111929	224	
Sanmiao		43	302376	1061270	224	
Sanming		43	262486	1176186	224	
Sanqu		43	296416	1056216	224	
Sanshui		43	231549	1128916	224	
Santangpu		43	274056	1119869	224	
Sanya		43	182544	1095095	224	
Sanzhuang		43	355033	1191717	224	
Saybag		43	371497	796583	234	
Shache		43	384167	772406	234	
Shagang		43	216667	1090333	224	
Shahe		43	225523	1139791	224	
Shahe		43	308282	1083503	224	
Shahecheng		43	369383	1145058	224	
Shaji		43	339000	1181333	224	
Shajing		43	227463	1138190	224	
Shajing Town		43	227385	1138076	224	
Shancheng		43	347953	1160817	224	
Shandan		43	347511	1048313	224	
Shangchong		43	262532	1086578	224	
Shanghai		43	312222	1214581	224	
Shanghuang		43	313205	1094842	224	
Shangkou		43	369656	1188831	224	
Shangluo		43	338667	1099306	224	
Shangmei		43	277428	1112956	224	
Shangpa		43	269195	989516	224	
Shangqiu		43	344500	1156500	224	
Shangrao		43	284518	1179429	224	
Shangri-La		43	278251	997078	224	
Shangsi		43	221563	1079795	224	
Shangyu		43	300156	1208711	224	
Shangyun		43	230519	998284	224	
Shangzhi		43	452056	1280024	224	
Shanhaiguan		43	400012	1197540	224	
Shanhecun		43	457113	1285803	224	
Shanji		43	342047	1175956	224	
Shankou		43	216000	1097167	224	
Shanting		43	350753	1174578	224	
Shantou		43	233549	1166788	224	
Shanwang		43	365454	1187110	224	
Shanwei		43	227820	1153475	224	
Shaodian		43	341333	1184333	224	
Shaoguan		43	248000	1135833	224	
Shaoshan		43	279167	1125167	224	
Shaowu		43	273409	1174831	224	
Shaoxing		43	300024	1205786	224	
Shaoyang		43	272382	1114621	224	
Shaozhuang		43	367470	1183166	224	
Shaping		43	227702	1129578	224	
Shaping		43	304746	1074359	224	
Shawan		43	336274	1045637	224	
Shawei		43	225200	1140338	224	
Shenglilu		43	293505	1058775	224	
Shenjiamen		43	299576	1222980	224	
Shenliu		43	294137	1121644	224	
Shenyang		43	417922	1234328	224	
Shenzhen		43	225455	1140683	224	
Shenzhen City Centre		43	225359	1140771	224	
Shetan		43	299892	1076152	224	
Shibao		43	341079	1053158	224	
Shibuzi		43	361239	1191028	224	
Shichuan		43	297658	1068228	224	
Shidui		43	363933	1193086	224	
Shigang		43	311361	1093643	224	
Shiguai		43	407058	1102856	224	
Shihao		43	285408	1066807	224	
Shihezi		43	443023	860369	234	
Shiji		43	342000	1184833	224	
Shijiao		43	289244	1067561	224	
Shijiazhuang		43	380414	1144786	224	
Shikang		43	217667	1093167	224	
Shili		43	339518	1052925	224	
Shilin		43	248188	1033324	224	
Shilong		43	231144	1138472	224	
Shima		43	289877	1059244	224	
Shima		43	244465	1178122	224	
Shima		43	296312	1058306	224	
Shimen		43	291004	1060330	224	
Shiqi		43	225168	1133852	224	
Shiqiao		43	229464	1133577	224	
Shiqiao		43	341539	1051297	224	
Shiqiaozi		43	361617	1192631	224	
Shiquan		43	330408	1082364	224	
Shitanjing		43	392342	1063439	224	
Shituo		43	297161	1071356	224	
Shiwan		43	230011	1130770	224	
Shiwan		43	217500	1092000	224	
Shixing		43	249482	1140657	224	
Shiyan		43	326475	1107781	224	
Shiyan		43	300834	1071722	224	
Shizhai		43	348056	1166389	224	
Shizhi		43	300530	1077943	224	
Shizilu		43	351711	1188289	224	
Shizuishan		43	389808	1063892	224	
Shouguang		43	368800	1187375	224	
Shouxian		43	348465	1164588	224	
Shuangcheng		43	453798	1263071	224	
Shuangfeng		43	300233	1064296	224	
Shuangfengqiao		43	297186	1066271	224	
Shuangfu		43	294136	1062701	224	
Shuanggou		43	340353	1175781	224	
Shuanghe		43	293207	1055694	224	
Shuanghekou		43	307540	1083696	224	
Shuanghuai		43	301842	1065558	224	
Shuangjiang		43	302175	1057452	224	
Shuangliao		43	435107	1235007	224	
Shuanglong		43	284521	1043449	224	
Shuanglong		43	299597	1072036	224	
Shuanglonghu		43	297162	1066068	224	
Shuanglu		43	294854	1057629	224	
Shuangshi		43	294003	1058378	224	
Shuangtang		43	343653	1184747	224	
Shuangyang		43	435226	1256595	224	
Shuangyashan		43	466769	1311327	224	
Shuifu		43	286322	1044078	224	
Shuijiang		43	292476	1072844	224	
Shuikou		43	239837	1158958	224	
Shuikou		43	259128	1093136	224	
Shuitu		43	297822	1064974	224	
Shuizhai		43	239296	1157650	224	
Shulan		43	444113	1269483	224	
Shunhe		43	348418	1165572	224	
Shunyi		43	401218	1166478	224	
Shunzhou		43	266212	1005543	224	
Sihu		43	346262	1179714	224	
Simao		43	227886	1009748	224	pu'er
Simen		43	346222	1050128	224	
Siping		43	431614	1243778	224	
Sishui		43	356489	1172758	224	
Sitou		43	363128	1184118	224	
Siyeke		43	368853	815230	234	
Songbai		43	317568	1106725	224	
Songcheng		43	268819	1200011	224	
Songgang		43	227787	1138454	224	
Songjiang		43	310344	1212233	224	
Songjianghe		43	421859	1274790	224	
Songling		43	311933	1207176	224	
Songlingcun		43	402939	1182714	224	
Songlou		43	345723	1166024	224	
Songyang		43	344555	1130319	224	
Songyuan		43	451290	1248277	224	
Suicheng		43	338963	1179331	224	
Suifenhe		43	443998	1311478	224	
Suihua		43	466481	1269666	224	
Suiling		43	472349	1271077	224	
Suining		43	305080	1055733	224	
Suixi		43	338907	1167747	224	
Suizhou		43	317111	1133631	224	
Sujiatun		43	416592	1233392	224	
Sunlou		43	346667	1165833	224	
Suozhen		43	369539	1181047	224	
Suqian		43	339492	1182958	224	
Suyangshan		43	343928	1177556	224	
Suzhou		43	313041	1205954	224	
Suzhou		43	336361	1169789	224	
Tacheng		43	467454	829585	234	
Tage'erqi		43	385452	772573	234	
Tahe		43	523215	1246976	224	
Taibai		43	308248	1083578	224	
Taicang		43	314478	1210939	224	
Taifu		43	289820	1056370	224	
Taihe		43	300995	1060489	224	
Tailai		43	463900	1234085	224	
Taiping		43	246612	978526	224	
Taiping		43	302620	1072929	224	
Taishan		43	222514	1127799	224	
Taitou		43	370273	1186339	224	
Taixing		43	321667	1200136	224	taishing
Taiyuan		43	378694	1125603	224	
Taizhou		43	324907	1199081	224	
Taizhou		43	286627	1214331	224	
Tai’an		43	361853	1171200	224	
Tai’an		43	300660	1058093	224	
Tanchang Chengguanzhen		43	340446	1043946	224	
Tanfang		43	366998	1186709	224	
Tangba		43	300165	1057973	224	
Tange		43	346276	1048406	224	
Tanggu		43	390211	1176469	224	
Tangjiazhuang		43	397433	1184510	224	
Tangping		43	220318	1119354	224	
Tangshan		43	396438	1181832	224	
Tangwu		43	364467	1188597	224	
Tangxiang		43	297023	1057236	224	
Tangzhai		43	344328	1165911	224	
Tangzhang		43	341478	1172540	224	
Tantou		43	227512	1138350	224	
Tantou		43	260303	1195974	224	
Taolin		43	358001	1195340	224	
Taoluo		43	352739	1193703	224	
Taonan		43	453332	1227846	224	
Taoyuan		43	338528	1177703	224	
Taoyuan		43	262283	1005600	224	
Taozhuang		43	348500	1173333	224	
Tashan		43	343361	1175667	224	
Tawakule		43	377588	802165	234	
Tengyue		43	249949	985128	224	
Tianchang		43	379981	1140156	224	
Tiancheng		43	308676	1083697	224	
Tianfu		43	372637	1220523	224	
Tianfu		43	298740	1064982	224	
Tianjin		43	391422	1171767	224	
Tianliu		43	370000	1187833	224	
Tianpeng		43	309866	1039393	224	
Tianshui		43	345795	1057424	224	
Tianzhuang		43	367958	1197367	224	
Tiaoshi		43	292772	1066425	224	
Tiefu		43	345333	1180333	224	
Tieli		43	469754	1280480	224	
Tieling		43	422931	1238414	224	
Tieqiao		43	310400	1081336	224	
Tongchuan		43	348988	1089506	224	
Tongchuan		43	310941	1050873	224	
Tongchuanshi		43	350747	1090850	224	
Tonghua		43	417197	1259264	224	
Tongjiaxi		43	296850	1064444	224	
Tongjing		43	298565	1068448	224	
Tongliao		43	436125	1222653	224	
Tongling		43	309500	1177833	224	
Tongren		43	355148	1020160	224	
Tongren		43	277172	1091853	224	
Tongshan		43	341804	1171571	224	
Tongxi		43	300005	1061304	224	
Tongzhou		43	399040	1166618	224	
Tuanbao		43	303368	1091346	224	
Tumen		43	429656	1298420	224	
Tumxuk		43	398698	790612	234	
Tuomuwusitang		43	383631	772315	234	
Turpan		43	429477	891789	234	
Tushan		43	342208	1178369	224	
Tuwaite		43	373449	797681	234	
Tuxiang		43	307129	1091556	224	
Ulanhot		43	460833	1220833	224	
Ulanqab		43	409930	1131330	224	
Wacheng Neighborhood		43	337833	1145167	224	
Wafangdian		43	396183	1220081	224	
Wangfen		43	365500	1183833	224	
Wanggou		43	346715	1164921	224	
Wanghong		43	382125	1062250	224	
Wangji		43	339833	1177500	224	
Wangkui		43	468321	1264766	224	
Wangpu		43	350571	1054358	224	
Wangqing		43	433218	1297634	224	
Wangu		43	296824	1059355	224	
Wangwu		43	196562	1092907	224	
Wangyin		43	348339	1057617	224	
Wangyuan		43	383841	1062720	224	
Wanning		43	187993	1103841	224	
Wansheng		43	289629	1069284	224	
Wanshun		43	300401	1069716	224	
Wanxian		43	308160	1083741	224	
Wanzhou		43	307645	1083959	224	
Wayao		43	343833	1182333	224	
Wayaobu		43	371361	1096597	224	
Weidian		43	351024	1055656	224	
Weifang		43	367100	1191019	224	
Weihai		43	375091	1221136	224	
Weiji		43	340333	1179500	224	
Weimiao		43	345833	1170667	224	
Weinan		43	345035	1095089	224	
Weining		43	268500	1042333	224	
Weituo		43	300398	1061470	224	
Weixinghu		43	292445	1058800	224	
Wenchang		43	195516	1108028	224	
Wenfeng		43	314050	1092346	224	
Wenjiang		43	283881	1045634	224	
Wenling		43	283752	1213842	224	
Wenquan		43	313591	1085222	224	
Wenshan City		43	233631	1042505	224	
Wenshang		43	357275	1164961	224	
Wenxian Chengguanzhen		43	329471	1046814	224	
Wenxing		43	286821	1128786	224	
Wenzhou		43	279994	1206668	224	
Wofo		43	299082	1057871	224	
Wuchang		43	449275	1271604	224	
Wucheng		43	296008	1181750	224	
Wuchuan		43	214571	1107659	224	
Wuda		43	394994	1067117	224	
Wudalike		43	383618	771297	234	
Wuduan		43	345744	1170953	224	
Wugang		43	267279	1106320	224	
Wuhai		43	396844	1068158	224	
Wuhan		43	305833	1142667	224	
Wuhe		43	248591	986678	224	
Wuhu		43	313526	1184295	224	
Wujia		43	296348	1053911	224	
Wujing		43	364500	1184000	224	
Wuling		43	305060	1082588	224	
Wulingyuan		43	293494	1105441	224	
Wulong		43	293243	1077606	224	
Wuma		43	308540	1093764	224	
Wushan		43	310775	1098764	224	
Wushan		43	347208	1048858	224	
Wushan		43	362472	1188383	224	
Wusu		43	444310	846762	234	
Wutan		43	292570	1060629	224	
Wuwei		43	379267	1026320	224	
Wuxi		43	315689	1202886	224	
Wuxi		43	265844	1118590	224	
Wuxue		43	298506	1155525	224	
Wuyang		43	319925	1162472	224	
Wuying		43	350148	1058988	224	
Wuyishan		43	277600	1180307	224	
Wuzhen		43	307454	1204851	224	
Wuzhishan		43	187823	1095013	224	
Wuzhou		43	234805	1112885	224	
Xiagezhuang		43	366931	1204347	224	
Xialu		43	299417	1080844	224	
Xiamen		43	244798	1180819	224	
Xianfeng		43	292100	1063001	224	
Xiangcheng		43	254669	1005625	224	
Xiangcheng Chengguanzhen		43	338470	1134778	224	
Xianglong		43	302612	1065759	224	
Xiangtan		43	278500	1129000	224	
Xiangxiang		43	277333	1125333	224	
Xiangyang		43	320422	1121448	224	
Xiangzhou		43	361644	1194189	224	
Xianju		43	288547	1207317	224	
Xianlong		43	291511	1057840	224	
Xianning		43	298435	1143220	224	
Xiannü	xiannu	43	324281	1195605	224	
Xianshuigu		43	389850	1173828	224	
Xiantao		43	303708	1134429	224	
Xianyang		43	343378	1087026	224	
Xiaodu		43	299621	1058868	224	
Xiaogan		43	309269	1139222	224	
Xiaolingwei		43	320324	1188540	224	
Xiaomian		43	301227	1065344	224	
Xiaoshan		43	301675	1202588	224	
Xiaoshi		43	412971	1241209	224	
Xiaoweizhai		43	261903	1075125	224	
Xiasi		43	322900	1055133	224	
Xiasi		43	265167	1077833	224	
Xiaying		43	370425	1194765	224	
Xiazhen		43	348022	1171117	224	
Xiazhuang		43	364492	1198356	224	
Xiazhuang		43	349161	1186389	224	
Xiazhuang		43	254000	1008333	224	
Xichang		43	278964	1022634	224	
Xichang		43	216333	1089500	224	
Xichuan		43	350305	1060630	224	
Xiejiawan		43	348121	1051715	224	
Xiema		43	297742	1063688	224	
Xifeng		43	427372	1247222	224	
Xigang		43	385526	1063480	224	
Xihe		43	316864	1134658	224	
Xihu		43	291002	1063954	224	
Xihu		43	354493	1192361	224	
Xili		43	225881	1139479	224	
Xilin Hot		43	439667	1160333	224	
Xilinhot		43	439389	1160702	224	
Xilinji		43	529906	1232352	224	
Ximeicun		43	249877	1183858	224	
Xincheng		43	417150	829325	234	kucha
Xincheng		43	336333	1151833	224	
Xindi		43	298167	1134667	224	
Xindian		43	367975	1182944	224	
Xindian		43	341428	1183353	224	
Xingcheng		43	406167	1207167	224	
Xingdaohu		43	217148	1091321	224	
Xingfeng		43	348611	1058375	224	
Xingguo		43	348586	1056686	224	
Xinghua		43	329392	1198342	224	
Xinglong		43	306572	1094460	224	
Xinglongshan		43	439561	1254661	224	
Xinglou		43	345667	1178278	224	
Xingning		43	241483	1157227	224	
Xingren		43	254333	1052333	224	
Xingtai		43	370622	1144927	224	
Xingyi		43	250962	1049064	224	
Xingyi		43	299555	1078165	224	
Xinhe		43	369250	1195931	224	
Xinhe		43	341861	1179878	224	
Xining		43	366255	1017574	224	
Xininglu		43	443396	849042	234	
Xinji		43	379260	1152191	224	
Xinle		43	383490	1146853	224	
Xinlin		43	516667	1244000	224	
Xinmiao		43	296553	1070499	224	
Xinmin		43	419908	1228253	224	
Xinmin		43	303976	1073895	224	
Xinmin		43	309034	1094668	224	
Xinqing		43	482870	1295234	224	
Xinsheng		43	308437	1077241	224	
Xinshi		43	310470	1131410	224	
Xinshi		43	299600	1071041	224	
Xintai		43	359006	1177519	224	
Xintian		43	306987	1084019	224	
Xinxiang		43	351903	1138015	224	
Xinxing		43	347760	1053222	224	
Xinxing		43	360492	1195414	224	
Xinyang		43	321228	1140656	224	
Xinyi		43	343842	1183462	224	
Xinyi		43	223730	1109475	224	
Xinyu		43	278043	1149334	224	
Xinyuan		43	434265	832496	234	
Xinzhai		43	364000	1186167	224	
Xinzhi		43	364989	1117047	224	
Xinzhou		43	384092	1127333	224	
Xinzhou		43	308667	1148000	224	
Xinzhou		43	197145	1093115	224	
Xiongjia		43	309016	1084337	224	
Xiongzhou		43	251167	1143000	224	
Xishan		43	276667	1135000	224	
Xituo		43	304079	1082173	224	
Xiugu		43	279113	1167764	224	
Xiulin		43	297167	1124000	224	
Xiuyan		43	402928	1232744	224	
Xiuying		43	200007	1102936	224	
Xixiang		43	329870	1077640	224	
Xixiang		43	225931	1138889	224	
Xixiang		43	351628	1128650	224	
Xiyu		43	340516	1053036	224	
Xi’an		43	342583	1089286	224	xi'an
Xuancheng		43	309525	1187553	224	
Xuanhua		43	406121	1150646	224	
Xuantan		43	292086	1055697	224	
Xuchang		43	340319	1138630	224	
Xucheng		43	203302	1101664	224	
Xujiang		43	268394	1163201	224	
Xunchang		43	284543	1047150	224	
Xunsi		43	281008	1045606	224	
Xunyang		43	328239	1093653	224	
Xuyong		43	281699	1054345	224	
Xuzhou		43	342044	1172839	224	
Xuzhuang		43	342961	1174580	224	
Ya'an		43	299852	1029990	224	
Yakeshi		43	492833	1207333	224	
Yancheng		43	333575	1201573	224	
Yangcheng		43	299997	1062560	224	
Yangchun		43	221667	1117833	224	
Yangcun		43	393639	1170603	224	
Yanggu		43	361106	1157753	224	
Yanghe		43	382785	1062478	224	
Yanghe		43	361381	1199135	224	
Yangjiang		43	218556	1119627	224	
Yangliuqing		43	391375	1169997	224	
Yangquan		43	378575	1135633	224	
Yangshuo		43	247808	1104897	224	
Yangtun		43	348833	1168833	224	
Yanguan		43	342639	1054639	224	
Yangzhou		43	323972	1194358	224	
Yangzhou		43	332219	1075427	224	
Yanji		43	428882	1295024	224	
Yanjia		43	298276	1069973	224	
Yanjing		43	299449	1063502	224	
Yanliang		43	346592	1092292	224	
Yanta		43	362411	1156672	224	
Yantai		43	374765	1214408	224	
Yantai		43	301467	1073196	224	
Yantongshan		43	432919	1260094	224	
Yanwo		43	303318	1060736	224	
Yanzhou		43	355528	1168286	224	
Yanzibu		43	345056	1177022	224	
Yan’an		43	365989	1094917	224	
Yaoji		43	340667	1178167	224	
Yaowan		43	341833	1180667	224	
Yashan		43	221975	1099419	224	
Yatou		43	371566	1224376	224	
Yawa		43	374119	795143	234	
Yaxing		43	194478	1092627	224	
Yebaishou		43	413975	1196408	224	
Yebao		43	349372	1056467	224	
Yengitam		43	437458	816569	234	
Yeyuan		43	364167	1185000	224	
Yezhou		43	306037	1097233	224	
Yibin		43	287593	1046399	224	
Yichang		43	307144	1112847	224	
Yicheng		43	317047	1122561	224	
Yichun		43	278333	1144000	224	
Yichun		43	477214	1288753	224	
Yidu		43	367712	1184245	224	
Yigai'erqi		43	383408	774692	234	
Yigou		43	358114	1143167	224	
Yihe		43	297373	1072192	224	
Yihe		43	311573	1080826	224	
Yilan		43	463223	1295608	224	
Yima		43	347381	1118839	224	
Yinchuan		43	384681	1062731	224	
Yingchuan		43	341628	1134639	224	
Yingjiang		43	247102	979367	224	
Yingkou		43	406647	1222318	224	newchwang
Yingli		43	370650	1188103	224	
Yingpan		43	264500	991500	224	
Yingqiu		43	365266	1189928	224	
Yingshang Chengguanzhen		43	326294	1162701	224	
Yingtan		43	282333	1170000	224	
Ying’awati		43	372988	798303	234	
Yinma		43	366608	1194625	224	
Yinqiao Zhen		43	257543	1001235	224	
Yintai		43	351152	1090970	224	
Yinzhu		43	358786	1199753	224	
Yishan		43	362211	1186966	224	
Yishikuli		43	384889	772014	234	
Yishui		43	357847	1186281	224	
Yitang		43	342583	1178889	224	
Yiwu		43	293151	1200768	224	
Yixing		43	313606	1198202	224	
Yizhou		43	245000	1086667	224	
Yizhuang		43	341565	1175937	224	
Yongbei		43	266462	1007807	224	
Yongchuan		43	293538	1058939	224	
Yongfeng		43	274549	1121694	224	
Yongjia		43	295719	1060013	224	
Yongjian		43	254254	1002124	224	
Yongle		43	310105	1095048	224	
Yongning		43	227610	1084836	224	
Yongqing		43	347481	1061269	224	
Yongxin		43	289667	1065333	224	
Yongxing		43	289897	1061761	224	
Yongxing		43	342078	1053289	224	
Yongzhou		43	264239	1116131	224	
Yong’an		43	310189	1094595	224	fengjie
Yong’an		43	303531	1075129	224	
Youhao		43	478531	1288356	224	
Yousuo		43	260253	1000677	224	
Youting		43	294313	1057376	224	
Youxi		43	292094	1061443	224	
Yuanping		43	387153	1127575	224	
Yuanshang		43	367683	1203456	224	
Yuanyang		43	296657	1065575	224	
Yuanyang		43	347877	1047753	224	
Yucheng		43	349289	1164653	224	
Yuci		43	376803	1127319	224	
Yudong		43	293850	1065194	224	
Yuexi		43	309113	1081593	224	
Yueyang		43	293746	1130948	224	
Yufengshan		43	297198	1067234	224	
Yujia		43	308115	1079538	224	
Yulin		43	226305	1101469	224	
Yulinshi		43	382918	1097375	224	
Yuncheng		43	350231	1109928	224	
Yunfu		43	229279	1120381	224	
Yunji		43	299194	1073404	224	
Yunjin		43	290818	1056433	224	
Yunlong		43	342528	1172517	224	
Yunlong		43	305228	1076420	224	
Yunmen		43	300827	1063238	224	
Yunmeng Chengguanzhen		43	310625	1137654	224	
Yunnanyi		43	254245	1006890	224	
Yunshan		43	368242	1202261	224	
Yuntai		43	301389	1072049	224	
Yunyang		43	334474	1127142	224	
Yuqunweng		43	438744	816206	234	
Yushan		43	295328	1084250	224	
Yushu		43	330012	970089	224	
Yushu		43	448275	1265406	224	
Yutan		43	282583	1125605	224	
Yuxi		43	243550	1025422	224	
Yuxia		43	340615	1086290	224	
Yuyao		43	300500	1211494	224	
Zaoyang		43	321272	1127542	224	
Zaozhuang		43	348647	1175542	224	
Zepu		43	381887	772708	234	
Zhabei		43	312586	1214597	224	
Zhakou		43	217066	1094750	224	
Zhalantun		43	480094	1227365	224	
Zhancheng		43	341750	1177629	224	
Zhangfeng		43	241906	978019	224	
Zhangji		43	341375	1173756	224	
Zhangjiachuan		43	349876	1062090	224	
Zhangjiagang		43	318650	1205389	224	
Zhangjiajie		43	291294	1104783	224	
Zhangjiakou		43	407834	1148714	224	
Zhangye		43	389342	1004517	224	
Zhangzhai		43	346167	1169500	224	
Zhangzhou		43	245133	1176556	224	
Zhangzhuang		43	345194	1170056	224	
Zhanhe		43	268589	1009140	224	
Zhanjiang		43	212339	1103875	224	
Zhaobaoshan		43	299695	1216875	224	
Zhaodong		43	460522	1259552	224	
Zhaodun		43	343027	1178570	224	
Zhaogezhuang		43	397654	1184119	224	
Zhaojia		43	310812	1084116	224	
Zhaoqing		43	230489	1124609	224	
Zhaotong		43	273167	1037167	224	
Zhaoyuan		43	373650	1204100	224	
Zhaoyuan		43	455197	1250763	224	
Zhaozhou		43	457060	1252661	224	
Zhaozhuang		43	347389	1164556	224	
Zhawa		43	372142	796290	234	
Zhefang		43	242667	982833	224	
Zhelou		43	249667	1058167	224	
Zhengding		43	381450	1145656	224	
Zhengji		43	344372	1170389	224	
Zhengxing		43	294574	1061293	224	
Zhengzhou		43	347578	1136486	224	
Zhenjiang		43	322109	1194551	224	
Zhenlai		43	458496	1231979	224	
Zhenping Chengguanzhen		43	330331	1122332	224	
Zhenxi		43	298993	1074645	224	
Zhenzhou		43	322803	1191700	224	
Zheshan		43	361488	1189514	224	
Zhicheng		43	302956	1115047	224	
Zhicheng		43	310075	1199085	224	
Zhifeng		43	296544	1057842	224	
Zhigou		43	359167	1192167	224	
Zhijiang		43	304214	1117533	224	
Zhiping		43	292583	1063586	224	
Zhongchao		43	261375	1092200	224	
Zhongduo		43	288466	1087642	224	
Zhonggulou		43	308249	1083841	224	
Zhonghe		43	284505	1089890	224	
Zhonghe		43	311766	1081316	224	
Zhonghe		43	250558	983999	224	
Zhonghe		43	197428	1093449	224	
Zhongshan		43	225231	1133791	224	
Zhongshan		43	349381	1058775	224	
Zhongshu		43	245167	1037667	224	
Zhongxiang		43	311661	1125831	224	
Zhongxin		43	266167	1012715	224	
Zhongxing		43	337039	1186792	224	
Zhong’ao		43	297650	1056664	224	
Zhoubai		43	295295	1088227	224	
Zhoucheng		43	359122	1163117	224	
Zhoucun		43	368167	1178167	224	
Zhoujia		43	304191	1075385	224	
Zhoujiaba		43	308435	1083664	224	
Zhoukou		43	336333	1146333	224	
Zhouqu Chengguanzhen		43	337842	1043628	224	
Zhoushan		43	299887	1222049	224	
Zhouzhuang		43	311179	1208443	224	
Zhu Cheng City		43	359950	1194026	224	
Zhuanghe		43	397008	1229911	224	
Zhuangyuan		43	373055	1208275	224	
Zhucheng		43	359947	1193975	224	
Zhuhai		43	222769	1135678	224	
Zhuhai		43	293694	1058832	224	
Zhuji		43	297188	1202423	224	
Zhujiajiao		43	311076	1210570	224	
Zhumadian		43	329794	1140294	224	
Zhutang		43	227152	998071	224	
Zhutuo		43	290184	1058488	224	
Zhuxi		43	295361	1056668	224	
Zhuxi		43	311244	1082906	224	
Zhuyang		43	290642	1059449	224	
Zhuyi		43	310254	1093856	224	
Zhuyuan		43	313022	1092581	224	
Zhuzhai		43	347611	1168139	224	
Zhuzhou		43	278333	1131500	224	
Zibihu		43	261143	999527	224	
Zibo		43	367906	1180633	224	
Zigong		43	293416	1047769	224	
Zitong		43	301782	1058299	224	
Ziyang		43	301211	1046481	224	
Ziyang Chengguanzhen		43	325192	1085323	224	
Zizhuang		43	343615	1174882	224	
Zoucheng		43	354006	1169656	224	
Zouma		43	305696	1084375	224	
Zouzhuang		43	346000	1180500	224	
Zuitai		43	333308	1056047	224	
Zunyi		43	276867	1069072	224	
Ürümqi	urumqi	43	438010	876005	234	
Flying Fish Cove		44	-104217	1056791	315	
West Island		45	-121568	968225	316	
Acacías	acacias	46	39870	-737580	75	
Aguachica		46	83084	-736166	75	
Agustín Codazzi	agustin codazzi	46	100367	-732356	75	
Albania		46	111610	-725924	75	
Anaime		46	43964	-754450	75	
Anserma		46	53328	-757911	75	
Apartadó	apartado	46	78830	-766259	75	
Aracataca		46	105918	-741898	75	
Arauca		46	70847	-707591	75	
Ariguaní	ariguani	46	102500	-740000	75	
Arjona		46	102544	-753439	75	
Armenia		46	45366	-756726	75	
Ayapel		46	83137	-751398	75	
Baranoa		46	107941	-749164	75	
Barbosa		46	64381	-753314	75	
Barrancabermeja		46	70653	-738547	75	
Barrancas		46	109567	-727946	75	
Barranquilla		46	109685	-747813	75	
Belalcázar	belalcazar	46	26464	-759727	75	
Bello		46	63373	-755580	75	
Belén de Umbría	belen de umbria	46	52009	-758686	75	
Bogotá	bogota	46	46097	-740818	75	
Bosconia		46	99711	-738882	75	
Bosconia		46	48558	-739817	75	
Bucaramanga		46	71250	-731190	75	
Buenaventura		46	35833	-770000	75	
Buenaventura		46	38801	-770312	75	
Caicedonia		46	43324	-758266	75	
Cajicá	cajica	46	49186	-740280	75	
Calarcá	calarca	46	45295	-756409	75	
Caldas		46	60911	-756357	75	
Cali		46	34305	-765199	75	
Campo de la Cruz		46	103781	-748836	75	
Campoalegre		46	26849	-753231	75	
Candelaria		46	34067	-763482	75	
Carmen de Viboral		46	60824	-753351	75	el carmen de viboral
Cartagena		46	103982	-754933	75	
Cartago		46	47464	-759117	75	
Caucasia		46	79865	-751935	75	
Cereté	cerete	46	88848	-757905	75	
Chigorodó	chigorodo	46	76664	-766811	75	
Chimichagua		46	92578	-738123	75	
Chinchiná	chinchina	46	49825	-756036	75	
Chinú	chinu	46	91057	-753981	75	
Chiquinquirá	chiquinquira	46	56164	-738175	75	
Chiriguaná	chiriguana	46	93624	-736031	75	
Chía	chia	46	48588	-740587	75	
Cimitarra		46	63142	-739497	75	
Circasia		46	46189	-756358	75	
Ciudad Bolívar	ciudad bolivar	46	58539	-760253	75	
Ciénaga	cienaga	46	110070	-742476	75	
Copacabana		46	63463	-755089	75	
Corinto		46	31730	-762628	75	
Corozal		46	93185	-752933	75	
Cumaribo		46	44455	-697990	75	
Curumaní	curumani	46	91999	-735427	75	
Cúcuta	cucuta	46	79074	-725049	75	
Dabeiba		46	70002	-762692	75	
Dosquebradas		46	48392	-756673	75	
Duitama		46	58245	-730341	75	
El Bagre		46	76035	-748095	75	
El Banco		46	90011	-739758	75	
El Carmen de Bolívar	el carmen de bolivar	46	97174	-751202	75	
El Cerrito		46	36855	-763137	75	
El Charco		46	24808	-781097	75	
El Copey		46	101503	-739614	75	
El Zulia		46	79325	-726012	75	
Envigado		46	61759	-755917	75	
Espinal		46	41492	-748843	75	
Facatativá	facatativa	46	48137	-743545	75	
Flandes		46	42900	-748161	75	
Florencia		46	16155	-756041	75	
Florida		46	33223	-762348	75	
Floridablanca		46	70622	-730864	75	
Fonseca		46	108861	-728487	75	
Fundación	fundacion	46	105207	-741850	75	
Funza		46	47164	-742120	75	
Fusagasugá	fusagasuga	46	43365	-743638	75	
Garzón	garzon	46	21959	-756278	75	
Gigante		46	23868	-755474	75	
Girardot City		46	43008	-748075	75	
Girón	giron	46	70682	-731698	75	
Granada		46	35462	-737069	75	
Guadalajara de Buga		46	39009	-762978	75	
Guaduas		46	50669	-745950	75	
Guamal		46	91433	-742238	75	
Guamo		46	40308	-749701	75	
Honda		46	52086	-747358	75	
Ibagué	ibague	46	44357	-752029	75	
Ipiales		46	8250	-776397	75	
Isnos		46	19356	-762406	75	
Itagüí	itagui	46	61846	-755991	75	
Ituango		46	71712	-757640	75	
Jamundí	jamundi	46	32607	-765350	75	
La Ceja		46	60313	-754333	75	
La Dorada		46	54478	-746631	75	
La Estrella		46	61577	-756432	75	
La Jagua de Ibirico		46	95623	-733340	75	
La Mesa		46	52667	-739167	75	
La Tebaida		46	44526	-757875	75	
La Unión	la union	46	45328	-761032	75	
La Virginia		46	48997	-758825	75	
Leticia		46	-42108	-699394	75	
Lorica		46	92365	-758135	75	
Los Patios		46	78379	-725037	75	
Luruaco		46	106171	-751515	75	
Líbano	libano	46	49218	-750623	75	
Madrid		46	47324	-742642	75	
Magangué	magangue	46	92420	-747547	75	
Mahates		46	102329	-751899	75	
Maicao		46	113784	-722395	75	
Malambo		46	108595	-747739	75	
Manizales		46	50668	-755068	75	
Marinilla		46	61736	-753362	75	
María la Baja	maria la baja	46	99832	-753016	75	
Medellín	medellin	46	62450	-755715	75	
Melgar		46	42048	-746408	75	
Miranda		46	32528	-762292	75	
Mitú	mitu	46	12574	-702355	75	
Mocoa		46	11528	-766521	75	
Mompós	mompos	46	92419	-744267	75	
Montelíbano	montelibano	46	79792	-754202	75	
Montenegro		46	45664	-757511	75	
Montería	monteria	46	87508	-758782	75	
Morales		46	27545	-766279	75	
Mosquera		46	47059	-742302	75	
Natagaima		46	36206	-750942	75	
Nechí	nechi	46	80942	-747757	75	
Neiva		46	29300	-752797	75	
Ocaña	ocana	46	82377	-733560	75	
Orito		46	6675	-768730	75	
Palmar de Varela		46	107406	-747544	75	
Palmira		46	35394	-763036	75	
Pamplona		46	73756	-726480	75	
Pasto		46	12146	-772785	75	
Patía	patia	46	20690	-770527	75	
Payandé	payande	46	42975	-750967	75	
Paz de Ariporo		46	58815	-718917	75	
Pereira		46	48143	-756949	75	
Piedecuesta		46	69879	-730495	75	
Piendamo		46	26392	-765306	75	
Pinillos		46	89192	-744677	75	
Pitalito		46	18537	-760507	75	
Pivijay		46	104617	-746162	75	
Planadas		46	31970	-756451	75	
Planeta Rica		46	84115	-755851	75	
Plato		46	97903	-747824	75	
Ponedera		46	106430	-747539	75	
Popayán	popayan	46	24382	-766132	75	
Pradera		46	34211	-762447	75	
Puebloviejo		46	109938	-742844	75	
Puerto Asís	puerto asis	46	5051	-764957	75	
Puerto Berrío	puerto berrio	46	64916	-744033	75	
Puerto Boyacá	puerto boyaca	46	59760	-745852	75	
Puerto Colombia		46	109878	-749547	75	
Puerto Rico		46	19100	-751593	75	
Puerto Tejada		46	32311	-764167	75	
Puerto Wilches		46	73483	-738960	75	
Purificación	purificacion	46	38587	-749313	75	
Quibdó	quibdo	46	56919	-766584	75	
Quimbaya		46	46231	-757628	75	
Quinchía	quinchia	46	53396	-757302	75	
Repelón	repelon	46	104952	-751245	75	
Riohacha		46	115444	-729072	75	
Rionegro		46	61552	-753737	75	
Rivera		46	27772	-752564	75	
Roldanillo		46	44126	-761546	75	
Sabana de Torres		46	73915	-734957	75	
Sabanagrande		46	107912	-747606	75	
Sabanalarga		46	106307	-749221	75	
Sabaneta		46	61515	-756166	75	
Sahagún	sahagun	46	89462	-754428	75	
Samaniego		46	13385	-775957	75	
Sampués	sampues	46	91836	-753817	75	
San Andrés	san andres	46	125786	-816997	75	
San Antero		46	93741	-757589	75	
San Carlos		46	87958	-756995	75	
San Gil		46	65595	-731364	75	
San Jacinto		46	98277	-751217	75	
San José del Guaviare	san jose del guaviare	46	25680	-726397	75	
San Juan Nepomuceno		46	99516	-750820	75	
San Juan del Cesar		46	107711	-730031	75	
San Luis de Sincé	san luis de since	46	92439	-751468	75	
San Marcos		46	86597	-751281	75	
San Martín	san martin	46	36964	-736996	75	
San Onofre		46	97359	-755263	75	
San Pablo		46	100515	-752678	75	
San Pedro de Urabá	san pedro de uraba	46	82752	-763764	75	
San Sebastián de Mariquita	san sebastian de mariquita	46	51989	-748930	75	
Santa Fe de Antioquia		46	65569	-758281	75	
Santa Marta		46	112386	-741943	75	
Santa Rosa de Cabal		46	48681	-756214	75	
Santa Rosa de Osos		46	66474	-754603	75	
Santander de Quilichao		46	30094	-764849	75	
Santiago de Tolú	santiago de tolu	46	95239	-755814	75	
Santo Tomás	santo tomas	46	107577	-747545	75	
Segovia		46	70799	-746989	75	
Sevilla		46	42642	-759309	75	
Sibaté	sibate	46	44915	-742596	75	
Sincelejo		46	93045	-753905	75	
Sitionuevo		46	107774	-747205	75	
Soacha		46	45794	-742168	75	
Socorro		46	64684	-732602	75	
Sogamoso		46	57143	-729339	75	
Soledad		46	109184	-747646	75	
Sonsón	sonson	46	57106	-753107	75	
Sucre		46	88114	-747208	75	
Supía	supia	46	54530	-756507	75	
Tame		46	64606	-717362	75	
Tauramena		46	50179	-727468	75	
Tierralta		46	81736	-760592	75	
Timbiquí	timbiqui	46	27717	-776654	75	
Tuluá	tulua	46	40847	-761954	75	
Tumaco		46	17911	-787928	75	
Tunja		46	55448	-733576	75	
Turbaco		46	103294	-754114	75	
Turbo		46	80926	-767282	75	
Túquerres	tuquerres	46	10865	-776186	75	
Valledupar		46	104654	-732531	75	
Villa del Rosario		46	78339	-724742	75	
Villamaría	villamaria	46	50456	-755147	75	
Villanueva		46	52833	-719667	75	
Villavicencio		46	41324	-736256	75	
Yarumal		46	69632	-754174	75	
Yopal		46	53357	-723939	75	
Yumbo		46	35823	-764915	75	
Zaragoza		46	74897	-748692	75	
Zarzal		46	43946	-760715	75	
Zipaquirá	zipaquira	46	50221	-740048	75	
Fomboni		47	-122876	437434	317	
Moroni		47	-117022	432551	317	
Moutsamoudou		47	-121667	443994	317	
Avarua		48	-212075	-1597755	343	
Alajuela		49	100172	-842128	85	
Aserrí	aserri	49	98614	-840927	85	
Cartago		49	98637	-839195	85	
Chacarita		49	99842	-847789	85	
Curridabat		49	99139	-840360	85	
Guadalupe		49	99480	-840566	85	
Heredia		49	99987	-841159	85	
Ipís	ipis	49	99655	-840182	85	
Liberia		49	106352	-854378	85	
Limón	limon	49	99907	-830360	85	puerto limon
Mercedes Norte		49	100061	-841302	85	
Paraíso	paraiso	49	98385	-838666	85	
Patarrá	patarra	49	98806	-840355	85	
Puntarenas		49	99769	-848379	85	
Purral		49	99569	-840321	85	
Quesada		49	103266	-844320	85	
San Felipe		49	99044	-841062	85	
San Francisco		49	99938	-841274	85	
San Isidro		49	93674	-836971	85	san isidro de el general
San José	san jose	49	99339	-840849	85	
San José	san jose	49	109519	-851357	85	
San Juan		49	99619	-840788	85	
San Miguel		49	98712	-840608	85	
San Pablo		49	99956	-840966	85	
San Pedro		49	99283	-840507	85	
San Rafael		49	99283	-841354	85	
San Rafael Abajo		49	98310	-842901	85	
San Vicente		49	99619	-840494	85	
Tejar		49	97430	-842322	85	
Turrialba		49	99037	-836836	85	
Bjelovar		50	458986	168489	312	
Centar		50	458131	159775	312	donji grad
Dubrovnik		50	426412	181091	312	
Karlovac		50	454917	155500	312	
Koprivnica		50	461628	168275	312	
Osijek		50	455511	186939	312	
Pula		50	448683	138481	312	
Rijeka		50	453267	144424	312	
Sesvete		50	458311	161164	312	
Sisak		50	454661	163783	312	
Slavonski Brod		50	451603	180156	312	
Split		50	435089	164392	312	
Varaždin	varazdin	50	463044	163378	312	
Velika Gorica		50	457125	160756	312	
Vinkovci		50	452883	188047	312	
Vukovar		50	453516	190022	312	
Zadar		50	441158	152251	312	
Zagreb		50	458144	159780	312	
Šibenik	sibenik	50	437343	158942	312	
Aguada de Pasajeros		51	223852	-808479	104	
Alamar		51	231579	-822784	104	
Almendares		51	231101	-824232	104	
Amancio		51	208191	-775796	104	
Arroyo Naranjo		51	230381	-823770	104	
Artemisa		51	228137	-827581	104	
Balcón de la Lisa	balcon de la lisa	51	230535	-824476	104	
Banes		51	209612	-757220	104	
Baracoa		51	203471	-744962	104	
Bartolomé Masó	bartolome maso	51	201664	-769429	104	
Bauta		51	229823	-825472	104	
Bayamo		51	203737	-766427	104	
Boyeros		51	230072	-824017	104	
Cabaiguán	cabaiguan	51	220787	-794973	104	
Cacocum		51	207377	-763257	104	
Caibarién	caibarien	51	225200	-794660	104	
Calimete		51	225342	-809110	104	
Camagüey	camaguey	51	213808	-779169	104	
Camajuaní	camajuani	51	224833	-797500	104	
Campechuela		51	202333	-772799	104	
Centro Habana		51	231383	-823642	104	
Cerro		51	231081	-823866	104	
Chambas		51	221953	-789123	104	
Ciego de Ávila	ciego de avila	51	218422	-787603	104	
Cienfuegos		51	221468	-804481	104	
Cifuentes		51	226493	-800494	104	
Ciro Redondo		51	220192	-787036	104	
Ciudad Camilo Cienfuegos		51	231608	-823280	104	
Colón	colon	51	227206	-809049	104	
Condado		51	218767	-798401	104	
Consolación del Sur	consolacion del sur	51	225042	-835144	104	
Contramaestre		51	202988	-762451	104	
Corralillo		51	229821	-805856	104	
Cruces		51	223420	-802702	104	
Cueto		51	206486	-759297	104	
Cumanayagua		51	221525	-802035	104	
Cárdenas	cardenas	51	230366	-812060	104	
Diez de Octubre		51	230881	-823597	104	
Encrucijada		51	226180	-798660	104	
Florida		51	215254	-782258	104	
Fontanar		51	230239	-824080	104	
Gibara		51	211099	-761314	104	
Guanabacoa		51	231252	-823007	104	
Guanajay		51	229262	-826869	104	
Guantánamo	guantanamo	51	201444	-752092	104	
Guáimaro	guaimaro	51	210522	-773499	104	
Güines	guines	51	228373	-820264	104	
Güira de Melena	guira de melena	51	227961	-825067	104	
Havana		51	231330	-823830	104	
Holguín	holguin	51	208872	-762631	104	
Jagüey Grande	jaguey grande	51	225269	-811286	104	
Jesús Menéndez	jesus menendez	51	211614	-764792	104	
Jiguaní	jiguani	51	203678	-764274	104	
Jobabo		51	209075	-772819	104	
Jovellanos		51	228038	-811913	104	
La Habana Vieja		51	231303	-823531	104	
La Salud		51	228720	-824233	104	
Lajas		51	224148	-802931	104	
Las Tunas		51	209614	-769519	104	
Limonar		51	229504	-814106	104	
Los Palacios		51	225888	-832467	104	
Madruga		51	229100	-818564	104	
Maisí	maisi	51	202467	-741518	104	punta de maisi
Manicaragua		51	221502	-799787	104	
Mantilla		51	230679	-823414	104	
Manzanillo		51	203417	-771213	104	
Marianao		51	230738	-824189	104	
Mariel		51	229893	-827538	104	
Matanzas		51	230439	-815828	104	
Minas de Matahambre		51	225869	-839455	104	
Moa		51	206578	-749508	104	
Morón	moron	51	221077	-786267	104	
Naranjito		51	230794	-823769	104	
Nuevitas		51	215459	-772650	104	
Palma Soriano		51	202113	-759936	104	
Palmira		51	222413	-803911	104	
Pedro Betancourt		51	227271	-812896	104	
Perico		51	227699	-810183	104	
Pinar del Río	pinar del rio	51	224165	-836966	104	
Placetas		51	223118	-796544	104	
Plaza de la Revolución	plaza de la revolucion	51	231194	-823920	104	
Puerto Padre		51	211952	-766036	104	
Ranchuelo		51	223727	-801505	104	
Regla		51	231250	-823319	104	
Remedios		51	224950	-795455	104	
Río Cauto	rio cauto	51	205597	-769167	104	
Río Guayabal de Yateras	rio guayabal de yateras	51	203667	-750167	104	
Sagua la Grande		51	228067	-800756	104	
San Antonio de los Baños	san antonio de los banos	51	228902	-825010	104	
San Cristobal		51	227166	-830565	104	
San Germán	san german	51	206001	-761336	104	
San José de las Lajas	san jose de las lajas	51	229612	-821515	104	
San Luis		51	201881	-758503	104	
San Miguel del Padrón	san miguel del padron	51	230954	-823267	104	
Sancti Spíritus	sancti spiritus	51	219343	-794398	104	
Santa Clara		51	224071	-799658	104	
Santa Cruz del Sur		51	207163	-779982	104	
Santiago de Cuba		51	200229	-758217	104	
Santiago de las Vegas		51	229700	-823869	104	
Santo Domingo		51	225868	-802426	104	
Trinidad		51	218022	-799847	104	
Unión de Reyes	union de reyes	51	227950	-815362	104	
Vedado		51	231377	-823934	104	
Vedado del Cotorro		51	230500	-822500	104	
Vertientes		51	212582	-781498	104	
Viñales	vinales	51	226189	-837069	104	
Víbora	vibora	51	230939	-823719	104	
Víbora Park	vibora park	51	230810	-823545	104	
Yaguajay		51	223269	-792357	104	
Yara		51	202746	-769513	104	
Bandariba		52	120926	-688309	88	
Willemstad		52	121225	-688864	88	
Aglantziá	aglantzia	53	351542	333964	209	
Aradíppou	aradippou	53	349478	335881	209	aradhippou
Famagusta		53	351249	339414	185	
Kyrenia		53	353363	333173	185	
Káto Lakatámeia	kato lakatameia	53	351176	333254	209	
Káto Polemídia	kato polemidia	53	346972	329932	209	
Larnaca		53	349221	336279	209	
Limassol		53	346841	330379	209	
Mórfou	morfou	53	351987	329934	209	
Nicosia		53	351728	333540	209	
Paphos		53	347768	324245	209	
Stróvolos	strovolos	53	351487	333338	209	
Bohumín	bohumin	54	499041	183576	292	
Brno		54	491952	166080	292	
Břeclav	breclav	54	487590	168820	292	
Cheb		54	500796	123739	292	
Chodov		54	500367	145044	292	
Chomutov		54	504605	134178	292	
Chrudim		54	499511	157956	292	
Dejvice		54	501008	143907	292	
Děčín	decin	54	507822	142148	292	
Frýdek-Místek	frydek-mistek	54	496833	183500	292	
Havlíčkův Brod	havlickuv brod	54	496069	155794	292	
Havířov	havirov	54	497798	184369	292	
Hlubočepy	hlubocepy	54	500436	144016	292	
Hodonín	hodonin	54	488489	171324	292	
Holešovice	holesovice	54	501047	144495	292	
Hradec Králové	hradec kralove	54	502092	158328	292	
Háje	haje	54	500361	145267	292	
Jablonec nad Nisou		54	507243	151711	292	
Jihlava		54	493961	155912	292	
Jindřichův Hradec	jindrichuv hradec	54	491440	150030	292	
Karlovy Vary		54	502327	128712	292	
Karviná	karvina	54	498540	185417	292	frystat
Kladno		54	501473	141028	292	
Klatovy		54	493955	132950	292	
Kobylisy		54	501237	144521	292	
Kolín	kolin	54	500281	151998	292	
Kopřivnice	koprivnice	54	495995	181448	292	
Krnov		54	500897	177038	292	
Kroměříž	kromeriz	54	492978	173931	292	
Královské Vinohrady	kralovske vinohrady	54	500744	144437	292	
Krč	krc	54	500416	144457	292	
Kutná Hora	kutna hora	54	499484	152682	292	
Letňany	letnany	54	501333	145167	292	
Liberec		54	507671	150562	292	
Libeň	liben	54	501082	144746	292	
Litoměřice	litomerice	54	505335	141318	292	
Litvínov	litvinov	54	506042	136181	292	
Michle		54	500480	144622	292	
Mladá Boleslav	mlada boleslav	54	504114	149032	292	
Modřany	modrany	54	500112	144096	292	
Most		54	505030	136362	292	
Nové Město	nove mesto	54	500783	144209	292	new town
Nový Jičín	novy jicin	54	495944	180103	292	
Nusle		54	500646	144399	292	
Náchod	nachod	54	504167	161629	292	
Olomouc		54	495955	172518	292	
Opava		54	499387	179026	292	
Orlová	orlova	54	498453	184301	292	
Ostrava		54	498347	182820	292	
Pardubice		54	500408	157766	292	
Pilsen		54	497475	133776	292	
Prague		54	500880	144208	292	
Prostějov	prostejov	54	494719	171118	292	
Písek	pisek	54	493088	141475	292	
Přerov	prerov	54	494551	174509	292	
Příbram	pribram	54	496899	140104	292	
Smíchov	smichov	54	500720	144042	292	
Sokolov		54	501813	126401	292	
Staré Strašnice	stare strasnice	54	500765	145104	292	
Starý Bohumín	stary bohumin	54	499169	183362	292	
Stodůlky	stodulky	54	500500	143167	292	
Strakonice		54	492614	139024	292	
Teplice		54	506404	138245	292	
Trutnov		54	505610	159127	292	
Tábor	tabor	54	494144	146578	292	
Třebíč	trebic	54	492149	158817	292	
Třinec	trinec	54	496776	186708	292	
Uherské Hradiště	uherske hradiste	54	490698	174597	292	
Valašské Meziříčí	valasske mezirici	54	494718	179711	292	
Vršovice	vrsovice	54	500673	144603	292	
Vsetín	vsetin	54	493387	179962	292	
Vyškov	vyskov	54	492775	169990	292	
Zlín	zlin	54	492264	176706	292	
Znojmo		54	488555	160488	292	
Záběhlice	zabehlice	54	500573	145038	292	
Ústí nad Labem	usti nad labem	54	506607	140323	292	
Černý Most	cerny most	54	501048	145797	292	
Česká Lípa	ceska lipa	54	506855	145376	292	
České Budějovice	ceske budejovice	54	489745	144743	292	
Český Těšín	cesky tesin	54	497461	186261	292	
Řepy	repy	54	500706	143005	292	
Šumperk	sumperk	54	499653	169706	292	
Žižkov	zizkov	54	500833	144500	292	
Aketi		55	27388	237833	34	
Aru		55	28622	308414	34	
Babamba		55	1833	274833	34	
Bakwa		55	41263	273953	34	
Bandundu Province		55	-33169	173806	29	
Basankusu		55	12210	198020	29	
Basoko		55	12391	236160	34	
Baudhuinville		55	-70841	297368	34	moba
Beni		55	4911	294731	34	
Binga		55	23735	204977	29	
Boende		55	-2816	208805	29	
Bolobo		55	-21580	162325	29	
Boma		55	-58510	130536	29	
Bukama		55	-92044	258548	34	
Bukavu		55	-24908	288428	34	
Bulungu		55	-45444	186036	29	
Bumba		55	21877	224683	29	
Bunia		55	15594	302522	34	
Businga		55	33386	208858	29	
Buta		55	27858	247300	34	
Butembo		55	1416	292912	34	
Demba		55	-54957	222696	34	
Dibaya-Lubwe		55	-41587	198619	29	
Djugu		55	19193	305026	34	
Dungu		55	-36244	188494	29	
Fungurume		55	-106177	263211	34	
Gandajika		55	-67450	239533	34	
Gbadolite		55	42790	210028	29	
Gemena		55	32565	197723	29	
Goma		55	-16741	292284	34	
Hyosha		55	6978	295186	34	
Idiofa		55	-49659	195915	29	
Ilebo		55	-43311	205864	34	
Inkisi		55	-51312	150541	29	
Inongo		55	-19275	182881	29	
Isiro		55	27739	276160	34	
Kabalo		55	-60526	269143	34	
Kabare		55	-24968	287908	34	
Kabeya-Kamwanga		55	-59988	232539	34	
Kabinda		55	-61379	244818	34	
Kalemie		55	-59475	291947	34	
Kalima		55	-54854	282160	34	
Kambove		55	-108735	265975	34	
Kamina		55	-87351	249980	34	
Kampene		55	-35968	266672	34	
Kananga		55	-58962	224166	34	
Kanyama		55	-75167	241740	34	
Kanyobagonga		55	-6998	291718	34	kanyabayonga
Kasangulu		55	-45833	151655	29	
Kasongo		55	-44274	266666	34	
Katanda		55	-8254	293645	34	
Katwa		55	893	293086	34	
Kayna		55	-6093	291725	34	
Kenge		55	-57652	136571	29	
Kikwit		55	-50410	188162	29	
Kimpese		55	-55615	144316	29	
Kindu		55	-29437	259224	34	
Kinshasa		55	-43276	153136	29	
Kipamba		55	-82059	264204	34	
Kipushi		55	-117610	272514	34	
Kirumba		55	-10906	292925	34	
Kisangani		55	5153	251910	34	
Kituku		55	-75816	302060	34	
Kolwezi		55	-107148	254667	34	
Kongolo		55	-53853	270003	34	
Kutu		55	-27249	181476	29	
Libenge		55	36533	186357	29	
Likasi		55	-109830	267384	34	
Lisala		55	21513	215167	29	
Lodja		55	-35210	236005	34	
Lubao		55	-53877	257488	34	
Lubero		55	-1584	292386	34	
Lubumbashi		55	-116609	274794	34	
Luebo		55	-53522	214219	34	
Lukula		55	-38688	238835	34	
Luputa		55	-71618	237006	34	
Lusambo		55	-49750	234439	34	
Malemba		55	-103781	245452	34	
Malemba-Nkulu		55	-80448	267962	34	
Mangai		55	-40233	195338	29	
Mangbwalu		55	19447	300386	34	
Mangina		55	6042	293100	34	
Manono		55	-72986	273989	34	
Masi-Manimba		55	-47755	178910	29	
Masina		55	-43836	153914	29	
Matadi		55	-58386	134631	29	
Mbandaka		55	486	182603	29	
Mbanza-Ngungu		55	-52584	148584	29	
Mbuji-Mayi		55	-61360	235898	34	
Miabi		55	-62215	233925	34	
Moanda		55	-59275	123715	29	
Mokambo		55	-124276	283468	34	
Mulongo		55	-78349	269985	34	
Mushie		55	-30173	169224	29	
Mweka		55	-48519	215595	34	
Mwene		55	-98170	228702	34	
Mwene-Ditu		55	-70091	234528	34	
Nioki		55	-27204	176900	29	
Nyunzu		55	-59561	280165	34	
Pweto		55	-84660	289008	34	
Rutshuru		55	-11867	294467	34	
Tshela		55	-49971	129484	29	
Tshikapa		55	-64162	208000	34	
Tshilenge		55	-109667	229000	34	
Uvira		55	-33953	291378	34	
Watsa		55	30372	295355	34	
Yangambi		55	7676	244397	34	
Zongo		55	43428	185945	29	
Aalborg		56	570480	99187	268	
Albertslund		56	556569	123638	268	
Allerød	allerod	56	558704	123574	268	allerod municipality
Avedøre	avedore	56	556272	124564	268	
Ballerup		56	557316	123633	268	ballerup municipality
Charlottenlund		56	557524	125745	268	
Copenhagen		56	556759	125655	268	
Esbjerg		56	554703	84519	268	
Fredericia		56	555657	97526	268	
Frederiksberg		56	556794	125346	268	
Frederikshavn		56	574407	105366	268	
Glostrup		56	556666	124038	268	glostrup municipality
Greve		56	555833	123000	268	
Haderslev		56	552494	94877	268	
Hedensted		56	557704	97011	268	
Helsingør	helsingor	56	560361	126136	268	elsinore
Herning		56	561362	89766	268	
Hillerød	hillerod	56	559279	123008	268	
Hjørring	hjorring	56	574642	99823	268	
Holbæk	holbaek	56	557175	117128	268	
Holstebro		56	563601	86161	268	
Horsens		56	558607	98503	268	
Hvidovre		56	556430	124771	268	
Hørsholm	horsholm	56	558810	125011	268	
Klinteby Frihed		56	551970	115960	268	
Kolding		56	554904	94722	268	
Køge	koge	56	554580	121821	268	
Næstved	naestved	56	552299	117609	268	
Nørresundby	norresundby	56	570588	99228	268	
Odense		56	553959	103883	268	
Randers		56	564607	100364	268	
Ringsted		56	554426	117901	268	
Roskilde		56	556415	120803	268	
Rødovre	rodovre	56	556806	124537	268	rodovre municipality
Silkeborg		56	561697	95451	268	
Slagelse		56	554028	113546	268	
Svendborg		56	550598	106068	268	
Sønderborg	sonderborg	56	549090	97892	268	
Taastrup		56	556501	123016	268	
Valby		56	556661	125139	268	
Vanløse	vanlose	56	556836	124871	268	
Vejle		56	557093	95357	268	
Viborg		56	564532	94020	268	
Viby		56	561226	101514	268	viby j
Århus	arhus	56	561567	102108	268	aarhus
Ali Sabih		57	111558	427125	18	
Arta		57	115264	428519	18	
Dikhil		57	111045	423697	18	
Djibouti		57	115890	431450	18	
Obock		57	119669	432884	18	
Tadjoura		57	117878	428822	18	
Roseau		58	153017	-613881	91	
Azua		59	184532	-707349	147	
Bajos de Haina		59	184154	-700332	147	
Baní	bani	59	182797	-703318	147	
Bella Vista		59	184554	-699454	147	
Boca Chica		59	184500	-696000	147	
Bonao		59	189415	-704111	147	
Constanza		59	189092	-707450	147	
Cotuí	cotui	59	190538	-701512	147	
Cristo Rey		59	185000	-699333	147	
Esperanza		59	195847	-709849	147	
Hato Mayor del Rey		59	187658	-692558	147	
Jarabacoa		59	191168	-706359	147	
La Romana		59	184233	-689664	147	
La Vega		59	192203	-705310	147	concepcion de la vega
Las Matas de Farfán	las matas de farfan	59	188731	-715166	147	
Mao		59	195491	-710781	147	
Moca		59	193929	-705235	147	
Nagua		59	193832	-698474	147	
Puerto Plata		59	197934	-706884	147	
Punta Cana		59	185818	-684043	147	
Salcedo		59	193777	-704172	147	
Salvaleón de Higüey	salvaleon de higuey	59	186150	-687080	147	
San Cristóbal	san cristobal	59	184171	-701068	147	
San Francisco de Macorís	san francisco de macoris	59	192938	-702528	147	
San Juan de la Maguana		59	188064	-712263	147	
San Pedro de Macorís	san pedro de macoris	59	184539	-693086	147	
Santa Cruz de Barahona		59	182086	-711007	147	
Santa Cruz de El Seibo		59	187648	-690399	147	
Santiago de los Caballeros		59	194504	-706908	147	
Santo Domingo		59	184719	-698923	147	
Santo Domingo Este		59	184851	-698476	147	
Santo Domingo Oeste		59	185000	-700000	147	
Tamboril		59	194854	-706110	147	
Villa Altagracia		59	186730	-701710	147	
Villa Bisonó	villa bisono	59	195638	-708758	147	
Villa Consuelo		59	184833	-699000	147	
Villa Francisca		59	184828	-698891	147	
Ambato		60	-12491	-786168	101	
Arenillas		60	-35540	-800668	101	
Azogues		60	-27398	-788456	101	
Babahoyo		60	-18049	-795249	101	
Bahía de Caráquez	bahia de caraquez	60	-6003	-804244	101	
Balzar		60	-13655	-799051	101	
Cayambe		60	410	-781464	101	
Chone		60	-6985	-800925	101	
Cuenca		60	-28953	-789963	101	
Daule		60	-18603	-799768	101	
El Empalme		60	-10449	-796384	101	
El Triunfo		60	-19333	-799667	101	
Eloy Alfaro		60	-21692	-798399	101	duran
Esmeraldas		60	9592	-796540	101	
Guabo		60	-32440	-798287	101	el guabo
Guaranda		60	-15911	-789990	101	
Guayaquil		60	-21962	-798862	101	
Huaquillas		60	-34752	-802308	101	
Ibarra		60	3488	-781246	101	
Jipijapa		60	-13484	-805791	101	
La Libertad		60	-22330	-809104	101	
La Troncal		60	-24247	-793416	101	
Latacunga		60	-9342	-786152	101	
Loja		60	-39931	-792042	101	
Macas		60	-23074	-781203	101	
Machachi		60	-5127	-785707	101	
Machala		60	-32589	-799588	101	
Manta		60	-9494	-807314	101	
Milagro		60	-21340	-795934	101	
Naranjal		60	-26764	-796174	101	
Naranjito		60	-21707	-794650	101	
Nueva Loja		60	860	-768953	101	
Otavalo		60	2346	-782625	101	
Pasaje		60	-33256	-798070	101	
Pedro Carbo		60	-18162	-802343	101	
Playas		60	-26320	-803881	101	general villamil
Pomasqui		60	-542	-784538	101	
Portoviejo		60	-10576	-804514	101	
Posorja		60	-27092	-802472	101	
Puerto Francisco de Orellana		60	-4497	-769972	101	
Puyo		60	-14916	-780034	101	
Quevedo		60	-10288	-794626	101	
Quito		60	-2298	-785250	101	
Riobamba		60	-16651	-786589	101	
Rosa Zarate		60	3278	-794741	101	
Salinas		60	-22145	-809515	101	
Samborondón	samborondon	60	-19607	-797257	101	
Santa Elena		60	-22265	-808581	101	
Santa Rosa		60	-34557	-799637	101	
Santo Domingo de los Colorados		60	-2537	-791763	101	
Tulcán	tulcan	60	8124	-777171	101	
Ventanas		60	-14428	-794627	101	
Vinces		60	-15564	-797525	101	
Yaguachi Nuevo		60	-20976	-796926	101	
6th of October City		61	298167	310500	12	
Abnūb	abnub	61	272688	311523	12	
Abu Suweir-el-Mahatta		61	305698	321146	12	
Abū Kabīr	abu kabir	61	307251	316715	12	
Abū Qurqāş	abu qurqas	61	279304	308383	12	
Abū Tīj	abu tij	61	270451	313184	12	
Abū al Maţāmīr	abu al matamir	61	309102	301744	12	
Abū an Numrus	abu an numrus	61	299500	312000	12	
Abū Ḩammād	abu hammad	61	305377	316788	12	
Abū Ḩummuş	abu hummus	61	310931	303142	12	
Ad Dilinjāt	ad dilinjat	61	308280	305355	12	
Aga		61	309416	312904	12	
Ain Sukhna		61	296002	323167	12	
Akhmīm	akhmim	61	265622	317457	12	
Al Badrashayn		61	298500	312667	12	
Al Badārī	al badari	61	269931	314160	12	
Al Balyanā	al balyana	61	262365	320039	12	
Al Bayāḑīyah	al bayadiyah	61	256648	326354	12	
Al Başalīyah Baḩrī	al basaliyah bahri	61	251500	327167	12	
Al Burj		61	315823	309810	12	
Al Bājūr	al bajur	61	304305	310368	12	
Al Fashn		61	288231	308990	12	
Al Fayyum		61	293100	308418	12	
Al Ghanāyim	al ghanayim	61	268752	313296	12	
Al Ibrāhīmīyah	al ibrahimiyah	61	307188	315630	12	
Al Jammālīyah	al jammaliyah	61	311806	318650	12	al jamaliyah
Al Khuşūş	al khusus	61	301529	313150	12	
Al Khānkah	al khankah	61	302104	313681	12	
Al Khārjah	al kharjah	61	254510	305465	12	
Al Mansurah		61	310364	313807	12	
Al Manzalah		61	311582	319360	12	
Al Marāghah	al maraghah	61	266998	316046	12	
Al Maţarīyah	al matariyah	61	311829	320311	12	
Al Maḩallah al Kubrá	al mahallah al kubra	61	309706	311669	12	
Al Maḩmūdīyah	al mahmudiyah	61	311835	305245	12	
Al Minshāh	al minshah	61	264775	318039	12	
Al Qanāyāt	al qanayat	61	306193	314616	12	
Al Qanāţir al Khayrīyah	al qanatir al khayriyah	61	301933	311370	12	
Al Qanţarah	al qantarah	61	308571	323118	12	
Al Qaşşāşīn	al qassasin	61	305641	319339	12	kassassin
Al Qurayn		61	306162	317351	12	
Al Quşayr	al qusayr	61	261061	342772	12	el qoseir
Al Qāhirah al Jadīdah	al qahirah al jadidah	61	300421	314445	12	
Al Qūşīyah	al qusiyah	61	274402	308171	12	
Al Waqf		61	260866	324226	12	
Al Wāsiţah	al wasitah	61	293378	312056	12	
Al Ḩawāmidīyah	al hawamidiyah	61	299000	312500	12	
Al Ḩusaynīyah	al husayniyah	61	308616	319181	12	
Al Ḩāmūl	al hamul	61	313115	311477	12	
Al ‘Ayyāţ	al ‘ayyat	61	296197	312575	12	
Al ‘Idwah		61	286992	307673	12	
Al ‘Āshir min Ramaḑān	al ‘ashir min ramadan	61	302964	317463	12	10th of ramadan city
Al-'Ubūr	al-'ubur	61	302289	314815	12	
Al-Khārijah	al-kharijah	61	252500	305500	12	
Alexandria		61	312018	299158	12	
An Nāşirīyah	an nasiriyah	61	272058	311964	12	
An Nūbārīyah	an nubariyah	61	306687	300739	12	
Ar Raḩmānīyah	ar rahmaniyah	61	311048	306414	12	
Ar Riyāḑ	ar riyad	61	312419	309450	12	
Ar-Rawḍah	ar-rawdah	61	313234	317612	12	
Armant		61	256199	325430	12	
Arīsh	arish	61	311316	337984	12	al ‘arish
As Sanţah	as santah	61	307461	311296	12	
As Sarw		61	312387	316538	12	
As Sibā‘īyah	as siba‘iyah	61	251941	326771	12	
As Sinbillāwayn	as sinbillawayn	61	308825	314628	12	
As Sāḩil	as sahil	61	270631	313442	12	
Ash Shaykh Zuwayd		61	312163	341107	12	
Ash Shuhadā’	ash shuhada’	61	305968	308993	12	
Ash-Shaykh Zāyid	ash-shaykh zayid	61	300200	310000	12	
Ashmūn	ashmun	61	302974	309764	12	
Assiut		61	271810	311837	12	asyut
Aswān	aswan	61	240908	328994	12	
At Tall al Kabīr	at tall al kabir	61	305432	317850	12	
Awlād Şaqr	awlad saqr	61	309306	316986	12	
Awsīm	awsim	61	301230	311357	12	
Az Zarqā	az zarqa	61	312086	316353	12	
Aş Şaff	as saff	61	295647	312811	12	
Aş Şalāḩāt	as salahat	61	310020	316263	12	
Aş Şāliḩīyah al Jadīdah	as salihiyah al jadidah	61	306315	319393	12	
Aţ Ţārif	at tarif	61	257383	326368	12	
Aţfīḩ	atfih	61	294075	312525	12	
Badr		61	301360	317150	12	
Badr		61	305750	307111	12	
Balţīm	baltim	61	315558	310892	12	
Banhā	banha	61	304598	311842	12	
Banī Mazār	bani mazar	61	284946	308053	12	
Banī Suwayf	bani suwayf	61	290744	310978	12	
Banī Suwayf al Jadīdah	bani suwayf al jadidah	61	290330	311141	12	
Banī ‘Ubayd	bani ‘ubayd	61	279524	307808	12	
Basyūn	basyun	61	309398	308134	12	
Bibā	biba	61	289241	309854	12	
Bilbeis		61	304204	315622	12	
Bilqās	bilqas	61	312145	313580	12	
Birkat as Sab‘		61	306291	310824	12	
Biyalā	biyala	61	311742	312218	12	
Bi’r al ‘Abd		61	310189	330098	12	
Burj al ‘Arab		61	309032	295528	12	
Burj al ‘Arab al Jadīdah	burj al ‘arab al jadidah	61	308852	295772	12	
Būsh	bush	61	291482	311273	12	
Cairo		61	300626	312497	12	
Damanhur		61	310341	304682	12	
Damietta		61	314165	318133	12	
Darāw	daraw	61	244080	329232	12	
Dayr Mawās	dayr mawas	61	276415	308501	12	
Dayrūţ	dayrut	61	275564	308106	12	
Dikirnis		61	310890	315948	12	
Dishnā	dishna	61	261224	324675	12	
Disūq	disuq	61	311326	306478	12	
Diyarb Najm		61	307544	314402	12	
Dumyāţ al Jadīdah	dumyat al jadidah	61	314348	316751	12	
Dār as Salām	dar as salam	61	262784	320561	12	
Edfu		61	249792	328772	12	
El Dabaa		61	310282	284450	12	
El Shorouk		61	301381	316156	12	
El-Tor		61	282417	336222	12	
Esna		61	252934	325540	12	
Farshūţ	farshut	61	260550	321627	12	
Fuwwah		61	312036	305491	12	
Fāqūs	faqus	61	307282	317970	12	
Fāraskūr	faraskur	61	313298	317151	12	
Fāyīd	fayid	61	303126	323094	12	
Girga		61	263372	318930	12	jirja
Giza		61	300094	312086	12	
Hihyā	hihya	61	306713	315880	12	
Hurghada		61	272574	338129	12	
Ibshawāy	ibshaway	61	293590	306806	12	
Idkū	idku	61	313073	302981	12	
Ihnāsīyah	ihnasiyah	61	290928	310204	12	
Ismailia		61	306043	322722	12	
Iţsā	itsa	61	292376	307894	12	
Juhaynah		61	266742	314969	12	
Kafr Shukr		61	305497	312444	12	
Kafr ad Dawwār	kafr ad dawwar	61	311338	301297	12	
Kafr al Baţţīkh	kafr al battikh	61	314040	317378	12	
Kafr al Kurdī	kafr al kurdi	61	311684	317655	12	
Kafr ash Shaykh		61	311117	309399	12	
Kafr az Zayyāt	kafr az zayyat	61	308248	308180	12	
Kafr Şaqr	kafr saqr	61	307934	316258	12	
Kawm Ḩamādah	kawm hamadah	61	307613	306997	12	
Kirdāsah	kirdasah	61	300310	311111	12	kerdasa
Kom Ombo		61	244767	329463	12	
Luxor		61	256989	326421	12	
Madīnat Wādī an Naţrūn	madinat wadi an natrun	61	303775	303503	12	
Madīnat an Naşr	madinat an nasr	61	300667	313000	12	
Madīnat as Sādāt	madinat as sadat	61	303674	305087	12	
Maghāghah	maghaghah	61	286478	308410	12	
Mallawī	mallawi	61	277326	308413	12	
Manfalūţ	manfalut	61	273126	309699	12	
Marsá Maţrūḩ	marsa matruh	61	313529	272372	12	
Mashtūl as Sūq	mashtul as suq	61	303606	313776	12	
Maţāy	matay	61	284187	307786	12	
Maḩallat Damanah	mahallat damanah	61	310729	314950	12	
Minya		61	280919	307581	12	
Minyat an Naşr	minyat an nasr	61	311262	316431	12	
Minyā al Qamḩ	minya al qamh	61	305155	313463	12	
Munsha‘at Abū ‘Umar	munsha‘at abu ‘umar	61	309071	320234	12	
Munūf	munuf	61	304660	309320	12	menouf
Muţūbas	mutubas	61	312944	305225	12	
Mīt Ghamr	mit ghamr	61	307152	312592	12	
Mīt Salsīl	mit salsil	61	311676	318012	12	
Mūţ	mut	61	254874	289792	12	
Nabarūh	nabaruh	61	310976	313031	12	
Nag Hammâdi	nag hammadi	61	260495	322414	12	
Naqādah	naqadah	61	259011	327239	12	
New Bani Sewif City		61	290356	311179	12	
New Cairo		61	300300	314700	12	
Port Said		61	312653	323019	12	
Qahā	qaha	61	302801	312053	12	
Qalyub		61	301792	312056	12	
Qifţ	qift	61	259984	328181	12	
Qillīn	qillin	61	310475	308549	12	
Qina		61	261642	327267	12	
Quwaysinā	quwaysina	61	305648	311578	12	quweisna
Quţūr	qutur	61	309722	309561	12	
Qūş	qus	61	259154	327629	12	
Rafaḩ	rafah	61	312820	342387	12	
Ras Gharib		61	283583	330783	12	
Rosetta		61	313995	304172	12	
Safaga		61	267491	339389	12	
Samannūd	samannud	61	309616	312407	12	
Samālūţ	samalut	61	283121	307101	12	
Sharm el-Sheikh		61	279158	343299	12	sharm el sheikh
Shibīn al Kawm	shibin al kawm	61	305526	310090	12	
Shibīn al Qanāţir	shibin al qanatir	61	303127	313202	12	shibin el-qanatir
Shirbīn	shirbin	61	311969	315243	12	sherbin
Shubrā al Khaymah	shubra al khaymah	61	301251	312505	12	
Shubrākhīt	shubrakhit	61	310280	307149	12	
Sinnūris	sinnuris	61	294134	308658	12	
Sirs al Layyānah	sirs al layyanah	61	304428	309698	12	
Sohag		61	265570	316948	12	
Suez		61	299737	325263	12	
Sumusţā al Waqf	sumusta al waqf	61	289210	308537	12	
Sumusţā as Sulţānī	sumusta as sultani	61	289167	308500	12	
Sāqultah	saqultah	61	266582	316714	12	
Sīdī Barānī	sidi barani	61	316117	259254	12	
Sīdī Ghāzī	sidi ghazi	61	312111	310512	12	
Sīdī Sālim	sidi salim	61	312713	307862	12	
Sīwah	siwah	61	292032	255196	12	
Talā	tala	61	306798	309436	12	
Tanta		61	307885	310019	12	
Yūsuf aṣ-Ṣiddīq	yusuf as-siddiq	61	293850	305570	12	
Zagazig		61	305877	315020	12	
Zefta		61	307142	312442	12	
Ītāy al Bārūd	itay al barud	61	308870	306672	12	
Şidfā	sidfa	61	269664	313795	12	
Şān al Ḩajar al Qiblīyah	san al hajar al qibliyah	61	309748	318723	12	tanis
Ţahţā	tahta	61	267687	315020	12	
Ţalkhā	talkha	61	310539	313779	12	
Ţimā	tima	61	269084	314347	12	
Ţāmiyah	tamiyah	61	294764	309612	12	
Ţūd	tud	61	255828	325329	12	
Ţūkh	tukh	61	303549	312010	12	toukh
Ḩadā’iq al Qubbah	hada’iq al qubbah	61	300884	312835	12	
Ḩalwān	halwan	61	298414	313008	12	helwan
Ḩawsh ‘Īsá	hawsh ‘isa	61	309128	302902	12	
‘Izbat al Burj		61	315084	318411	12	ezbet el-burg
‘Izbat ‘Alī as Sayyid	‘izbat ‘ali as sayyid	61	311567	301478	12	
Acajutla		62	135928	-898275	94	
Aguilares		62	139572	-891897	94	
Ahuachapán	ahuachapan	62	139240	-898434	94	
Antiguo Cuscatlán	antiguo cuscatlan	62	136649	-892532	94	
Apopa		62	138072	-891792	94	
Ayutuxtepeque		62	137354	-892022	94	
Chalchuapa		62	139867	-896811	94	
Cojutepeque		62	137197	-889331	94	
Cuscatancingo		62	137270	-891816	94	
Delgado		62	137217	-891687	94	
Ilopango		62	137017	-891094	94	
La Unión	la union	62	133392	-878433	94	
Mejicanos		62	137240	-891880	94	
Quezaltepeque		62	138312	-892722	94	
San Marcos		62	136611	-891825	94	
San Martín	san martin	62	137833	-889167	94	
San Miguel		62	134826	-881821	94	
San Salvador		62	136894	-891872	94	
San Vicente		62	136411	-887846	94	
Santa Ana		62	139883	-895568	94	
Santa Tecla		62	136774	-892834	94	
Sonsonate		62	137173	-897230	94	
Soyapango		62	137102	-891399	94	
Usulután	usulutan	62	133447	-884399	94	
Zacatecoluca		62	135087	-888702	94	
Bata		63	18639	97658	36	
Ebebiyin		63	21522	113301	36	
Malabo		63	37558	87817	36	
Asmara		64	153380	389318	4	
Assab		64	130092	427394	4	
Barentu		64	151058	375907	4	
Himora		64	143043	366060	4	
Keren		64	157779	384511	4	
Massawa		64	156081	394746	4	
Mendefera		64	148872	388153	4	
Kohtla-Järve	kohtla-jarve	65	593986	272731	303	
Maardu		65	594653	249822	303	
Narva		65	593772	281903	303	
Nõmme	nomme	65	593776	246859	303	
Pärnu	parnu	65	583859	244971	303	
Tallinn		65	594370	247535	303	
Tartu		65	583806	267251	303	
Viljandi		65	583639	255900	303	
Lobamba		66	-264667	312000	39	
Manzini		66	-264988	313800	39	
Mbabane		66	-263167	311333	39	
Abala		67	142333	370000	2	
Abomsa		67	99833	399833	2	
Addis Ababa		67	90250	387469	2	
Adebaye		67	142023	367596	2	
Adwa		67	141635	388992	2	
Aksum		67	141211	387234	2	axum
Alamata		67	124160	395597	2	
Amba Giorgis		67	127689	376239	2	
Ara Ali		67	59667	410333	2	
Arba Minch		67	60333	375500	2	
Arerti		67	139500	406667	2	
Arsi Negele		67	73547	386746	2	
Asaita		67	115684	414387	2	
Awasa		67	70620	384763	2	
Babīlē	babile	67	92256	423322	2	
Badessa		67	68773	379362	2	
Bahir Dar		67	115936	373908	2	
Bako		67	57833	365667	2	
Bale Hawassa		67	69190	375290	2	
Bale Robe		67	71229	400041	2	
Bambesi		67	97500	347333	2	
Batī	bati	67	111915	400168	2	
Bedelē	bedele	67	84560	363530	2	
Bedēsa	bedesa	67	89000	407833	2	bedessa
Bedēsa	bedesa	67	68333	380833	2	
Bek’ojī	bek’oji	67	75333	392500	2	
Bichena		67	104500	382000	2	
Bishoftu		67	87522	389785	2	
Bodītī	boditi	67	69667	378667	2	
Bonga		67	72889	362417	2	
Burayu		67	90353	386608	2	
Burē	bure	67	107000	370667	2	
Butajīra	butajira	67	81167	383667	2	
Chagni		67	109563	365046	2	
Ch’ench’a		67	62500	375667	2	
Ch’iko		67	65833	383333	2	
Ch’īna Hasen	ch’ina hasen	67	95053	426111	2	
Ciro		67	78333	382333	2	
Dabat		67	129842	377650	2	
Damboya		67	73481	379506	2	
Dangila		67	112667	368333	2	
Dayē	daye	67	98833	382667	2	
Debark’		67	131561	378981	2	
Debre Birhan		67	96795	395326	2	debre berhan
Debre Mark’os		67	103500	377333	2	
Debre Tabor		67	118500	380167	2	
Deder		67	93117	414430	2	
Degeh Bur		67	82206	435572	2	degehabur
Dembech’a		67	105500	374833	2	
Dembī Dolo	dembi dolo	67	85333	348000	2	
Dessie		67	111333	396333	2	
Dibate		67	106500	362167	2	
Digih Habar Es		67	64426	459833	2	
Dimtu		67	69297	381251	2	
Dire Dawa		67	95931	418661	2	
Dodola		67	69833	391833	2	
Dolo		67	134992	396372	2	
Dubti		67	117329	410820	2	
Duramē	durame	67	72333	378833	2	
Dēra	dera	67	84000	388500	2	
Dīla	dila	67	64167	383167	2	
El Bahay		67	63466	454781	2	
Fadhigaradle		67	61756	452987	2	
Felana		67	94650	421845	2	
Felege Neway		67	63000	368833	2	
Fichē	fiche	67	98000	387333	2	
Filakit		67	116667	388000	2	
Finote Selam		67	107000	372667	2	
Funyan Bīra	funyan bira	67	94025	423175	2	
Gambēla	gambela	67	82500	345833	2	
Gasuba		67	67167	375667	2	
Gebre Guracha		67	98000	384000	2	
Gedeb		67	95725	431814	2	
Gelemso		67	88167	405167	2	
Genet		67	90667	385000	2	
Ghinnir		67	71395	407108	2	ginir
Gimbi		67	91703	358349	2	
Gimja Bēt Maryam	gimja bet maryam	67	108500	368833	2	
Ginja Bet		67	108503	368928	2	
Goba		67	70167	399833	2	
Gobēsa	gobesa	67	76167	395000	2	
Gode		67	59506	435519	2	
Gonder		67	126000	374667	2	
Guder		67	89705	377612	2	
Gununo		67	69247	376526	2	
Gurbetē	gurbete	67	113560	369545	2	
Gutin		67	95656	366357	2	
Gēdo	gedo	67	90167	374500	2	
Gīdolē	gidole	67	56500	373667	2	
Gīmbīcho	gimbicho	67	74500	376333	2	
Gīnch’ī	ginch’i	67	90333	381500	2	
Hadero		67	72000	376667	2	
Hagere Maryam		67	56342	382360	2	
Harar		67	93139	421182	2	
Harbu		67	109202	397871	2	
Hartīshēk	hartishek	67	91572	433542	2	
Hosa’ina		67	75498	378537	2	
Huruta		67	81500	393500	2	
Hāgere Hiywet	hagere hiywet	67	89833	378500	2	
Hāyk’	hayk’	67	113000	396833	2	
Hīrna	hirna	67	92167	411000	2	
Ibnat		67	121333	380500	2	
Idaga Hamus		67	141872	395639	2	
Inda Silasē	inda silase	67	141031	382829	2	
Indabaguna		67	139494	381842	2	
Injibara		67	110000	369167	2	
Insēno	inseno	67	80667	384667	2	
Intich’o		67	142789	391500	2	
Jijiga		67	93500	428000	2	
Jimma		67	76734	368344	2	
Jinka		67	56500	366500	2	
Kachīsī	kachisi	67	96000	378333	2	
Kebri Dahar		67	67400	442781	2	
Kele		67	60833	380333	2	
Kemisē	kemise	67	107167	398700	2	
Kibre Mengist		67	58833	389833	2	
Kobo		67	100280	398528	2	
Kofelē	kofele	67	70667	387833	2	
Kombolcha		67	110816	397434	2	
Komtikas		67	69577	355575	2	
Korem		67	125058	395228	2	
K’ola Diba		67	124242	373250	2	
K’olīto	k’olito	67	73167	380833	2	
Lalibela		67	120322	390476	2	
Lasoano		67	62553	453853	2	
Leku		67	68731	384442	2	
Logīya	logiya	67	117262	409797	2	
Maksenyit		67	123833	375500	2	
Mambuk		67	112833	362167	2	
May Cadera		67	140729	365683	2	
Maych’ew		67	127875	395422	2	
Mehal Mēda	mehal meda	67	103121	396589	2	
Mehoni		67	127988	396445	2	
Mek'ele		67	134967	394753	2	
Mek’ī	mek’i	67	81500	388167	2	
Mena		67	64167	398500	2	
Mendī	mendi	67	98000	351000	2	
Mersa		67	116667	396500	2	
Mertule Maryam		67	108333	382667	2	
Mer’āwī	mer’awi	67	114167	371667	2	
Metahāra	metahara	67	89000	399167	2	metehara
Metemma		67	129548	361555	2	
Metu		67	83000	355833	2	
Mojo		67	85868	391211	2	
Mot’a		67	110833	378667	2	
Mīlē	mile	67	114217	407628	2	
Mīzan Teferī	mizan teferi	67	69986	355888	2	
Mī’ēso	mi’eso	67	92348	407559	2	
Nazrēt	nazret	67	85500	392667	2	
Neefkuceliye		67	65546	453899	2	
Nefas Mewch’a		67	117333	384667	2	
Negēlē	negele	67	53167	395833	2	
Nejo		67	95000	355000	2	
Nek’emtē	nek’emte	67	90833	365500	2	
Qorof		67	65822	464333	2	koraf
Raqo		67	64192	458525	2	
Robit		67	99946	398969	2	
Sagurē	sagure	67	77500	391500	2	
Sebeta		67	89167	386167	2	
Sek’ot’a		67	126306	390347	2	
Sendafa		67	91520	390234	2	
Shakiso		67	57649	389101	2	
Shambu		67	95667	371000	2	
Shashamane		67	72000	386000	2	
Shendi		67	106406	369468	2	
Sheno		67	93294	392934	2	
Sheraro		67	144008	379340	2	
Shinshicho		67	72056	377778	2	
Shonē	shone	67	71333	379500	2	
Sifra		67	116046	400166	2	
Sodo		67	68600	377616	2	
Sīrē	sire	67	83167	394833	2	
Tarch’a Sodo		67	71514	371718	2	
Tikil Dingay		67	129842	370442	2	
Tulu Bolo		67	86667	382167	2	
Tēpī	tepi	67	72000	354500	2	
T’īs Isat	t’is isat	67	114833	375833	2	
Waal		67	68866	462151	2	
Wacha		67	71511	358170	2	
Waka		67	70667	371667	2	
Waliso		67	85342	379652	2	
Wegeda		67	112157	383645	2	
Weldiya		67	118277	395916	2	
Welench’ītī	welench’iti	67	86667	394333	2	
Welk’īt’ē	welk’it’e	67	82833	377833	2	
Wenago		67	63167	382667	2	
Wendo		67	66000	384167	2	
Werota		67	119167	377000	2	wereta
Wik’ro		67	137952	396030	2	
Wonji		67	84541	392175	2	
Worabe		67	78526	381853	2	
Yabēlo	yabelo	67	48833	380833	2	
Yamarugley		67	68077	460848	2	
Yirga Ch’efē	yirga ch’efe	67	61667	382000	2	
Yirga ‘Alem		67	67500	384167	2	irgalem
Ziway		67	79333	387167	2	
Ābderafī	abderafi	67	137333	364500	2	
Ābīy Ādī	abiy adi	67	135608	389739	2	
Ādēt	adet	67	112667	374833	2	
Ādīgrat	adigrat	67	142770	394620	2	
Ādīs Zemen	adis zemen	67	121167	377833	2	addis zemen
Āgaro	agaro	67	78500	366500	2	
Ārabī	arabi	67	99628	424928	2	
Āreka	areka	67	70667	377000	2	
Āsasa	asasa	67	71000	392000	2	
Āsbe Teferī	asbe teferi	67	90857	408671	2	
Āsela	asela	67	79500	391333	2	
Āsosa	asosa	67	100667	345333	2	
Āt’aye	at’aye	67	103503	399363	2	
Āwash	awash	67	89936	401664	2	
Āyana	ayana	67	98833	366167	2	
Āykel	aykel	67	125500	370667	2	ayikel
Īteya	iteya	67	81333	392333	2	
‘Alem Ketema		67	100833	390333	2	
‘Alem T’ēna	‘alem t’ena	67	83000	389500	2	
‘Alemaya		67	93933	420097	2	
Stanley		68	-516938	-578570	249	
Tórshavn	torshavn	69	620097	-67716	244	
Labasa		70	-164332	1793645	328	
Lautoka		70	-176169	1774505	328	
Nadi		70	-178031	1774162	328	
Nasinu		70	-180705	1785131	328	
Sigatoka		70	-181431	1775069	328	
Suva		70	-181368	1784253	328	
East Helsinki		71	602104	250829	272	
Espoo		71	602052	246522	272	
Haaga		71	602213	248976	272	
Hamina		71	605697	271979	272	
Helsinki		71	601695	249354	272	
Herttoniemi		71	601947	250354	272	
Hervanta		71	614479	238530	272	
Hyvinge		71	606333	248667	272	hyvinkaa
Hämeenlinna	hameenlinna	71	609960	244643	272	
Iisalmi		71	635592	271907	272	
Imatra		71	611718	287524	272	
Joensuu		71	626012	297632	272	
Jyväskylä	jyvaskyla	71	622415	257209	272	
Järvenpää	jarvenpaa	71	604737	250899	272	
Kaarela		71	602517	248811	272	
Kaarina		71	604072	223690	272	
Kajaani		71	642273	277285	272	
Kallio		71	601843	249503	272	
Kangasala		71	614638	240760	272	
Karhula		71	605216	269312	272	
Kemi		71	657364	245637	272	
Kerava		71	604034	251050	272	
Kirkkonummi		71	601238	244385	272	
Kokkola		71	638385	231307	272	
Kotka		71	604664	269458	272	
Kouvola		71	608667	267000	272	
Kuopio		71	628924	276770	272	
Laajasalo		71	601752	250309	272	
Lahti		71	609827	256615	272	
Lappeenranta		71	610587	281887	272	
Leppävaara	leppavaara	71	602128	248135	272	
Lohja		71	602486	240653	272	
Matinkylä	matinkyla	71	601588	247424	272	
Mellunkylä	mellunkyla	71	602336	250995	272	
Mikkeli		71	616886	272723	272	
Nokia		71	614667	235000	272	
Nurmijärvi	nurmijarvi	71	604641	248073	272	
Oulu		71	650124	254682	272	
Oulunkylä	oulunkyla	71	602292	249640	272	
Pori		71	614833	217833	272	
Porvoo		71	603923	256651	272	
Raahe		71	646833	244833	272	
Raisio		71	604859	221690	272	
Rauma		71	611272	215113	272	
Riihimäki	riihimaki	71	607377	247773	272	
Rovaniemi		71	665000	257167	272	
Salo		71	603833	231333	272	
Sastamala		71	613494	229093	272	
Savonlinna		71	618699	288800	272	
Seinäjoki	seinajoki	71	627945	228282	272	
Tampere		71	614991	237871	272	
Tornio		71	658481	241466	272	
Turku		71	604515	222687	272	
Tuusula		71	604037	250264	272	
Vaasa		71	630960	216158	272	
Vantaa		71	602941	250410	272	
Varkaus		71	623153	278730	272	
Vartiokylä	vartiokyla	71	602180	250957	272	
Vihti		71	604170	243196	272	
Vuosaari		71	602096	251420	272	
Ylöjärvi	ylojarvi	71	615563	235961	272	
Abbeville		72	501052	18355	290	
Achères	acheres	72	489612	20688	290	
Agde		72	433108	34758	290	
Agen		72	442020	6206	290	
Aix-en-Provence		72	435283	54497	290	
Aix-les-Bains		72	456917	59086	290	
Ajaccio		72	419189	87381	290	
Albi		72	439298	21480	290	
Alençon	alencon	72	484348	931	290	
Alfortville		72	488058	24204	290	
Allauch		72	433357	54820	290	
Alès	ales	72	441249	40808	290	
Amiens		72	499000	23000	290	
Angers		72	474716	-5520	290	
Anglet		72	434892	-15192	290	
Angoulême	angouleme	72	456500	1534	290	
Annecy		72	459088	61256	290	
Annecy-le-Vieux		72	459197	61439	290	
Annemasse		72	461944	62378	290	
Antibes		72	435813	71249	290	
Antony		72	487533	22967	290	
Argenteuil		72	489479	22474	290	
Arles		72	436768	46303	290	
Armentières	armentieres	72	506857	28821	290	
Arras		72	502930	27819	290	
Asnières-sur-Seine	asnieres-sur-seine	72	489167	22833	290	
Athis-Mons		72	487052	23915	290	
Aubagne		72	432928	55707	290	
Aubervilliers		72	489167	23833	290	
Auch		72	436456	5886	290	
Aulnay-sous-Bois		72	489381	24940	290	
Aurillac		72	449254	24398	290	
Auxerre		72	477996	35703	290	
Avignon		72	439483	48089	290	
Bagneux		72	487956	23080	290	
Bagnolet		72	488667	24167	290	
Bastia		72	427022	94512	290	
Bayonne		72	434932	-14730	290	
Beaune		72	470241	48389	290	
Beauvais		72	494333	20833	290	
Bel-Air		72	488417	24049	290	
Belfort		72	476422	68538	290	
Bergerac		72	448516	4817	290	
Besançon	besancon	72	472488	60182	290	
Bezons		72	489243	22128	290	
Biarritz		72	434806	-15568	290	
Blagnac		72	436368	13897	290	
Blois		72	475943	13291	290	
Bobigny		72	489098	24501	290	
Bois-Colombes		72	489194	22748	290	
Bondy		72	489018	24893	290	
Bordeaux		72	448404	-5805	290	
Boulogne-Billancourt		72	488354	22413	290	
Boulogne-sur-Mer		72	507249	16137	290	
Bourg-en-Bresse		72	462057	52258	290	
Bourges		72	470833	24000	290	
Bourgoin-Jallieu		72	455861	52736	290	
Brest		72	483903	-44863	290	
Brive-la-Gaillarde		72	451589	15333	290	
Bron		72	457386	49130	290	
Bruay-la-Buissière	bruay-la-buissiere	72	504833	25500	290	
Brunoy		72	486942	24922	290	
Brétigny-sur-Orge	bretigny-sur-orge	72	486114	23059	290	
Bègles	begles	72	448076	-5514	290	
Béthune	bethune	72	505296	26400	290	
Béziers	beziers	72	433412	32140	290	
Cachan		72	487963	23366	290	
Caen		72	491858	-3591	290	
Cagnes-sur-Mer		72	436635	71479	290	
Cahors		72	444491	14366	290	
Calais		72	509519	18564	290	
Caluire-et-Cuire		72	457946	48464	290	
Cambrai		72	501760	32347	290	
Cannes		72	435514	70128	290	
Carcassonne		72	432165	23486	290	
Carpentras		72	440551	50481	290	
Castres		72	436053	22409	290	
Cavaillon		72	438312	50359	290	
Cenon		72	448561	-5336	290	
Cergy		72	490364	20761	290	
Cergy-Pontoise		72	490389	20780	290	
Chalon-sur-Saône	chalon-sur-saone	72	467811	48537	290	
Chambéry	chambery	72	455663	59208	290	
Champigny-sur-Marne		72	488164	24937	290	
Champs-sur-Marne		72	488500	26000	290	
Charenton-le-Pont		72	488221	24122	290	
Charleville-Mézières	charleville-mezieres	72	497685	47249	290	
Chartres		72	484468	14892	290	
Chatou		72	488898	21586	290	
Chaumont		72	481112	51413	290	
Chelles		72	488811	25930	290	
Cherbourg		72	496398	-16164	290	
Choisy-le-Roi		72	487685	24187	290	
Cholet		72	470589	-8797	290	
Châlons-en-Champagne	chalons-en-champagne	72	489539	43672	290	
Châteauroux	chateauroux	72	468125	16936	290	
Châtellerault	chatellerault	72	468170	5452	290	
Châtenay-Malabry	chatenay-malabry	72	487651	22666	290	
Châtillon	chatillon	72	488024	22935	290	
Clamart		72	488030	22669	290	
Clermont-Ferrand		72	457797	30868	290	
Clichy		72	489002	23095	290	
Clichy-sous-Bois		72	489102	25532	290	
Colmar		72	480808	73558	290	
Colombes		72	489188	22540	290	
Colomiers		72	436106	13347	290	
Combs-la-Ville		72	486650	25696	290	
Compiègne	compiegne	72	494179	28261	290	
Concarneau		72	478754	-39190	290	
Conflans-Sainte-Honorine		72	490016	20969	290	
Corbeil-Essonnes		72	486060	24876	290	
Cormeilles-en-Parisis		72	489711	22049	290	
Coudekerque-Branche		72	510229	23936	290	
Courbevoie		72	488967	22567	290	
Creil		72	492567	24848	290	
Croix		72	506785	31493	290	
Créteil	creteil	72	487927	24657	290	
Dax		72	437103	-10537	290	
Denain		72	503293	33943	290	
Deuil-la-Barre		72	489767	23272	290	
Dieppe		72	499216	10777	290	
Dijon		72	473167	50167	290	
Dole		72	470922	54897	290	
Douai		72	503707	30792	290	
Draguignan		72	435369	64646	290	
Drancy		72	489258	24453	290	
Draveil		72	486847	24142	290	
Dreux		72	487365	13657	290	
Dunkerque		72	510344	23768	290	dunkirk
Décines-Charpieu	decines-charpieu	72	457687	49588	290	
Eaubonne		72	489971	22825	290	
Ermont		72	489900	22580	290	
Eysines		72	448844	-6514	290	
Folie Méricourt	folie mericourt	72	488662	23714	290	
Fontaine		72	451927	56882	290	
Fontenay-aux-Roses		72	487932	22928	290	
Fontenay-sous-Bois		72	488544	24827	290	
Forbach		72	491885	68926	290	
Fougères	fougeres	72	483516	-11996	290	
Franconville		72	489833	22333	290	
Fresnes		72	487557	23224	290	
Frontignan		72	434478	37552	290	
Fréjus	frejus	72	434332	67356	290	
Fécamp	fecamp	72	497579	3746	290	
Gagny		72	488833	25333	290	
Gap		72	445586	60787	290	
Gare		72	488334	23751	290	
Garges-lès-Gonesse	garges-les-gonesse	72	489679	23978	290	
Gennevilliers		72	489333	23000	290	
Gif-sur-Yvette		72	486833	21333	290	
Gonesse		72	489869	24489	290	
Goussainville		72	490137	24660	290	
Gradignan		72	447736	-6140	290	
Grande-Synthe		72	510154	22998	290	
Grasse		72	436578	69254	290	
Grenoble		72	451787	57148	290	
Grigny		72	486541	23934	290	
Guyancourt		72	487733	20739	290	
Haguenau		72	488156	77905	290	
Hazebrouck		72	507237	25373	290	
Herblay-sur-Seine		72	489899	21699	290	
Houilles		72	489216	21926	290	
Hyères	hyeres	72	431204	61286	290	
Hénin-Beaumont	henin-beaumont	72	504136	29649	290	
Hérouville-Saint-Clair	herouville-saint-clair	72	492109	-3065	290	
Hôpital Saint-Louis	hopital saint-louis	72	488772	23669	290	
Illkirch-Graffenstaden		72	485289	77152	290	
Issy-les-Moulineaux		72	488210	22772	290	
Istres		72	435134	49875	290	
Ivry-sur-Seine		72	488157	23849	290	
Joué-lès-Tours	joue-les-tours	72	473491	6651	290	
L'Haÿ-les-Roses	l'hay-les-roses	72	487794	23373	290	
La Celle-Saint-Cloud		72	488503	21452	290	
La Ciotat		72	431748	56045	290	
La Courneuve		72	489280	23963	290	
La Garde		72	431247	60103	290	
La Garenne-Colombes		72	489047	22469	290	
La Madeleine		72	506460	30758	290	
La Roche-sur-Yon		72	466697	-14276	290	
La Rochelle		72	461631	-11522	290	
La Seyne-sur-Mer		72	431032	58782	290	
La Teste-de-Buch		72	446328	-11451	290	
La Valette-du-Var		72	431376	59832	290	
Lambersart		72	506500	30333	290	
Lanester		72	477632	-33393	290	
Lannion		72	487326	-34566	290	
Laon		72	495631	36271	290	
Laval		72	480725	-7702	290	
Le Blanc-Mesnil		72	489387	24614	290	
Le Bouscat		72	448649	-5986	290	
Le Cannet		72	435766	70191	290	
Le Chesnay		72	488222	21221	290	
Le Creusot		72	468071	44163	290	
Le Grand-Quevilly		72	494008	10458	290	
Le Havre		72	494935	1078	290	
Le Kremlin-Bicêtre	le kremlin-bicetre	72	488147	23607	290	
Le Mans		72	480021	2025	290	
Le Mée-sur-Seine	le mee-sur-seine	72	485316	26283	290	
Le Perreux-sur-Marne		72	488500	25000	290	
Le Petit-Quevilly		72	494134	10616	290	
Le Plessis-Robinson		72	487889	22708	290	
Le Puy-en-Velay		72	450437	38852	290	
Lens		72	504330	28279	290	
Les Mureaux		72	489917	19097	290	
Les Ulis		72	486817	21694	290	
Levallois-Perret		72	488939	22886	290	
Libourne		72	449145	-2419	290	
Lille		72	506330	30586	290	
Limoges		72	458336	12476	290	
Lisieux		72	491466	2292	290	
Livry-Gargan		72	489193	25430	290	
Liévin	lievin	72	504198	27807	290	
Lomme		72	506436	29872	290	
Loos		72	506098	30187	290	
Lorient		72	477482	-33718	290	
Lormont		72	448765	-5192	290	
Lunel		72	436778	41361	290	
Lunéville	luneville	72	485927	64938	290	
Lyon		72	457485	48467	290	
Lyon 01		72	457676	48345	290	
Lyon 02		72	457542	48309	290	
Lyon 03		72	457612	48518	290	
Lyon 04		72	457751	48271	290	
Lyon 05		72	457611	48268	290	
Lyon 06		72	457679	48506	290	
Lyon 07		72	457452	48420	290	
Lyon 08		72	457363	48687	290	
Lyon 09		72	457726	48033	290	
Maison Blanche		72	488259	23508	290	
Maisons-Alfort		72	488117	24394	290	
Maisons-Laffitte		72	489526	21452	290	
Malakoff		72	488200	23000	290	
Manosque		72	438288	57869	290	
Mantes-la-Jolie		72	489905	17167	290	
Marcq-en-Barœul	marcq-en-baroeul	72	506667	30833	290	
Marignane		72	434173	52146	290	
Marne La Vallée	marne la vallee	72	488358	26424	290	
Marseille		72	432970	53811	290	
Marseille 01		72	432981	53841	290	
Marseille 02		72	432966	53703	290	
Marseille 03		72	433026	53758	290	
Marseille 04		72	433021	54014	290	
Marseille 05		72	432955	54006	290	
Marseille 06		72	432876	53792	290	
Marseille 07		72	432829	53602	290	
Marseille 08		72	432708	53821	290	
Marseille 09		72	432543	54057	290	
Marseille 10		72	432789	54152	290	
Marseille 11		72	432907	54384	290	
Marseille 12		72	432961	54362	290	
Marseille 13		72	433186	54084	290	
Marseille 14		72	433445	53800	290	
Marseille 15		72	433722	53539	290	
Martigues		72	434074	50553	290	
Massy		72	487269	22830	290	
Maubeuge		72	502788	39727	290	
Meaux		72	489601	28788	290	
Melun		72	485457	26536	290	
Menton		72	437765	75044	290	
Metz		72	491191	61727	290	
Meudon		72	488138	22350	290	
Meyzieu		72	457664	50028	290	
Millau		72	440997	30785	290	
Miramas		72	435851	50027	290	
Mons-en-Barœul	mons-en-baroeul	72	506333	31167	290	
Mont-Saint-Aignan		72	494631	10936	290	
Mont-de-Marsan		72	438902	-4971	290	
Montauban		72	440176	13542	290	
Montbéliard	montbeliard	72	475096	67982	290	
Montfermeil		72	488982	25791	290	
Montgeron		72	487054	24504	290	
Montigny-le-Bretonneux		72	487664	20340	290	
Montigny-lès-Metz	montigny-les-metz	72	490956	61527	290	
Montluçon	montlucon	72	463402	26025	290	
Montpellier		72	436109	38764	290	
Montreuil		72	488642	24432	290	
Montrouge		72	488162	23139	290	
Montélimar	montelimar	72	445547	47547	290	
Moulins		72	465646	33324	290	
Mulhouse		72	477520	73287	290	
Muret		72	434600	13254	290	
Mâcon	macon	72	463141	48282	290	
Mérignac	merignac	72	448425	-6451	290	
Nancy		72	486844	61850	290	
Nanterre		72	488920	22068	290	
Nantes		72	472172	-15534	290	
Narbonne		72	431840	30014	290	
Neuilly-sur-Marne		72	488537	25490	290	
Neuilly-sur-Seine		72	488846	22696	290	
Nevers		72	469896	31590	290	
Nice		72	437031	72661	290	
Niort		72	463231	-4588	290	
Nogent-sur-Marne		72	488367	24825	290	
Noisy-le-Grand		72	488498	25627	290	
Noisy-le-Sec		72	488915	24645	290	
Nîmes	nimes	72	438366	43579	290	
Olivet		72	478622	18991	290	
Orange		72	441381	48102	290	
Orléans	orleans	72	479029	19039	290	
Orvault		72	472712	-16236	290	
Oullins		72	457140	48076	290	
Oyonnax		72	462592	56573	290	
Ozoir-la-Ferrière	ozoir-la-ferriere	72	487670	26687	290	
Palaiseau		72	487183	22498	290	
Pantin		72	488944	24094	290	
Paris		72	488534	23488	290	
Paris 10e Arrondissement		72	488767	23590	290	
Paris 11e Arrondissement		72	488583	23795	290	
Paris 12e Arrondissement		72	488352	24350	290	
Paris 13e Arrondissement		72	488262	23599	290	
Pau		72	433112	-3558	290	
Perpignan		72	426976	28954	290	
Pessac		72	448056	-6324	290	
Picpus		72	488426	24001	290	
Pierrefitte-sur-Seine		72	489669	23610	290	
Plaisir		72	488232	19541	290	
Poissy		72	489290	20495	290	
Poitiers		72	465826	3435	290	
Pontault-Combault		72	487981	26068	290	
Pontoise		72	490500	21000	290	
Puteaux		72	488834	22389	290	
Périgueux	perigueux	72	451869	7144	290	
Quimper		72	479960	-40980	290	
Quinze-Vingts		72	488466	23744	290	
Rambouillet		72	486437	18299	290	
Reims		72	492653	40285	290	
Rennes		72	481120	-16743	290	
Rezé	reze	72	471906	-15688	290	
Rillieux-la-Pape		72	458167	49000	290	
Ris-Orangis		72	486511	24141	290	
Roanne		72	460362	40680	290	
Rochefort		72	459430	-9677	290	
Rodez		72	443526	25734	290	
Romainville		72	488854	24348	290	
Romans-sur-Isère	romans-sur-isere	72	450496	50660	290	
Roquette		72	488580	23815	290	
Rosny-sous-Bois		72	488702	24991	290	
Roubaix		72	506942	31746	290	
Rouen		72	494431	10993	290	
Rueil-Malmaison		72	488765	21897	290	
Saint-Ambroise		72	488617	23754	290	
Saint-Brieuc		72	485151	-27684	290	
Saint-Chamond		72	454759	45129	290	
Saint-Cloud		72	488460	22029	290	
Saint-Denis		72	489356	23539	290	
Saint-Dizier		72	486377	49489	290	
Saint-Dié-des-Vosges	saint-die-des-vosges	72	482843	69492	290	
Saint-Germain-en-Laye		72	488964	20904	290	
Saint-Herblain		72	472115	-16510	290	
Saint-Laurent-du-Var		72	436732	71900	290	
Saint-Leu		72	467306	45008	290	
Saint-Lô	saint-lo	72	491162	-10903	290	
Saint-Malo		72	486474	-20088	290	st-malo
Saint-Mandé	saint-mande	72	488386	24158	290	
Saint-Martin-d'Hères	saint-martin-d'heres	72	451787	57628	290	
Saint-Maur-des-Fossés	saint-maur-des-fosses	72	487940	24932	290	
Saint-Médard-en-Jalles	saint-medard-en-jalles	72	448955	-7178	290	
Saint-Nazaire		72	472751	-22179	290	
Saint-Ouen		72	489065	23334	290	
Saint-Ouen-l'Aumône	saint-ouen-l'aumone	72	490435	21213	290	
Saint-Pol-sur-Mer		72	510312	23398	290	
Saint-Priest		72	456965	49438	290	
Saint-Quentin		72	498489	32876	290	
Saint-Quentin-en-Yvelines		72	487719	20189	290	
Saint-Raphaël	saint-raphael	72	434233	67735	290	
Saint-Sébastien-sur-Loire	saint-sebastien-sur-loire	72	472077	-15033	290	
Saint-Étienne	saint-etienne	72	454339	43900	290	
Saint-Étienne-du-Rouvray	saint-etienne-du-rouvray	72	493779	11047	290	
Sainte-Foy-lès-Lyon	sainte-foy-les-lyon	72	457338	48026	290	
Sainte-Geneviève-des-Bois	sainte-genevieve-des-bois	72	486468	23197	290	
Sainte-Marguerite		72	488523	23893	290	
Saintes		72	457474	-6349	290	
Salon-de-Provence		72	436423	50948	290	
Sannois		72	489667	22500	290	
Sarcelles		72	489974	23782	290	
Sarreguemines		72	491100	70675	290	
Sartrouville		72	489482	21917	290	
Saumur		72	472593	-781	290	
Savigny-le-Temple		72	485741	25829	290	
Savigny-sur-Orge		72	486768	23484	290	
Sceaux		72	487764	22903	290	
Schiltigheim		72	486075	77493	290	
Sens		72	481974	32833	290	
Sevran		72	489447	25275	290	
Six-Fours-les-Plages		72	430917	58246	290	
Soissons		72	493817	33236	290	
Sotteville-lès-Rouen	sotteville-les-rouen	72	494097	10900	290	
Stains		72	489500	23833	290	
Strasbourg		72	485839	77455	290	
Sucy-en-Brie		72	487687	25347	290	
Suresnes		72	488714	22293	290	
Sète	sete	72	434028	36928	290	
Sèvres	sevres	72	488229	22176	290	
Talence		72	448085	-5891	290	
Tarbes		72	432341	714	290	
Taverny		72	490254	22169	290	
Thiais		72	487650	23961	290	
Thionville		72	493599	61604	290	
Thonon-les-Bains		72	463705	64798	290	
Torcy		72	488506	26508	290	
Toulon		72	431244	59284	290	
Toulouse		72	436043	14437	290	
Tourcoing		72	507239	31612	290	
Tournefeuille		72	435887	13192	290	
Tours		72	473948	7040	290	
Trappes		72	487741	20178	290	
Tremblay-en-France		72	489496	25684	290	
Troyes		72	483007	40852	290	
Valence		72	449256	49096	290	
Valenciennes		72	503591	35251	290	
Vallauris		72	435780	70545	290	
Vandœuvre-lès-Nancy	vandoeuvre-les-nancy	72	486612	61711	290	
Vannes		72	476569	-27620	290	
Vanves		72	488234	22902	290	
Vaulx-en-Velin		72	457869	49251	290	
Verdun		72	491596	53829	290	
Vernon		72	490929	14633	290	
Versailles		72	488036	21342	290	
Vertou		72	471688	-14729	290	
Vichy		72	461271	34258	290	
Vienne		72	455257	48748	290	
Vierzon		72	472219	20684	290	
Vigneux-sur-Seine		72	487029	24136	290	
Villefranche-sur-Saône	villefranche-sur-saone	72	459897	47196	290	
Villejuif		72	487939	23599	290	
Villemomble		72	488833	25000	290	
Villenave-d'Ornon		72	447794	-5671	290	
Villeneuve-Saint-Georges		72	487322	24492	290	
Villeneuve-d'Ascq		72	506167	31666	290	
Villeneuve-la-Garenne		72	489394	23148	290	
Villeneuve-sur-Lot		72	444085	7042	290	
Villeparisis		72	489421	26146	290	
Villepinte		72	489620	25325	290	
Villeurbanne		72	457660	48795	290	
Villiers-le-Bel		72	490088	23982	290	
Villiers-sur-Marne		72	488310	25484	290	
Vincennes		72	488486	24377	290	
Viry-Châtillon	viry-chatillon	72	486721	23932	290	
Vitrolles		72	434600	52486	290	
Vitry-sur-Seine		72	487872	24033	290	
Voiron		72	453647	55856	290	
Vélizy-Villacoublay	velizy-villacoublay	72	487820	21940	290	
Vénissieux	venissieux	72	456971	48859	290	
Wattrelos		72	507012	32181	290	
Yerres		72	487178	24934	290	
Échirolles	echirolles	72	451460	57144	290	
Élancourt	elancourt	72	487842	19552	290	
Épernay	epernay	72	490400	39592	290	
Épinal	epinal	72	481832	64530	290	
Épinay-sur-Seine	epinay-sur-seine	72	489535	23151	290	
Étampes	etampes	72	484351	21623	290	
Évreux	evreux	72	490241	11508	290	
Évry	evry	72	486328	24405	290	
Cayenne		73	49381	-523346	80	
Kourou		73	51628	-526426	80	
Matoury		73	48492	-523236	80	
Rémire-Montjoly	remire-montjoly	73	49167	-522667	80	
Saint-Laurent-du-Maroni		73	55015	-540292	80	
Faaa		74	-175593	-1496035	345	
Papeete		74	-175347	-1495684	345	
Punaauia		74	-176333	-1496000	345	
Port-aux-Français	port-aux-francais	75	-493492	702194	318	
Akanda		76	6073	93293	31	
Bitam		76	20760	115006	31	
Franceville		76	-16333	135836	31	
Koulamoutou		76	-11367	124640	31	
Lambaréné	lambarene	76	-7001	102406	31	
Libreville		76	3924	94536	31	
Makokou		76	5738	128642	31	
Moanda		76	-15665	131987	31	
Mouila		76	-18685	110559	31	
Ntoum		76	3905	97610	31	
Owendo		76	2912	95046	31	
Oyem		76	15995	115793	31	
Port-Gentil		76	-7193	87815	31	
Tchibanga		76	-29332	109818	31	
Bakau		77	134781	-166819	7	
Bakau New Town		77	134730	-166851	7	
Banjul		77	134527	-165780	7	
Brikama		77	132714	-166494	7	
Brufut		77	133842	-167514	7	
Bununka Kunda		77	134272	-166853	7	
Busumbala		77	133392	-166875	7	
Dippa Kunda		77	134403	-166869	7	
Faji Kunda		77	134178	-166667	7	
Farafenni		77	135667	-156000	7	
Gunjur		77	132019	-167339	7	
Ibo Town		77	134353	-166764	7	
Lamin		77	133522	-164339	7	
Latri Kunda		77	134486	-166853	7	
Manjai Kunda		77	134453	-167028	7	
Nema Kunku		77	132500	-158833	7	
Sanchaba		77	134222	-167097	7	
Serekunda		77	134383	-166781	7	serrekunda
Sukuta		77	134103	-167082	7	
Talinding		77	134256	-166726	7	
Welingara		77	134036	-166736	7	
Batumi		78	416408	416306	228	
Gori		78	419853	441129	228	
Khashuri		78	419973	435990	228	
Kutaisi		78	422679	426946	228	
Marneuli		78	414876	447984	228	
Poti		78	421427	416738	228	
Rustavi		78	415627	449787	228	
Sokhumi		78	430070	409893	228	sukhumi
Stantsiya Novyy Afon		78	430806	408383	228	
Tbilisi		78	416914	448341	228	
Ts’khinvali		78	422276	439686	228	ts'khinvali
Zugdidi		78	425084	418680	228	
Aachen		79	507766	60834	262	
Aalen		79	488378	100933	262	
Achern		79	486312	80761	262	
Achim		79	530142	90263	262	
Ahaus		79	520794	70134	262	
Ahlen		79	517634	78887	262	
Ahrensburg		79	536752	102259	262	
Albstadt		79	482164	90260	262	
Alfter		79	507333	70167	262	
Alsdorf		79	508767	61640	262	
Alt-Hohenschönhausen	alt-hohenschonhausen	79	525461	135013	262	
Altenburg		79	509876	124368	262	
Altglienicke		79	524112	135355	262	
Altona		79	535500	99333	262	
Altona-Altstadt		79	535502	99465	262	
Altona-Nord		79	535632	99426	262	
Altstadt Sud		79	509333	69595	262	
Amberg		79	494429	118627	262	
Andernach		79	504311	74042	262	
Annaberg-Buchholz		79	505795	130063	262	
Ansbach		79	493048	105931	262	
Aplerbeck		79	514833	75500	262	
Apolda		79	510262	115164	262	
Arnsberg		79	513833	80833	262	
Arnstadt		79	508405	109520	262	
Aschaffenburg		79	499770	91521	262	
Aschersleben		79	517574	114608	262	
Attendorn		79	511264	79033	262	
Auerbach		79	505116	124008	262	
Augsburg		79	483715	108985	262	
Aurich		79	534692	74823	262	
Backnang		79	489474	94372	262	
Bad Harzburg		79	518827	105616	262	
Bad Hersfeld		79	508720	97089	262	
Bad Homburg vor der Höhe	bad homburg vor der hohe	79	502268	86182	262	
Bad Honnef		79	506434	72278	262	
Bad Kissingen		79	502023	100778	262	
Bad Kreuznach		79	498414	78671	262	
Bad Mergentheim		79	494925	97736	262	
Bad Nauheim		79	503646	87386	262	
Bad Neuenahr-Ahrweiler		79	505432	71113	262	
Bad Oeynhausen		79	522070	88036	262	
Bad Oldesloe		79	538117	103742	262	
Bad Pyrmont		79	519859	92525	262	
Bad Salzuflen		79	520862	87443	262	
Bad Soden am Taunus		79	501408	85045	262	
Bad Vilbel		79	501787	87376	262	
Bad Zwischenahn		79	531833	80000	262	
Baden-Baden		79	487606	82398	262	
Baesweiler		79	509096	61887	262	
Balingen		79	482752	88546	262	
Bamberg		79	498987	109007	262	
Barmbek-Nord		79	536052	100399	262	
Barmbek-Süd	barmbek-sud	79	535801	100407	262	
Baunatal		79	512518	94075	262	
Bautzen		79	511804	144349	262	
Bayreuth		79	499478	115789	262	
Beckum		79	517557	80407	262	
Bedburg		79	509926	65713	262	
Bensheim		79	496837	86184	262	
Bergedorf		79	534846	102290	262	
Bergheim		79	509557	66399	262	
Bergisch Gladbach		79	509856	71330	262	
Bergkamen		79	516163	76445	262	
Berlin		79	525244	134105	262	
Berlin Köpenick	berlin kopenick	79	524425	135823	262	
Bernau bei Berlin		79	526798	135871	262	
Bernburg		79	517946	117401	262	
Biberach an der Riß	biberach an der riss	79	480934	97905	262	
Biebrich		79	500415	82488	262	
Bielefeld		79	520333	85333	262	
Biesdorf		79	525091	135534	262	
Bietigheim-Bissingen		79	489441	91176	262	
Billstedt		79	535500	101333	262	
Bingen am Rhein		79	499668	78992	262	
Blasewitz		79	510530	137983	262	
Blieskastel		79	492372	72562	262	
Bocholt		79	518388	66153	262	
Bochum		79	514816	72165	262	
Bogenhausen		79	481522	116158	262	
Bonn		79	507344	70955	262	
Bonn Hardtberg		79	507040	70540	262	
Borken		79	518438	68577	262	
Bornheim		79	507631	69909	262	
Bottrop		79	515239	69285	262	
Bramsche		79	524088	79729	262	
Brandenburg an der Havel		79	524167	125500	262	
Braunschweig		79	522659	105267	262	
Bremen		79	530758	88072	262	
Bremerhaven		79	535536	85755	262	
Bretten		79	490368	87074	262	
Brilon		79	513946	85715	262	
Britz		79	524429	134339	262	
Bruchsal		79	491243	85980	262	
Brühl	bruhl	79	508293	69050	262	
Buchholz in der Nordheide		79	533264	98681	262	
Buckow		79	524216	134361	262	
Burg bei Magdeburg		79	522715	118549	262	
Burgdorf		79	524463	100064	262	burgdorf, hanover
Burglesum		79	531653	86887	262	
Butzbach		79	504340	86712	262	
Buxtehude		79	534672	96864	262	
Böblingen	boblingen	79	486821	90117	262	
Büdingen	budingen	79	502901	91114	262	
Bühl	buhl	79	486968	81352	262	
Bünde	bunde	79	521984	85864	262	
Büren	buren	79	515511	85596	262	
Calw		79	487142	87403	262	
Castrop-Rauxel		79	515566	73116	262	
Celle		79	526226	100805	262	
Charlottenburg		79	525167	132833	262	
Chemnitz		79	508357	129292	262	
Cloppenburg		79	528475	80450	262	
Coburg		79	502594	109638	262	
Coesfeld		79	519435	71681	262	
Coswig		79	511320	135831	262	
Cottbus		79	517577	143289	262	
Crailsheim		79	491344	100719	262	
Crimmitschau		79	508164	123904	262	
Cuxhaven		79	538683	86990	262	
Dachau		79	482600	114340	262	
Darmstadt		79	498717	86503	262	
Datteln		79	516560	73453	262	
Deggendorf		79	488409	129607	262	
Delbrück	delbruck	79	517650	85622	262	
Delitzsch		79	515255	123428	262	
Delmenhorst		79	530511	86309	262	
Dessau		79	518386	122456	262	
Detmold		79	519386	88732	262	
Dietzenbach		79	500098	87778	262	
Dillenburg		79	507411	82870	262	
Dillingen		79	493556	67278	262	
Dinslaken		79	515623	67434	262	
Ditzingen		79	488267	90670	262	
Donaueschingen		79	479551	84971	262	
Dormagen		79	510968	68317	262	
Dorsten		79	516617	69651	262	
Dortmund		79	515149	74660	262	
Dotzheim		79	500744	81950	262	
Dreieich		79	500200	86961	262	
Dresden		79	510509	137383	262	
Duderstadt		79	515131	102595	262	
Duisburg		79	514325	67652	262	
Döbeln	dobeln	79	511221	131103	262	
Dülmen	dulmen	79	518315	72808	262	
Düren	duren	79	508043	64930	262	
Düsseldorf	dusseldorf	79	512217	67762	262	
Düsseldorf-Pempelfort	dusseldorf-pempelfort	79	512381	67868	262	
Eberswalde		79	528349	138195	262	
Eckernförde	eckernforde	79	544685	98382	262	
Ehingen		79	482826	97275	262	
Eidelstedt		79	536070	99054	262	
Eilbek		79	535698	100578	262	
Eimsbüttel	eimsbuttel	79	535742	99568	262	
Einbeck		79	518202	98696	262	
Eisenach		79	509807	103152	262	
Eisenhüttenstadt	eisenhuttenstadt	79	521500	146500	262	
Eisleben Lutherstadt		79	515275	115483	262	
Eislingen		79	486952	97068	262	
Eißendorf	eissendorf	79	534522	99513	262	
Ellwangen		79	489616	101317	262	
Elmshorn		79	537491	96618	262	
Elsdorf		79	509374	65683	262	
Emden		79	533674	72078	262	
Emmendingen		79	481210	78536	262	
Emmerich		79	518393	62479	262	
Emsdetten		79	521734	75278	262	
Ennepetal		79	512985	73629	262	
Eppendorf		79	535924	99875	262	
Eppingen		79	491365	89123	262	
Erding		79	483060	119069	262	
Erftstadt		79	508148	67939	262	
Erfurt		79	509787	110328	262	
Erkelenz		79	510795	63153	262	
Erkrath		79	512224	69083	262	
Erlangen		79	495910	110078	262	
Eschborn		79	501433	85711	262	
Eschwege		79	511839	100533	262	
Eschweiler		79	508185	62718	262	
Espelkamp		79	523825	86213	262	
Essen		79	514566	70123	262	
Esslingen		79	487396	93047	262	esslingen am neckar
Ettlingen		79	489409	84076	262	
Euskirchen		79	506606	67872	262	
Eving		79	515518	74809	262	
Falkenhagener Feld		79	525519	131680	262	
Falkensee		79	525601	130927	262	
Farmsen-Berne		79	536064	101197	262	
Fellbach		79	488091	92770	262	
Fennpfuhl		79	525292	134727	262	
Filderstadt		79	486570	92205	262	
Fischeln		79	513035	65884	262	
Flensburg		79	547880	94372	262	
Forchheim		79	497175	110588	262	
Forst		79	517354	146397	262	
Frankenthal		79	495341	83536	262	
Frankfurt (Oder)		79	523471	145506	262	
Frankfurt am Main		79	501155	86842	262	
Französisch Buchholz	franzosisch buchholz	79	526024	134302	262	
Frechen		79	509148	68118	262	
Freiberg		79	509109	133388	262	
Freiburg		79	479959	78522	262	freiburg im breisgau
Freising		79	484035	117488	262	
Freital		79	510017	136488	262	
Freudenstadt		79	484670	84137	262	
Friedberg		79	483569	109846	262	
Friedberg		79	503374	87559	262	
Friedenau		79	524713	133281	262	
Friedrichsdorf		79	502496	86428	262	
Friedrichsfelde		79	525058	135081	262	
Friedrichshafen		79	476569	94755	262	
Friedrichshain		79	525156	134548	262	
Fulda		79	505516	96752	262	
Fürstenfeldbruck	furstenfeldbruck	79	481790	112547	262	
Fürstenwalde	furstenwalde	79	523607	140618	262	
Fürth	furth	79	494759	109886	262	
Gaggenau		79	488000	83333	262	
Gallus		79	501004	86295	262	
Ganderkesee		79	530333	85333	262	
Garbsen		79	524137	95899	262	
Garmisch-Partenkirchen		79	474921	110958	262	
Geesthacht		79	534358	103779	262	
Geilenkirchen		79	509674	61176	262	
Geislingen an der Steige		79	486242	98274	262	
Geldern		79	515191	63236	262	guelders
Gelnhausen		79	502016	91874	262	
Gelsenkirchen		79	515051	70965	262	
Georgsmarienhütte	georgsmarienhutte	79	522030	80448	262	
Gera		79	508803	120819	262	
Geretsried		79	478578	114805	262	
Germering		79	481339	113765	262	
Gesundbrunnen		79	525504	133914	262	
Gevelsberg		79	513197	73392	262	
Gießen	giessen	79	505873	86755	262	
Gifhorn		79	524777	105511	262	
Gladbeck		79	515708	69859	262	
Glauchau		79	508199	125449	262	
Goch		79	516787	61590	262	
Gohlis		79	513660	123670	262	
Gorbitz		79	510455	136611	262	
Goslar		79	519042	104277	262	
Gotha		79	509482	107019	262	
Greiz		79	506578	121992	262	
Greven		79	520936	75940	262	
Grevenbroich		79	510910	65827	262	
Griesheim		79	498608	85725	262	
Gronau		79	522110	70224	262	
Gropiusstadt		79	524269	134605	262	
Groß-Gerau	gross-gerau	79	499214	84826	262	
Groß-Umstadt	gross-umstadt	79	498690	89321	262	
Guben		79	519499	147055	262	
Gummersbach		79	510261	75647	262	
Göppingen	goppingen	79	487035	96521	262	
Görlitz	gorlitz	79	511552	149885	262	
Göttingen	gottingen	79	515344	99323	262	
Güstrow	gustrow	79	537972	121734	262	
Gütersloh	gutersloh	79	519069	83785	262	
Haan		79	511938	70133	262	
Hagen		79	513608	74717	262	
Hakenfelde		79	525588	132083	262	
Halberstadt		79	518956	110562	262	
Halle		79	520601	83608	262	
Halle (Saale)		79	514816	119795	262	
Halle-Neustadt		79	514792	119160	262	
Haltern am See		79	517430	71816	262	
Hamburg		79	535507	99930	262	
Hamburg-Mitte		79	535500	100167	262	
Hamburg-Nord		79	535894	99840	262	
Hameln		79	521040	93562	262	hamelin
Hamm		79	516803	78209	262	
Hamm		79	535549	100574	262	
Hamminkeln		79	517326	65903	262	
Hanau am Main		79	501342	89142	262	
Hannover		79	523705	97332	262	hanover
Hannoversch Münden	hannoversch munden	79	514150	96505	262	
Harburg		79	534606	99839	262	
Haren		79	527926	72414	262	
Harsewinkel		79	519622	82277	262	
Hattersheim		79	500691	84863	262	
Hattingen		79	513989	71856	262	
Heidelberg		79	494077	86908	262	
Heidenheim an der Brenz		79	486780	101516	262	
Heilbronn		79	491400	92205	262	
Heiligenhaus		79	513266	69711	262	
Heinsberg		79	510636	60998	262	
Hellersdorf		79	525332	136088	262	
Helmstedt		79	522279	110098	262	
Hemer		79	513871	77702	262	
Hennef (Sieg)		79	507756	72831	262	
Hennigsdorf		79	526360	132042	262	
Heppenheim an der Bergstrasse		79	496414	86321	262	
Herdecke		79	514000	74358	262	
Herford		79	521146	86734	262	
Herne		79	515388	72257	262	
Herrenberg		79	485952	88665	262	
Herten		79	515964	71439	262	
Herzogenaurach		79	495680	108856	262	
Herzogenrath		79	508687	60932	262	
Hilden		79	511682	69309	262	
Hildesheim		79	521508	99511	262	
Hof		79	503130	119126	262	
Hofheim am Taunus		79	500902	84493	262	
Hoheluft-Ost		79	535840	99758	262	
Hohen Neuendorf		79	526763	132778	262	
Homburg		79	493264	73387	262	
Horb am Neckar		79	484442	86913	262	
Horn		79	535541	100899	262	
Hoyerswerda		79	514379	142355	262	
Höxter	hoxter	79	517750	93816	262	
Hückelhoven	huckelhoven	79	510555	62266	262	
Hürth	hurth	79	508708	68676	262	
Ibbenbueren		79	522796	77146	262	
Idar-Oberstein		79	497144	73078	262	
Idstein		79	502177	82668	262	
Ilmenau		79	506832	109186	262	
Ingelheim am Rhein		79	499708	80588	262	
Ingolstadt		79	487651	114237	262	
Iserlohn		79	513755	77028	262	
Isernhagen Farster Bauerschaft		79	524709	98418	262	
Itzehoe		79	539210	95153	262	
Jena		79	509288	115899	262	
Jüchen	juchen	79	511000	65000	262	
Jülich	julich	79	509215	63627	262	
Kaarst		79	512293	66188	262	
Kaiserslautern		79	494430	77716	262	
Kalk		79	509401	70060	262	
Kamen		79	515923	76638	262	
Kamp-Lintfort		79	515047	65459	262	
Karben		79	502302	87716	262	
Karlshorst		79	524842	135318	262	
Karlsruhe		79	490094	84044	262	
Kassel		79	513167	95000	262	
Kaufbeuren		79	478824	106219	262	
Kehl		79	485730	78152	262	
Kelkheim		79	501370	84502	262	
Kempen		79	513643	64186	262	
Kempten (Allgäu)	kempten (allgau)	79	477267	103139	262	
Kerpen		79	508699	66969	262	
Kevelaer		79	515824	62460	262	
Kiel		79	543213	101349	262	
Kirchheim unter Teck		79	486468	94538	262	
Kitzingen		79	497397	101507	262	
Kleve		79	517883	61386	262	
Koblenz		79	503536	75788	262	
Konstanz		79	476603	91758	262	
Korbach		79	512756	88730	262	
Kornwestheim		79	488616	91857	262	
Korschenbroich		79	511914	65135	262	
Krefeld		79	513364	65538	262	
Kreuzberg		79	524997	134034	262	
Kreuztal		79	509678	79885	262	
Kulmbach		79	501007	114503	262	
Köln	koln	79	509333	69500	262	cologne
Königs Wusterhausen	konigs wusterhausen	79	523014	136330	262	
Königsbrunn	konigsbrunn	79	482751	108918	262	
Königswinter	konigswinter	79	506773	71924	262	
Köpenick	kopenick	79	524455	135746	262	
Köthen	kothen	79	517518	119709	262	
Laatzen		79	523151	97974	262	
Lage		79	519922	87930	262	
Lahr		79	483404	78689	262	
Lampertheim		79	495979	84725	262	
Landau in der Pfalz		79	491984	81169	262	
Landsberg am Lech		79	480482	108828	262	
Landshut		79	485296	121618	262	
Langen		79	499896	86685	262	
Langenfeld		79	511082	69483	262	
Langenhagen		79	524476	97374	262	
Langenhorn		79	536667	100167	262	
Lankwitz		79	524362	133459	262	
Lauf an der Pegnitz		79	495139	112825	262	
Lebach		79	494112	69099	262	
Leer		79	532316	74610	262	
Lehrte		79	523719	99792	262	
Leichlingen		79	511063	70187	262	
Leimen		79	493474	86873	262	
Leinfelden-Echterdingen		79	486941	91681	262	
Leipzig		79	513396	123713	262	
Lemgo		79	520279	88990	262	
Lengerich		79	521866	78604	262	
Lennestadt		79	511172	80671	262	
Leonberg		79	488000	90167	262	
Leuben		79	510112	138203	262	
Leutkirch		79	478267	100205	262	
Leverkusen		79	510303	69843	262	
Lichtenberg		79	525140	134998	262	
Lichtenfels		79	501457	110593	262	
Lichtenrade		79	523984	134064	262	
Lichterfelde		79	524333	133076	262	
Limbach-Oberfrohna		79	508588	127616	262	
Limburg an der Lahn		79	503836	80503	262	
Lindau		79	475461	96843	262	
Lindlar		79	510196	73776	262	
Lingen		79	525214	73184	262	
Lippstadt		79	516737	83448	262	
Lohmar		79	508387	72140	262	
Lohne		79	526662	82375	262	
Luckenwalde		79	520903	131677	262	
Ludwigsburg		79	488973	91916	262	
Ludwigsfelde		79	523032	132540	262	
Ludwigshafen am Rhein		79	494812	84464	262	
Lurup		79	535927	98770	262	
Löbtau	lobtau	79	510436	136944	262	
Löhne	lohne	79	521885	86922	262	
Lörrach	lorrach	79	476150	76646	262	loerrach
Lübbecke	lubbecke	79	523070	86142	262	
Lübeck	lubeck	79	538689	106873	262	
Lüdenscheid	ludenscheid	79	512198	76273	262	
Lüdinghausen	ludinghausen	79	517683	74438	262	
Lüneburg	luneburg	79	532509	104141	262	
Lünen	lunen	79	516163	75287	262	
Magdeburg		79	521277	116292	262	
Mahlsdorf		79	525094	136137	262	
Maintal		79	501500	88333	262	
Mainz		79	499842	82791	262	
Mannheim		79	494891	84669	262	
Marburg an der Lahn		79	508090	87707	262	
Mariendorf		79	524378	133811	262	
Marienfelde		79	524187	133672	262	
Marienthal		79	535667	100833	262	
Markkleeberg		79	512755	123691	262	
Marl		79	516567	70904	262	
Marsberg		79	514617	88495	262	
Marzahn		79	525452	135698	262	
Mechernich		79	505930	66522	262	
Meckenheim		79	506239	70294	262	
Meerbusch		79	512527	66881	262	
Meiderich		79	514667	67667	262	
Meinerzhagen		79	511074	76484	262	
Meiningen		79	505679	104152	262	
Meissen		79	511616	134737	262	
Melle		79	522020	83383	262	
Memmingen		79	479837	101853	262	
Menden		79	514434	77782	262	
Meppen		79	526906	72910	262	
Merseburg		79	513548	119892	262	
Merzig		79	494433	66387	262	
Meschede		79	513502	82833	262	
Mettmann		79	512504	69754	262	
Metzingen		79	485370	92833	262	
Minden		79	522895	89146	262	
Mitte		79	525200	134049	262	
Moabit		79	525264	133390	262	
Moers		79	514534	66326	262	
Monheim am Rhein		79	510916	68922	262	
Mosbach		79	493536	91511	262	
Munich		79	481374	115755	262	
Märkisches Viertel	markisches viertel	79	525984	133577	262	
Mönchengladbach	monchengladbach	79	511854	64417	262	
Mörfelden-Walldorf	morfelden-walldorf	79	499947	85836	262	
Mühlacker	muhlacker	79	489475	88368	262	
Mühlhausen	muhlhausen	79	512090	104528	262	
Mühlheim am Main	muhlheim am main	79	501167	88333	262	
Mülheim	mulheim	79	514322	68797	262	
Mülheim	mulheim	79	509664	70038	262	
Münster	munster	79	519624	76257	262	
Nagold		79	485498	87237	262	
Naumburg		79	511499	118098	262	
Neckarsulm		79	491891	92253	262	
Netphen		79	509167	81000	262	
Nettetal		79	513167	62833	262	
Neu-Hohenschönhausen	neu-hohenschonhausen	79	525668	135126	262	
Neu-Isenburg		79	500483	86941	262	
Neu-Ulm		79	483928	100111	262	
Neubrandenburg		79	535641	132753	262	
Neubrück	neubruck	79	511343	66386	262	
Neuburg an der Donau		79	487322	111871	262	
Neue Neustadt		79	521500	116333	262	
Neuehrenfeld		79	509575	69361	262	
Neugraben-Fischbek		79	534658	98434	262	
Neukirchen-Vluyn		79	514466	65519	262	
Neukölln	neukolln	79	524772	134313	262	
Neumarkt in der Oberpfalz		79	492803	114628	262	
Neumünster	neumunster	79	540740	99846	262	
Neunkirchen		79	493445	71804	262	
Neuruppin		79	529282	128031	262	
Neuss		79	511981	66850	262	
Neustadt am Rübenberge	neustadt am rubenberge	79	525046	94587	262	
Neustadt an der Weinstraße	neustadt an der weinstrasse	79	493501	81389	262	
Neustadt/Nord		79	509490	69479	262	
Neustadt/Süd	neustadt/sud	79	509251	69476	262	
Neustrelitz		79	533613	130729	262	
Neuwied		79	504336	74706	262	
Nieder-Ingelheim		79	499776	80725	262	
Niederkassel		79	508150	70378	262	
Niederrad		79	500831	86285	262	
Niederschönhausen	niederschonhausen	79	525848	134027	262	
Nienburg		79	526461	92209	262	
Niendorf		79	536177	99503	262	
Nippes		79	509654	69531	262	
Norden		79	535955	72062	262	
Nordenham		79	534861	84809	262	
Norderstedt		79	537018	99933	262	
Nordhausen		79	515018	107957	262	
Nordhorn		79	524308	70683	262	
Northeim		79	517066	100000	262	
Nürnberg	nurnberg	79	494542	110775	262	nuremberg
Nürtingen	nurtingen	79	486256	93420	262	
Oberhausen		79	514781	68625	262	
Oberschöneweide	oberschoneweide	79	524611	135211	262	
Obertshausen		79	500714	88512	262	
Oberursel		79	502073	85775	262	
Oelde		79	518289	81472	262	
Oer-Erkenschwick		79	516420	72645	262	
Offenbach		79	501006	87665	262	
Offenburg		79	484738	79450	262	
Olching		79	482000	113333	262	
Oldenburg		79	531412	82147	262	
Olpe		79	510290	78514	262	
Opladen		79	510686	70039	262	
Oranienburg		79	527558	132420	262	
Osdorf		79	535798	98583	262	
Osnabrück	osnabruck	79	522726	80498	262	
Osterholz-Scharmbeck		79	532270	87953	262	
Ostfildern		79	487270	92495	262	
Ottensen		79	535521	99242	262	
Overath		79	509328	72839	262	
Paderborn		79	517190	87544	262	
Pankow		79	525693	134019	262	
Papenburg		79	530774	74044	262	
Pasing		79	481415	114560	262	
Passau		79	485665	134312	262	
Peine		79	523193	102352	262	
Petershagen		79	523751	89654	262	
Pfaffenhofen an der Ilm		79	485305	115050	262	
Pforzheim		79	488844	86989	262	
Pfungstadt		79	498056	86031	262	
Pinneberg		79	536589	97970	262	
Pirmasens		79	492014	76053	262	
Pirna		79	509584	139370	262	
Plauen		79	504973	121378	262	
Plettenberg		79	512095	78726	262	
Poppenbüttel	poppenbuttel	79	536592	100847	262	
Porta Westfalica		79	522296	89161	262	
Porz am Rhein		79	508864	70583	262	
Potsdam		79	523989	130657	262	
Prenzlauer Berg		79	525388	134244	262	
Pulheim		79	509996	68063	262	
Quedlinburg		79	517884	111501	262	
Radebeul		79	511065	136605	262	
Radevormwald		79	512022	73603	262	
Radolfzell		79	477419	89710	262	
Rahlstedt		79	536019	101567	262	
Rastatt		79	488585	82096	262	
Rathenow		79	526066	123370	262	
Ratingen		79	512972	68493	262	
Ravensburg		79	477820	96106	262	
Recklinghausen		79	516138	71974	262	
Rees		79	517626	63978	262	
Regensburg		79	490151	121016	262	
Reichenbach/Vogtland		79	506228	123034	262	
Reinbek		79	535170	102488	262	
Reinickendorf		79	525640	133355	262	
Remscheid		79	511798	71925	262	
Remseck am Neckar		79	488721	92733	262	
Rendsburg		79	543018	96718	262	
Reutlingen		79	484914	92043	262	
Rheda-Wiedenbrück	rheda-wiedenbruck	79	518497	83002	262	
Rheinbach		79	506256	69491	262	
Rheinberg		79	515465	65952	262	
Rheine		79	522851	74406	262	
Rheinfelden		79	475601	77872	262	
Rheinhausen		79	514006	67119	262	
Riedstadt		79	498341	84962	262	
Riesa		79	513078	132917	262	
Rietberg		79	518092	84284	262	
Rinteln		79	521860	90792	262	
Rodenkirchen		79	508933	69948	262	
Rodgau		79	500263	88859	262	
Ronnenberg		79	523194	96554	262	
Rosenheim		79	478564	121225	262	
Rostock		79	540887	121405	262	
Rotenburg		79	531112	94108	262	rotenburg (wumme)
Roth		79	492476	110911	262	
Rottenburg		79	484763	89353	262	
Rottweil		79	481678	86272	262	
Rudolstadt		79	507204	113405	262	
Rudow		79	524241	134853	262	
Rummelsburg		79	525015	134934	262	
Rösrath	rosrath	79	508956	71818	262	
Rüsselsheim am Main	russelsheim am main	79	499896	84225	262	
Saalfeld		79	506483	113654	262	
Saarbrücken	saarbrucken	79	492326	70098	262	
Saarlouis		79	493137	67515	262	
Salzgitter		79	521570	104154	262	
Salzkotten		79	516717	86009	262	
Sangerhausen		79	514722	112953	262	
Sankt Augustin		79	507754	71970	262	
Sankt Ingbert		79	492770	71167	262	
Sankt Wendel		79	494663	71681	262	
Sasel		79	536538	101118	262	
Schleswig		79	545202	95683	262	
Schmallenberg		79	511547	82850	262	
Schmargendorf		79	524752	132907	262	
Schnelsen		79	536374	99197	262	
Schorndorf		79	488054	95272	262	
Schortens		79	535333	79500	262	
Schwabach		79	493305	110235	262	
Schwandorf in Bayern		79	493253	121098	262	
Schwedt (Oder)		79	530596	142815	262	
Schweinfurt		79	500494	102218	262	
Schwelm		79	512864	72939	262	
Schwerin		79	536294	114132	262	
Schwerte		79	514439	75675	262	
Schwetzingen		79	493822	85823	262	
Schwäbisch Gmünd	schwabisch gmund	79	487995	97981	262	
Schwäbisch Hall	schwabisch hall	79	491113	97391	262	
Schönebeck	schonebeck	79	520168	117307	262	
Schöneberg	schoneberg	79	524980	133443	262	
Seelze		79	523964	95973	262	
Seesen		79	518909	101785	262	
Seevetal		79	534000	99667	262	
Sehnde		79	523139	99682	262	
Selm		79	516969	74681	262	
Senden		79	483244	100444	262	
Senftenberg		79	515252	140016	262	
Siegburg		79	508002	72077	262	
Siegen		79	508748	80243	262	
Sindelfingen		79	487000	90167	262	
Singen		79	477594	88403	262	
Sinsheim		79	492529	88787	262	
Soest		79	515756	81062	262	
Solingen		79	511734	70845	262	
Soltau		79	529864	98434	262	
Sondershausen		79	513697	108701	262	
Sonneberg		79	503592	111746	262	
Sonthofen		79	475182	102826	262	
Spandau		79	525511	131992	262	
Speyer		79	493208	84311	262	
Springe		79	522084	95542	262	
Sprockhövel	sprockhovel	79	513467	72434	262	
St. Pauli		79	535570	99640	262	
Staaken		79	525366	131506	262	
Stade		79	535934	94763	262	
Stadtallendorf		79	508226	90129	262	
Stadthagen		79	523233	92031	262	
Starnberg		79	480019	113442	262	
Staßfurt	stassfurt	79	518519	115851	262	
Steglitz		79	524561	133320	262	
Steinfurt		79	521504	73366	262	
Stellingen		79	535922	99287	262	
Stendal		79	526069	118587	262	
Stolberg		79	507737	62260	262	
Stralsund		79	543091	130818	262	
Straubing		79	488813	125738	262	
Strausberg		79	525786	138874	262	
Stuhr		79	530333	87500	262	
Stuttgart		79	487823	91770	262	
Stuttgart Feuerbach		79	488087	91572	262	
Stuttgart Mühlhausen	stuttgart muhlhausen	79	488423	92303	262	
Stuttgart-Ost		79	487836	92103	262	
Suhl		79	506091	106940	262	
Sundern		79	513281	80037	262	
Syke		79	529134	88221	262	
Taunusstein		79	501499	81521	262	
Tegel		79	525760	132939	262	
Tempelhof		79	524667	134000	262	
Traunreut		79	479627	125923	262	
Treptow		79	524938	134447	262	
Trier		79	497556	66394	262	
Troisdorf		79	508090	71497	262	
Tuttlingen		79	479846	88177	262	
Tönisvorst	tonisvorst	79	513209	64941	262	
Tübingen	tubingen	79	485227	90522	262	
Uelzen		79	529657	105611	262	
Ulm		79	483984	99916	262	
Universitäts- und Hansestadt Greifswald	universitats- und hansestadt greifswald	79	540890	134024	262	
Unna		79	515380	76897	262	
Unterschleißheim	unterschleissheim	79	482804	115768	262	
Vaihingen an der Enz		79	489356	89604	262	
Varel		79	533969	81362	262	
Vechta		79	527263	82860	262	
Vegesack		79	531792	86223	262	
Velbert		79	513354	70435	262	
Verden		79	529234	92349	262	verden an der aller
Verl		79	518833	85167	262	
Viernheim		79	495403	85782	262	
Viersen		79	512544	63944	262	
Villingen-Schwenningen		79	480623	84936	262	
Voerde		79	515970	66863	262	
Vreden		79	520379	68280	262	
Völklingen	volklingen	79	492516	68587	262	
Waiblingen		79	488324	93164	262	
Waldkraiburg		79	482085	123989	262	
Waldshut-Tiengen		79	476232	82172	262	
Wallenhorst		79	523500	80167	262	
Walsrode		79	528615	95926	262	
Waltrop		79	516213	74024	262	
Wandsbek		79	535833	100830	262	
Wangen		79	476895	98325	262	
Warburg		79	514901	91464	262	
Waren		79	535204	126798	262	
Warendorf		79	519511	79876	262	
Warstein		79	514449	83485	262	
Wedding		79	525473	133559	262	
Wedel		79	535837	96984	262	
Wegberg		79	511422	62844	262	
Weiden		79	496768	121561	262	
Weil am Rhein		79	475933	76208	262	
Weilheim		79	478415	111548	262	
Weimar		79	509803	113290	262	
Weingarten		79	478101	96386	262	
Weinheim		79	495489	86670	262	
Weinstadt-Endersbach		79	488131	93639	262	
Weiterstadt		79	499039	85887	262	
Weißenfels	weissenfels	79	512015	119684	262	
Weißensee	weissensee	79	525563	134665	262	
Weißwasser	weisswasser	79	515040	146402	262	
Werdau		79	507360	123753	262	
Werder		79	523787	129340	262	
Werl		79	515549	79140	262	
Wermelskirchen		79	511397	72158	262	
Werne		79	516645	76342	262	
Wernigerode		79	518365	107822	262	
Wersten		79	511846	68125	262	dusseldorf-wersten
Wertheim		79	497590	95085	262	wertheim am main
Wesel		79	516669	66204	262	
Wesseling		79	508271	69747	262	
Westend		79	525171	132764	262	
Westerstede		79	532568	79274	262	
Wetter		79	513875	73928	262	
Wetzlar		79	505611	85049	262	
Wiehl		79	509495	75506	262	
Wiesbaden		79	500826	82493	262	
Wiesloch		79	492950	86985	262	
Wilhelmsburg		79	534997	100128	262	
Wilhelmshaven		79	535300	81125	262	
Wilhelmstadt		79	525238	131892	262	
Willich		79	512637	65473	262	
Wilmersdorf		79	524833	133167	262	
Wilnsdorf		79	508167	81000	262	
Winnenden		79	488756	93982	262	
Winsen		79	533575	102128	262	
Winterhude		79	535963	100178	262	
Wipperfürth	wipperfurth	79	511161	73986	262	
Wismar		79	538922	114556	262	
Witten		79	514436	73526	262	
Wittenau		79	525932	133213	262	
Wittenberg		79	518661	126497	262	
Wittmund		79	535767	77784	262	
Wolfen		79	516612	122687	262	
Wolfenbüttel	wolfenbuttel	79	521644	105410	262	
Wolfsburg		79	524245	107815	262	
Worms		79	496328	83592	262	
Wunstorf		79	524238	94358	262	
Wuppertal		79	512563	71482	262	
Würselen	wurselen	79	508181	61347	262	
Würzburg	wurzburg	79	497939	99512	262	
Xanten		79	516588	64530	262	
Zehlendorf		79	524333	132500	262	
Zeitz		79	510496	121369	262	
Zirndorf		79	494424	109541	262	
Zittau		79	508977	148076	262	
Zweibrücken	zweibrucken	79	492469	73698	262	
Zwickau		79	507272	124884	262	
Öhringen	ohringen	79	491988	95072	262	
Übach-Palenberg	ubach-palenberg	79	509178	61234	262	
Überlingen	uberlingen	79	477698	91714	262	
Accra		80	55560	-1969	1	
Adenta		80	57142	-1542	1	
Aflao		80	61198	11901	1	
Agogo		80	68000	-10819	1	
Ahwiaa		80	67605	-15940	1	
Akatsi		80	61316	7985	1	
Akim Oda		80	59267	-9858	1	
Akwatia		80	60402	-8088	1	
Amanfrom		80	55353	-3983	1	
Anloga		80	57947	8973	1	
Asamankese		80	58601	-6635	1	
Ashaiman		80	56995	-348	1	
Assin Foso		80	57000	-16500	1	
Atebubu		80	77554	-9808	1	
Atsiaman		80	56978	-3282	1	achiaman
Awoshi		80	55838	-2779	1	
Bawku		80	110593	-2425	1	
Begoro		80	63871	-3774	1	
Bekwai		80	64520	-15787	1	
Berekum		80	74534	-25840	1	
Bibiani		80	64520	-23164	1	
Bimbila		80	88549	592	1	bimbilla
Bolgatanga		80	107856	-8514	1	
Buduburam		80	55231	-4772	1	
Cape Coast		80	51053	-12466	1	
Dambai		80	80662	1795	1	
Damongo		80	90830	-18188	1	
Domaa-Ahenkro		80	72739	-28735	1	dormaa-ahenkro
Dome		80	56500	-2361	1	
Dunkwa		80	59600	-17779	1	dunkwa-on-offin
Dzodze		80	62367	9958	1	
Effiduase		80	68468	-13961	1	
Ejura		80	73856	-13562	1	
Elmina		80	50847	-13509	1	
Elubo		80	52852	-27666	1	
Esim		80	48664	-22418	1	
Gbawe		80	55769	-3104	1	
Goaso		80	68036	-25172	1	
Ho		80	66008	4713	1	
Hohoe		80	71518	4736	1	
Japekrom		80	75758	-27852	1	
Jirapa		80	105369	-27016	1	
Kade		80	60939	-8360	1	
Kasoa		80	55345	-4168	1	
Kintampo		80	80563	-17306	1	
Koforidua		80	60941	-2591	1	
Konongo		80	66167	-12167	1	
Kpandu		80	69954	2931	1	kpando
Kumasi		80	66885	-16244	1	
Lashibi		80	56848	-401	1	
Mampong		80	70627	-14001	1	
Mandela		80	55522	-3391	1	
Mankesim		80	52717	-10152	1	mankessim
Medina Estates		80	56658	-1631	1	
Mim		80	69041	-25611	1	
Navrongo		80	108947	-10908	1	
New Achimota		80	56266	-2581	1	
New Tafo		80	67190	-16119	1	
Nkawkaw		80	65458	-7626	1	
Nkoranza		80	75713	-17087	1	
Nsawam		80	58089	-3503	1	
Nsoatre		80	74035	-24664	1	
Nungua		80	56010	-771	1	
Obuase		80	62023	-16680	1	obuasi
Osu		80	55573	-1864	1	
Prestea		80	54338	-21430	1	
Sakumona		80	56213	-519	1	
Salaga		80	85508	-5188	1	
Saltpond		80	52091	-10606	1	
Savelugu		80	96238	-8270	1	
Sekondi		80	49342	-17145	1	
Sekondi-Takoradi		80	49268	-17577	1	
Suhum		80	60409	-4500	1	
Sunyani		80	73399	-23268	1	
Swedru		80	55371	-6998	1	agona swedru
Tafo		80	67316	-16137	1	
Taifa		80	56582	-2522	1	
Takoradi		80	48982	-17603	1	takoradze
Tamale		80	94008	-8393	1	
Tarkwa		80	53038	-19896	1	
Techiman		80	75905	-19395	1	
Tema		80	56698	-166	1	
Tema New Town		80	56540	264	1	
Teshi Old Town		80	55836	-1072	1	teshie
Twifu Praso		80	56141	-15502	1	
Wa		80	100607	-25019	1	
Wankyi		80	77386	-21036	1	
Winneba		80	53511	-6231	1	
Yegyi		80	82254	-6489	1	yeji
Yendi		80	94427	-99	1	
Gibraltar		81	361447	-53526	270	
Acharnés	acharnes	82	380833	237333	260	
Agios Dimitrios		82	379333	237333	260	
Agrínio	agrinio	82	386214	214078	260	
Agía Paraskeví	agia paraskevi	82	380167	238333	260	
Agía Varvára	agia varvara	82	379894	236601	260	
Aigáleo	aigaleo	82	379833	236833	260	
Alexandroupoli		82	408500	258764	260	
Argyroúpoli	argyroupoli	82	379059	237504	260	
Artémida	artemida	82	379673	239968	260	
Asprópyrgos	aspropyrgos	82	380613	235897	260	
Athens		82	379838	237278	260	
Chalkída	chalkida	82	384635	236028	260	chalcis
Chaniá	chania	82	355112	240292	260	
Chaïdári	chaidari	82	380114	236660	260	
Chios		82	383688	261372	260	
Cholargós	cholargos	82	380000	238000	260	
Corfu		82	396244	199202	260	
Dhafní	dhafni	82	379500	237344	260	dafni
Dráma	drama	82	411528	241473	260	
Elefsína	elefsina	82	380414	235430	260	
Elefthério - Kordelió	eleftherio - kordelio	82	406639	228969	260	eleftherio-kordelio
Galátsi	galatsi	82	380167	237500	260	
Giannitsá	giannitsa	82	407919	224075	260	
Glyfáda	glyfada	82	378629	237580	260	
Gérakas	gerakas	82	380228	238576	260	
Ilioúpoli	ilioupoli	82	379315	237678	260	
Ioánnina	ioannina	82	396649	208519	260	
Irákleio	irakleio	82	380528	237652	260	
Irákleion	irakleion	82	353279	251434	260	heraklion
Kaisarianí	kaisariani	82	379634	237652	260	
Kalamariá	kalamaria	82	405825	229503	260	
Kalamata		82	370391	221126	260	
Kallithéa	kallithea	82	379500	237000	260	
Kamaterón	kamateron	82	380559	237052	260	
Kardítsa	karditsa	82	393648	219219	260	
Kateríni	katerini	82	402696	225061	260	
Kavála	kavala	82	409396	244069	260	
Keratsíni	keratsini	82	379625	236197	260	
Khalándrion	khalandrion	82	380237	238007	260	chalandri
Kifisiá	kifisia	82	380744	238111	260	kifissia
Kilkís	kilkis	82	409930	228743	260	
Komotiní	komotini	82	411192	254054	260	
Korydallós	korydallos	82	379847	236471	260	
Kozáni	kozani	82	403007	217890	260	
Kórinthos	korinthos	82	379401	229513	260	corinth
Lamía	lamia	82	389000	224333	260	
Livadeiá	livadeia	82	384362	228767	260	
Lárisa	larisa	82	396369	224176	260	larissa
Maroúsi	marousi	82	380500	238000	260	
Melíssia	melissia	82	380500	238333	260	
Metamórfosi	metamorfosi	82	380658	237636	260	
Moskháton	moskhaton	82	379479	236788	260	moschato
Mytilene		82	391077	265553	260	
Mégara	megara	82	379947	233432	260	
Neapoli		82	406532	229416	260	
Néa Filadélfeia	nea filadelfeia	82	380349	237381	260	
Néa Ionía	nea ionia	82	380357	237573	260	
Néa Ionía	nea ionia	82	393790	229275	260	
Néa Smýrni	nea smyrni	82	379450	237142	260	
Níkaia	nikaia	82	379667	236500	260	
Palaió Fáliro	palaio faliro	82	379281	237010	260	old faliron
Peristéri	peristeri	82	380154	236919	260	
Petroúpolis	petroupolis	82	380419	236849	260	
Piraeus		82	379420	236462	260	
Políchni	polichni	82	406667	229488	260	
Ptolemaḯda	ptolemaida	82	405147	216786	260	
Pylaía	pylaia	82	405992	229861	260	
Pátra	patra	82	382444	217344	260	patrai
Péfki	pefki	82	380602	237926	260	
Pérama	perama	82	379678	235721	260	
Pýrgos	pyrgos	82	376751	214410	260	
Rethymno		82	353656	244823	260	
Ródos	rodos	82	364356	282220	260	rhodes
Salamína	salamina	82	379643	234965	260	
Stavroúpoli	stavroupoli	82	406694	229381	260	
Sykiés	sykies	82	406494	229508	260	sykies, thessaloniki
Sérres	serres	82	410850	235476	260	
Thessaloníki	thessaloniki	82	406436	229309	260	
Thívai	thivai	82	383250	233189	260	thebes
Tríkala	trikala	82	395549	217684	260	
Trípoli	tripoli	82	375089	223794	260	
Volos		82	393692	229477	260	
Voúla	voula	82	378422	237765	260	
Vrilissia		82	380338	238296	260	
Véroia	veroia	82	405244	222024	260	
Výronas	vyronas	82	379610	237530	260	
Xánthi	xanthi	82	411349	248880	260	
Zográfos	zografos	82	379757	237691	260	
Ágioi Anárgyroi	agioi anargyroi	82	380301	237238	260	
Álimos	alimos	82	379103	237236	260	
Áno Liósia	ano liosia	82	380833	237000	260	
Árgos	argos	82	376333	227333	260	
Árta	arta	82	391601	209856	260	
Évosmos	evosmos	82	406706	229083	260	
Ílion	ilion	82	380333	237000	260	nea liosia
Nuuk		83	641835	-517216	132	
Saint George's		84	120529	-617523	98	st. george's
Baie-Mahault		85	162674	-615854	99	
Basse-Terre		85	159971	-617321	99	
Capesterre-Belle-Eau		85	160450	-615642	99	
Le Gosier		85	162062	-614931	99	
Le Moule		85	163316	-613466	99	
Les Abymes		85	162730	-615051	99	
Petit-Bourg		85	161916	-615914	99	
Pointe-à-Pitre	pointe-a-pitre	85	162364	-615346	99	
Sainte-Anne		85	162256	-613810	99	
Sainte-Rose		85	163326	-616969	99	
Dededo Village		86	135178	1448391	331	
Hagåtña	hagatna	86	134757	1447489	331	
Mangilao Village		86	134476	1448011	331	
Tamuning-Tumon-Harmon Village		86	134877	1447814	331	
Yigo Village		86	135360	1448886	331	
Alotenango		87	144858	-908044	100	
Amatitlán	amatitlan	87	144774	-906349	100	
Antigua Guatemala		87	145564	-907332	100	
Asunción Mita	asuncion mita	87	143336	-897109	100	
Barberena		87	143074	-903616	100	
Cabricán	cabrican	87	150748	-916480	100	
Cantel		87	148115	-914554	100	
Chicacao		87	145430	-913264	100	
Chichicastenango		87	149433	-911112	100	
Chimaltenango		87	146588	-908216	100	
Chinautla		87	147029	-904998	100	
Chiquimula		87	148009	-895464	100	
Ciudad Vieja		87	145240	-907631	100	
Coatepeque		87	147041	-918643	100	
Cobán	coban	87	154702	-903746	100	
Colomba		87	147073	-917317	100	
Comalapa		87	147409	-908876	100	
Comitancillo		87	150894	-917497	100	
Cuilapa		87	142754	-902986	100	
Escuintla		87	143010	-907882	100	
Fraijanes		87	144653	-904408	100	
Guastatoya		87	148544	-900699	100	
Guatemala City		87	146407	-905133	100	
Huehuetenango		87	153210	-914700	100	
Jacaltenango		87	156666	-917118	100	
Jalapa		87	146354	-899911	100	
Jalpatagua		87	141369	-900091	100	
Jutiapa		87	142849	-898880	100	
La Gomera		87	140821	-910538	100	
Malacatán	malacatan	87	149113	-920579	100	
Masagua		87	142031	-908481	100	
Mazatenango		87	145341	-915031	100	
Mixco		87	146308	-906071	100	
Momostenango		87	150444	-914086	100	
Nahualá	nahuala	87	148429	-913180	100	
Nebaj		87	154061	-911468	100	
Nuevo San Carlos		87	145930	-916939	100	
Ostuncalco		87	148690	-916214	100	
Palín	palin	87	144036	-906966	100	
Panzos		87	153986	-896415	100	
Patulul		87	144232	-911605	100	
Patzicía	patzicia	87	146319	-909266	100	
Patzún	patzun	87	146819	-910140	100	
Petapa		87	145019	-905620	100	
Puerto Barrios		87	157272	-885979	100	
Quetzaltenango		87	148446	-915232	100	
Retalhuleu		87	145358	-916785	100	
Salamá	salama	87	151021	-903191	100	
San Andrés Itzapa	san andres itzapa	87	146222	-908431	100	
San Benito		87	169168	-899190	100	
San Felipe		87	146230	-915950	100	
San Francisco El Alto		87	149449	-914431	100	
San Francisco Zapotitlán	san francisco zapotitlan	87	145894	-915214	100	
San José Pinula	san jose pinula	87	145460	-904129	100	
San Juan Sacatepéquez	san juan sacatepequez	87	147189	-906442	100	
San Luis Jilotepeque		87	146472	-897246	100	
San Marcos		87	149644	-917949	100	
San Pedro Ayampuc		87	147794	-904532	100	
San Pedro Sacatepéquez	san pedro sacatepequez	87	149681	-917617	100	
San Sebastián	san sebastian	87	145618	-916486	100	
Santa Catarina Pinula		87	145705	-904992	100	
Santa Cruz del Quiché	santa cruz del quiche	87	150300	-911488	100	
Santa Lucía Cotzumalguapa	santa lucia cotzumalguapa	87	143350	-910234	100	
Santa María de Jesús	santa maria de jesus	87	144945	-907104	100	
Santiago Atitlán	santiago atitlan	87	146382	-912290	100	
Santiago Sacatepéquez	santiago sacatepequez	87	146351	-906765	100	
Sololá	solola	87	147707	-911834	100	
Soloma		87	156584	-914299	100	
Sumpango		87	146462	-907343	100	
Tecpán Guatemala	tecpan guatemala	87	147618	-909925	100	
Totonicapán	totonicapan	87	149119	-913605	100	
Villa Canales		87	144828	-905342	100	
Villa Nueva		87	145251	-905854	100	
Yepocapa		87	145020	-909540	100	
Zacapa		87	149687	-895273	100	
Zaragoza		87	146497	-908903	100	
Saint Peter Port		88	494598	-25353	271	st peter port
Boké	boke	89	109322	-142906	15	
Camayenne		89	95350	-136878	15	
Conakry		89	95380	-136773	15	
Coyah		89	97064	-133846	15	
Dabola		89	107433	-111078	15	
Dubréka	dubreka	89	97911	-135233	15	
Faranah		89	100404	-107434	15	
Forécariah	forecariah	89	94306	-130881	15	
Fria		89	103668	-135825	15	
Gueckedou		89	85674	-101336	15	
Kamsar		89	106500	-146167	15	
Kankan		89	103854	-93057	15	
Kindia		89	100569	-128658	15	
Kintinian		89	116000	-93833	15	
Kissidougou		89	91848	-100999	15	
Koundara		89	124833	-133000	15	
Kouroussa		89	106500	-98833	15	
Kérouané	kerouane	89	92667	-90167	15	
Labé	labe	89	113182	-122833	15	
Lola		89	78000	-85333	15	
Macenta		89	85435	-94710	15	
Mamou		89	103755	-120915	15	
Manéah	maneah	89	97333	-134167	15	
Nzérékoré	nzerekore	89	77562	-88179	15	
Pita		89	110592	-123950	15	
Sangarédi	sangaredi	89	111000	-137667	15	
Siguiri		89	114228	-91685	15	
Tougué	tougue	89	114450	-116642	15	
Télimélé	telimele	89	109000	-130333	15	
Bafatá	bafata	90	121658	-146617	8	
Bissau		90	118636	-155977	8	
Gabú	gabu	90	122800	-142222	8	
Georgetown		91	68045	-581553	102	
Linden		91	60082	-583072	102	
New Amsterdam		91	62492	-575158	102	
Cap-Haïtien	cap-haitien	92	197594	-721982	137	
Carrefour		92	185411	-723992	137	
Croix-des-Bouquets		92	185768	-722262	137	
Delmas		92	185448	-723004	137	
Gonaïves	gonaives	92	194476	-726893	137	
Grangwav		92	184259	-727700	137	
Gressier		92	185409	-725268	137	
Jacmel		92	182357	-725369	137	
Jérémie	jeremie	92	186500	-741167	137	
Kenscoff		92	184477	-722840	137	
Lenbe		92	197060	-724034	137	
Les Cayes		92	181920	-737495	137	
Léogâne	leogane	92	185111	-726334	137	
Miragoâne	miragoane	92	184460	-730896	137	
Port-au-Prince		92	185435	-723388	137	
Port-de-Paix		92	199398	-728304	137	
Pétionville	petionville	92	185125	-722853	137	
Saint-Marc		92	191114	-727008	137	
Saint-Michel de l'Atalaye		92	193708	-723347	137	
Saint-Raphaël	saint-raphael	92	194388	-721991	137	
Thomazeau		92	186530	-720939	137	
Ti Port-de-Paix		92	199333	-728333	137	
Tigwav		92	184312	-728652	137	
Verrettes		92	190505	-724658	137	
Choloma		93	156144	-879530	155	
Ciudad Choluteca		93	133057	-871788	155	
Comayagua		93	144558	-876397	155	
Danlí	danli	93	140333	-865833	155	
El Progreso		93	154000	-878000	155	
Juticalpa		93	146644	-862225	155	
La Ceiba		93	157597	-867822	155	
La Lima		93	154333	-879167	155	
Olanchito		93	154813	-865742	155	
Puerto Cortez		93	158256	-879297	155	
San Lorenzo		93	134242	-874472	155	
San Pedro Sula		93	155058	-880259	155	
Santa Rosa de Copán	santa rosa de copan	93	147739	-887756	155	
Siguatepeque		93	145969	-878310	155	
Tegucigalpa		93	140818	-872068	155	
Tela		93	157742	-874673	155	
Tocoa		93	156833	-860000	155	
Villanueva		93	153148	-879938	155	
Aberdeen		94	222480	1141529	189	
Choi Wan		94	223339	1142137	189	
Choi Wan Estate (I & II)		94	223334	1142133	189	
Chuk Yuen		94	223454	1141933	189	
Fanling		94	224949	1141395	189	
Fo Tan		94	223985	1141929	189	
Hang Hau		94	223181	1142699	189	
Hong Kong		94	222783	1141747	189	
Hong Kong Island		94	222630	1141842	189	
Jordan		94	223054	1141700	189	
Kai Tak		94	223242	1141974	189	
Kam Tin		94	224412	1140602	189	
Kowloon		94	223167	1141833	189	
Kowloon City		94	223305	1141922	189	
Kowloon City Centre		94	223298	1141889	189	
Kowloon West End		94	223285	1141851	189	
Kwai Chung		94	223683	1141388	189	
LOHAS Park		94	222932	1142724	189	
Laguna City		94	223055	1142286	189	
Lei Tung		94	222405	1141576	189	
Leighton Hill		94	222761	1141840	189	
Lower Wong Tai Sin Estate (I & II)		94	223392	1141944	189	
Ma On Shan		94	224061	1142408	189	
Mei Foo		94	223372	1141386	189	
Mei Foo Sun Chuen		94	223364	1141402	189	
Mong Kok		94	223194	1141714	189	
Nam Cheong		94	223280	1141539	189	
New Territories		94	224244	1141110	189	
Pat Heung		94	224461	1140923	189	
Ping Shan		94	224411	1140061	189	
Pok Fu Lam		94	222686	1141292	189	
Sai Kung		94	223833	1142667	189	
San Tung Chung Hang		94	222788	1139431	189	
Sau Mau Ping		94	223202	1142350	189	
Sha Tin		94	223833	1141833	189	shatin
Sha Tin Wai		94	223776	1141975	189	
Sham Shui Po		94	223302	1141594	189	
Sham Tseng		94	223667	1140500	189	
Shap Pat Heung		94	224248	1140358	189	
Shek Kip Mei Estate		94	223341	1141653	189	
Shek Lei		94	223661	1141398	189	
Shuen Wan		94	224677	1142081	189	
Siu Lek Yuen		94	223817	1142126	189	
South Horizons		94	222438	1141483	189	
South Horizons (Estate)		94	222441	1141462	189	
Tai Kok Tsui		94	223215	1141630	189	
Tai Koo		94	222841	1142163	189	
Tai Po		94	224501	1141688	189	
Taikoo Shing		94	222861	1142187	189	
Tin Shui Wai		94	224568	1140023	189	
Tiu Keng Leng		94	222985	1142512	189	
Tseung Kwan O		94	223279	1142499	189	
Tsim Sha Tsui		94	223000	1141667	189	
Tsing Yi Town		94	223500	1141000	189	
Tsuen Wan		94	223714	1141133	189	
Tsz Ching Estate		94	223510	1142006	189	
Tsz Wan Shan		94	223525	1142002	189	
Tuen Mun		94	223917	1139716	189	tuenmen
Tung Chung		94	222878	1139424	189	
Victoria		94	222875	1141442	189	
Wah Fu		94	222547	1141362	189	
Wan Chai		94	222814	1141726	189	
Whampoa		94	223050	1141902	189	
Whampoa Garden		94	223053	1141894	189	
Wong Tai Sin		94	223500	1141833	189	
Wu Kai Sha		94	224302	1142421	189	
Yau Ma Tei		94	223138	1141686	189	
Yau Tong		94	222957	1142360	189	
Yuen Long		94	224452	1140262	189	
Yuen Long Kau Hui		94	224483	1140320	189	
Yuen Long San Hui		94	224333	1140333	189	
Ajka		95	471020	175589	266	
Angyalföld	angyalfold	95	475476	190797	266	
Baja		95	461830	189531	266	
Budapest		95	474984	190404	266	
Budapest I. kerület	budapest i. kerulet	95	474970	190396	266	
Budapest II. kerület	budapest ii. kerulet	95	475198	190222	266	
Budapest III. kerület	budapest iii. kerulet	95	475416	190450	266	obuda-bekasmegyer
Budapest IV. kerület	budapest iv. kerulet	95	475618	190891	266	
Budapest VI. kerület	budapest vi. kerulet	95	475037	190658	266	
Budapest VIII. kerület	budapest viii. kerulet	95	474892	190701	266	
Budapest XI. kerület	budapest xi. kerulet	95	474760	190360	266	ujbuda
Budapest XII. kerület	budapest xii. kerulet	95	474919	190149	266	
Budapest XIII. kerület	budapest xiii. kerulet	95	475298	190807	266	
Budapest XIX. kerület	budapest xix. kerulet	95	474529	191494	266	
Budapest XV. kerület	budapest xv. kerulet	95	475626	191168	266	
Budapest XVI. kerület	budapest xvi. kerulet	95	475148	191703	266	
Budapest XVII. kerület	budapest xvii. kerulet	95	474800	192539	266	
Budapest XVIII. kerület	budapest xviii. kerulet	95	474442	191760	266	
Budapest XX. kerület	budapest xx. kerulet	95	474367	191009	266	
Budapest XXI. kerület	budapest xxi. kerulet	95	474222	190664	266	
Budapest XXII. kerület	budapest xxii. kerulet	95	474270	190402	266	
Budaörs	budaors	95	474618	189584	266	
Békés	bekes	95	467667	211333	266	
Békéscsaba	bekescsaba	95	466833	211000	266	
Cegléd	cegled	95	471727	197995	266	
Debrecen		95	475317	216244	266	
Dunakeszi		95	476364	191386	266	
Dunaújváros	dunaujvaros	95	469648	189397	266	
Eger		95	479026	203733	266	
Erzsébetváros	erzsebetvaros	95	475021	190722	266	
Esztergom		95	477928	187415	266	
Gyula		95	466500	212833	266	
Gyál	gyal	95	473845	192214	266	
Gyöngyös	gyongyos	95	477826	199280	266	
Győr	gyor	95	476833	176351	266	
Gödöllő	godollo	95	475966	193551	266	
Hajdúböszörmény	hajduboszormeny	95	476667	215167	266	
Hajdúszoboszló	hajduszoboszlo	95	474500	214000	266	
Hódmezővásárhely	hodmezovasarhely	95	464167	203333	266	
Jászberény	jaszbereny	95	475000	199167	266	
Józsefváros	jozsefvaros	95	474894	190729	266	
Kaposvár	kaposvar	95	463667	178000	266	
Karcag		95	473167	209333	266	
Kazincbarcika		95	482500	206333	266	
Kecskemét	kecskemet	95	469062	196913	266	
Kiskunfélegyháza	kiskunfelegyhaza	95	467121	198446	266	
Kiskunhalas		95	464340	194848	266	
Kispest		95	474515	191402	266	
Komló	komlo	95	461928	182649	266	
Középső-Ferencváros	kozepso-ferencvaros	95	474730	190797	266	
Kőbánya	kobanya	95	474843	191391	266	
Makó	mako	95	462167	204833	266	
Miskolc		95	481031	207781	266	
Monor		95	473513	194473	266	
Mosonmagyaróvár	mosonmagyarovar	95	478679	172699	266	
Nagykanizsa		95	464535	169910	266	
Nagykőrös	nagykoros	95	470342	197786	266	
Nyíregyháza	nyiregyhaza	95	479554	217167	266	
Orosháza	oroshaza	95	465667	206667	266	
Pesterzsébet	pesterzsebet	95	474333	191167	266	
Pápa	papa	95	473300	174674	266	
Pécs	pecs	95	460725	182308	266	
Rákoskeresztúr	rakoskeresztur	95	474732	192618	266	
Salgótarján	salgotarjan	95	480987	198030	266	
Siófok	siofok	95	469041	180580	266	
Sopron		95	476850	165905	266	
Szeged		95	462530	201482	266	
Szekszárd	szekszard	95	463501	187090	266	
Szentendre		95	476694	190756	266	
Szentes		95	466583	202608	266	
Szigetszentmiklós	szigetszentmiklos	95	473438	190434	266	
Szolnok		95	471833	202000	266	
Szombathely		95	472309	166216	266	
Székesfehérvár	szekesfehervar	95	471900	184103	266	
Tata		95	476529	183184	266	
Tatabánya	tatabanya	95	475849	183932	266	
Törökszentmiklós	torokszentmiklos	95	471833	204167	266	
Veszprém	veszprem	95	470933	179115	266	
Vác	vac	95	477759	191361	266	
Várpalota	varpalota	95	471994	181395	266	
Zalaegerszeg		95	468400	168439	266	
Zugló	zuglo	95	475176	191055	266	
Érd	erd	95	473949	189136	266	
Óhegy	ohegy	95	474780	191479	266	
Ózd	ozd	95	482167	203000	266	
Akureyri		96	656835	-180878	246	
Hafnarfjörður	hafnarfjordur	96	640671	-219377	246	
Keflavík	keflavik	96	640049	-225624	246	
Kópavogur	kopavogur	96	641123	-219130	246	
Reykjanesbær	reykjanesbaer	96	639981	-225611	246	
Reykjavík	reykjavik	96	641355	-218954	246	
Abdu Rahiman Nagar		97	110698	759388	199	
Abohar		97	301445	741955	199	
Achalpur		97	212566	775101	199	
Adampur		97	292803	754682	199	
Addanki		97	158106	799734	199	
Adichānallūr	adichanallur	97	88805	767156	199	
Adirampattinam		97	103406	793791	199	
Adoni		97	156279	772750	199	
Adra		97	234967	866836	199	
Adūr	adur	97	91560	767319	199	
Afzalgarh		97	293937	786739	199	
Afzalpur		97	171999	763602	199	
Agar		97	237118	760157	199	
Agartala		97	238360	912794	199	
Agra		97	271833	780167	199	
Ahilyanagar		97	190946	747384	199	
Ahmadpur		97	187062	769373	199	
Ahmedabad		97	230258	725873	199	
Ahmedgarh		97	306773	758263	199	
Ahraura		97	250158	830329	199	
Airoli		97	191510	729962	199	
Aizawl		97	237289	927179	199	
Ajmer		97	264521	746387	199	
Ajānūr	ajanur	97	123361	750930	199	
Akalkot		97	175253	762061	199	
Akaltara		97	220246	824264	199	
Akbarpur		97	264295	825343	199	
Akivīdu	akividu	97	165822	813811	199	
Akkarampalle		97	136500	794200	199	
Aklera		97	244129	765672	199	
Aklūj	akluj	97	178924	750214	199	
Akola		97	207096	769981	199	
Akot		97	210963	770588	199	
Aland		97	175642	765685	199	
Alandi		97	186776	738987	199	
Alandur		97	130025	802061	199	
Alangad		97	101019	762910	199	
Alappuzha		97	94900	763264	199	
Alattūr	alattur	97	106500	765333	199	
Alengād	alengad	97	101190	763023	199	
Ali		97	285161	773099	199	
Alirajpur		97	223039	743557	199	
Allapuram		97	128951	791279	199	
Allinagaram		97	100274	774782	199	
Almora		97	295971	796591	199	
Alot		97	237634	755566	199	
Aluva		97	101076	763516	199	
Alwar		97	275625	766250	199	
Alwaye		97	101065	763548	199	
Alīganj	aliganj	97	274936	791713	199	
Alīgarh	aligarh	97	278814	780746	199	
Alīpur Duār	alipur duar	97	264835	895229	199	
Amalner		97	210398	750589	199	
Amalāpuram	amalapuram	97	165787	820061	199	
Amaravati		97	165140	805160	199	
Amarpur		97	250397	869025	199	
Ambad		97	196130	757891	199	
Ambala Sadar		97	303354	768626	199	
Amballūr	amballur	97	104343	762634	199	
Ambarnath		97	192000	731667	199	
Ambasamudram		97	87107	774519	199	
Ambattur		97	130982	801615	199	
Ambikāpur	ambikapur	97	231189	831954	199	
Ambikāpuram	ambikapuram	97	107939	766530	199	
Ambur		97	127916	787164	199	
Ambāh	ambah	97	267042	782268	199	
Ambājogāi	ambajogai	97	187331	763862	199	
Ambāla	ambala	97	303610	767978	199	
Amla		97	219248	781279	199	
Amlai		97	231984	815806	199	
Amravati		97	209333	777500	199	
Amreli		97	215998	712117	199	
Amritsar		97	316223	748753	199	
Amroha		97	289031	784698	199	
Amudālavalasa	amudalavalasa	97	184102	839030	199	
Amīnpur	aminpur	97	175242	783227	199	
Anakapalle		97	176913	830040	199	
Anakaputhur		97	129828	801264	199	
Anand		97	225525	729552	199	
Anandpur		97	212141	861249	199	
Anantapur		97	146778	776081	199	
Anantnag		97	337307	751542	199	
Ancharakandy		97	118841	754850	199	
Andipalayam		97	110925	773123	199	
Andol		97	178146	780771	199	
Anekal		97	127111	776956	199	
Angamāli	angamali	97	101906	763879	199	
Angul		97	208409	851019	199	
Anjad		97	220417	750552	199	
Anjangaon		97	211652	773091	199	
Anjār	anjar	97	231132	700267	199	
Ankleshwar		97	216324	729900	199	
Anklesvar INA		97	216168	730276	199	
Ankola		97	146605	743047	199	
Annigeri		97	154251	754335	199	
Anta		97	251500	763000	199	
Anuppānadi	anuppanadi	97	99040	781433	199	
Anūpgarh	anupgarh	97	291911	732086	199	
Anūpshahr	anupshahr	97	283575	782691	199	
Aonla		97	282740	791652	199	
Arakkonam		97	130845	796705	199	
Aramboli		97	82496	775216	199	
Arantāngi	arantangi	97	101724	789912	199	
Arcot		97	129057	793190	199	
Areraj		97	265503	846801	199	
Ariyallur		97	110833	758490	199	
Ariyalūr	ariyalur	97	111385	790756	199	
Ariyānkuppam	ariyankuppam	97	118953	798071	199	
Arni		97	126677	792853	199	
Aroor		97	98694	763050	199	
Arrah		97	255563	846633	199	
Arsikere		97	133145	762570	199	
Arumuganeri		97	85688	780909	199	
Aruppukkottai		97	95096	780959	199	
Arwal		97	252428	846657	199	
Arāmbāgh	arambagh	97	228833	877833	199	
Arāria	araria	97	261493	875132	199	
Ashoknagar		97	245758	777312	199	
Ashoknagar Kalyangarh		97	228642	886370	199	
Ashta		97	230175	767221	199	
Ashta		97	169494	744094	199	
Asifābād	asifabad	97	193585	792842	199	
Atarra		97	252862	805716	199	
Athani		97	167261	750642	199	
Athiyannur		97	83930	770637	199	
Atholi		97	113885	757597	199	
Atmakūr	atmakur	97	158811	785870	199	
Atraulī	atrauli	97	280296	782857	199	
Attili		97	167000	816000	199	
Attimarappatti		97	87399	781053	199	
Attingal		97	86961	768151	199	
Attur		97	115941	786014	199	
Auraiya		97	264652	795092	199	
Aurangabad		97	198776	753423	199	
Aurangābād	aurangabad	97	247520	843742	199	
Ausa		97	182473	764993	199	
Avadi		97	131147	801098	199	
Avanigadda		97	160215	809181	199	
Avaniyāpuram	avaniyapuram	97	98818	781126	199	
Avilala		97	136111	794208	199	
Avinashi		97	111930	772686	199	
Aya Nagar		97	284720	771327	199	
Ayakudi		97	104499	775520	199	
Ayanavelikulangara Vadakku		97	90430	765230	199	
Aymanam		97	96068	765006	199	
Ayodhya		97	267991	822047	199	
Azamgarh		97	260683	831836	199	
Azhikkōd	azhikkod	97	119198	753355	199	
Azhiyūr	azhiyur	97	116935	755601	199	
Azhoor		97	86442	767990	199	
Bablāi	bablai	97	303573	768790	199	
Babīna	babina	97	252395	784703	199	
Bacheli		97	186843	812686	199	
Bachhraon		97	289269	782346	199	
Bada Barabīl	bada barabil	97	221119	853868	199	
Badagara		97	115978	755814	199	vatakara
Baddi		97	309578	767914	199	
Badlapur		97	191552	732655	199	
Badvel		97	147451	790629	199	
Badāmibāgh	badamibagh	97	340738	748528	199	
Badūria	baduria	97	227443	887866	199	
Bagaha		97	270992	840900	199	
Bagaha		97	245290	850602	199	
Bagalkot		97	161867	756961	199	
Bagasra		97	214872	709552	199	
Bagbera		97	227595	861905	199	
Bagha Purana		97	306881	750984	199	
Bagru		97	268107	755470	199	
Bahadurgarh		97	286929	769356	199	
Baharampur		97	241047	882516	199	
Baheri		97	287742	794974	199	
Bahjoi		97	283950	786266	199	
Bahraigh		97	275743	815947	199	bahraich
Bahādurganj	bahadurganj	97	262617	878244	199	
Baidyabāti	baidyabati	97	227850	883259	199	
Baikunthpur		97	232621	825605	199	
Bail-Hongal		97	158137	748589	199	
Bairāgnia	bairagnia	97	267406	852732	199	
Bakhri		97	255989	862607	199	
Bakhtiarpur		97	254560	855329	199	
Bakhtiyārpur	bakhtiyarpur	97	254618	855318	199	
Balakrishnapuram		97	103591	780026	199	
Balarāmpur	balarampur	97	230971	862229	199	
Balasore		97	214927	869335	199	
Ballari		97	151420	769240	199	
Ballarpur		97	198470	793458	199	
Ballia		97	254214	863144	199	
Balod		97	207308	812058	199	
Baloda Bāzār	baloda bazar	97	216568	821606	199	
Balotra		97	258324	722400	199	
Balrāmpur	balrampur	97	274295	821854	199	
Balussheri		97	114474	758294	199	
Balāngīr	balangir	97	207042	834903	199	
Banat		97	294636	773548	199	
Banda		97	240449	789609	199	
Bandipura		97	344173	746431	199	
Banganapalle		97	153177	782267	199	
Bangaon		97	230455	888308	199	
Bangaon		97	258673	865115	199	
Bangarapet		97	129912	781780	199	
Bankra		97	226029	882775	199	
Bankāpur	bankapur	97	149230	752622	199	
Banmankhi		97	258886	871942	199	
Banmankhi Bazar		97	258876	871936	199	
Bannūr	bannur	97	123330	768620	199	
Bantvāl	bantval	97	128905	750349	199	
Bar Bigha		97	252186	857332	199	
Baranagar		97	226413	883773	199	
Barauli		97	263811	845865	199	
Barauni		97	254709	859760	199	
Baraut		97	291020	772633	199	
Barbigha		97	252167	857333	199	
Barbil		97	221019	853775	199	
Barddhamān	barddhaman	97	232557	878569	199	bardhaman
Bareilly		97	283668	794317	199	
Bareli		97	230044	782301	199	baraily
Bargarh		97	213335	836190	199	
Barhiya		97	252881	860206	199	
Baripāda	baripada	97	219346	867285	199	
Barki Saria		97	241759	858894	199	
Barnagar		97	230489	753780	199	
Barnāla	barnala	97	303745	755487	199	
Barpeta		97	263229	910063	199	
Barpeta Road		97	265028	909694	199	
Barshi		97	182345	756928	199	
Baruipur		97	223654	884325	199	
Barwāh	barwah	97	222539	760385	199	
Barwāla	barwala	97	293675	759081	199	
Barwāni	barwani	97	220323	748998	199	
Barāra	barara	97	302146	770402	199	
Basavakalyan		97	178744	769497	199	
Basavana Bāgevādi	basavana bagevadi	97	165728	759725	199	
Basi		97	305881	768450	199	
Basi		97	268315	760486	199	
Basmat		97	193287	771575	199	
Basni		97	271723	736452	199	
Basoda		97	238515	779365	199	
Bastī	basti	97	267882	827162	199	
Baswa		97	271496	765834	199	
Bathinda		97	302075	749389	199	
Batāla	batala	97	318092	752029	199	
Bawāna	bawana	97	287982	770343	199	
Bayāna	bayana	97	269079	772898	199	
Bedi		97	225014	700436	199	
Beed		97	189892	757563	199	
Begamganj		97	235992	783406	199	
Begampur		97	287266	770669	199	
Begusarai		97	254185	861339	199	
Behror		97	278883	762811	199	
Bela		97	259206	819963	199	
Bela		97	255571	844308	199	
Belagavi		97	158521	745045	199	
Beldānga	beldanga	97	239343	882602	199	
Bellampalli		97	190558	794930	199	
Belpahar		97	218218	838458	199	
Belūr	belur	97	131656	758652	199	
Bemetāra	bemetara	97	217156	815342	199	
Bengaluru		97	129719	775937	199	
Benipur		97	260551	861456	199	
Beohāri	beohari	97	240242	813783	199	
Berasia		97	236313	774335	199	
Betamcherla		97	154514	781480	199	
Bettiah		97	268023	845031	199	
Betūl	betul	97	219006	779023	199	
Bewar		97	272187	792976	199	
Beypore		97	111715	758061	199	
Beāwar	beawar	97	261012	743203	199	
Bhabhua		97	250405	836075	199	
Bhachāu	bhachau	97	232986	703428	199	
Bhadgaon		97	206690	752294	199	
Bhadohi		97	253953	825703	199	
Bhadrak		97	210545	865156	199	
Bhadravati		97	201001	791144	199	
Bhadreswar		97	228245	883384	199	
Bhadrāchalam	bhadrachalam	97	176685	808889	199	
Bhadrāvati	bhadravati	97	138485	757050	199	
Bhaisa		97	191129	779634	199	
Bhandāra	bhandara	97	211682	796488	199	
Bharatpur		97	272173	774901	199	
Bharthana		97	267523	792218	199	
Bharūch	bharuch	97	216948	729805	199	
Bhatkal		97	139853	745553	199	
Bhavnagar		97	217629	721533	199	
Bhavāni	bhavani	97	114455	776821	199	
Bhawanipur		97	264535	870274	199	
Bhawāni Mandi	bhawani mandi	97	244158	758355	199	
Bhawānipatna	bhawanipatna	97	199072	831670	199	
Bhawānīgarh	bhawanigarh	97	302668	760385	199	
Bhayandar		97	193016	728511	199	
Bhelai		97	223093	826095	199	
Bhetia		97	227932	861410	199	
Bhilai		97	212092	814285	199	
Bhilai Charoda		97	212230	814561	199	
Bhilwara		97	253471	746408	199	
Bhimavaram		97	165408	815232	199	
Bhind		97	265667	787873	199	
Bhinga		97	277028	819343	199	
Bhiwadi		97	282102	768606	199	
Bhiwandi		97	193002	730588	199	
Bhiwāni	bhiwani	97	287930	761397	199	
Bhokar		97	192193	776696	199	
Bhokardan		97	202583	757700	199	
Bholav		97	217197	730110	199	
Bhongaon		97	272552	791812	199	
Bhongīr	bhongir	97	175154	788856	199	
Bhopal		97	232547	774029	199	
Bhuban		97	208820	858333	199	
Bhubaneswar		97	202724	858338	199	
Bhuj		97	232540	696693	199	
Bhupalpally		97	184287	798638	199	
Bhusawal		97	210436	757851	199	
Bhābhar	bhabhar	97	240717	715974	199	
Bhādra	bhadra	97	291030	751714	199	
Bhādāsar	bhadasar	97	283146	742895	199	
Bhāgalpur	bhagalpur	97	252445	869718	199	
Bhālki	bhalki	97	180435	772060	199	
Bhālswa Jahangirpur	bhalswa jahangirpur	97	287356	771668	199	
Bhānder	bhander	97	257358	787456	199	
Bhānvad	bhanvad	97	219305	697808	199	
Bhātpāra	bhatpara	97	228664	884011	199	
Bhātāpāra	bhatapara	97	217350	819471	199	
Bhīmunipatnam	bhimunipatnam	97	178902	834520	199	
Bhīnmāl	bhinmal	97	249994	722714	199	
Biaora		97	239205	769107	199	
Bidar		97	179080	775152	199	
Bidhūna	bidhuna	97	268017	795083	199	
Bihtā	bihta	97	255588	848714	199	
Bihār Sharīf	bihar sharif	97	252008	855239	199	
Bihārīganj	bihariganj	97	257342	869884	199	
Bihāt	bihat	97	254253	860208	199	
Bijaynagar		97	259298	746492	199	
Bijbehara		97	337938	751070	199	
Bijnor		97	293730	781364	199	
Bijuri		97	232524	821167	199	
Bikaner		97	280176	733150	199	
Bikram		97	254471	848626	199	
Bikramganj		97	252107	842551	199	
Bilgrām	bilgram	97	271751	800320	199	
Bilimora		97	207696	729613	199	
Bilsi		97	281294	789109	199	
Bilāra	bilara	97	261807	737055	199	
Bilāri	bilari	97	286215	788036	199	
Bilāsipāra	bilasipara	97	262328	902341	199	
Bilāspur	bilaspur	97	220800	821554	199	
Bindki		97	260361	805762	199	
Birgaon		97	213076	816279	199	
Birmitrapur		97	224000	847667	199	
Birpara		97	267042	891455	199	
Birūr	birur	97	135972	759717	199	
Bisauli		97	283077	789368	199	
Bishnupur		97	230738	873199	199	
Bishrāmpur	bishrampur	97	242530	839250	199	
Bissāu	bissau	97	282474	750767	199	
Biswān	biswan	97	274958	809962	199	
Bobbili		97	185737	833592	199	
Bodh Gaya		97	246981	849869	199	
Bodhan		97	186621	778858	199	
Bodināyakkanūr	bodinayakkanur	97	100117	773498	199	
Bodupāl	bodupal	97	174188	785843	199	
Boisar		97	198036	727560	199	
Bokāro	bokaro	97	236693	861516	199	
Bolpur		97	236628	876970	199	
Bolārum	bolarum	97	175561	783482	199	
Bongaigaon		97	264770	905582	199	
Bopal		97	230334	724672	199	
Borivli		97	192350	728598	199	borivali
Borsad		97	224079	728982	199	
Borāwar	borawar	97	270237	746758	199	
Botad		97	221692	716667	199	
Boyampālaiyam	boyampalaiyam	97	111488	773537	199	
Brahmapur		97	193115	847929	199	
Brajarajnagar		97	218167	839167	199	
Bramhapuri		97	206111	798610	199	
Brāhmana Periya Agrahāram	brahmana periya agraharam	97	113690	777063	199	
Budaun		97	280381	791267	199	
Budge Budge		97	224828	881818	199	
Budhlāda	budhlada	97	299280	755620	199	
Budhāna	budhana	97	292880	774753	199	
Bulandshahr		97	284039	778577	199	
Buldāna	buldana	97	205293	761846	199	
Burhānpur	burhanpur	97	213087	762303	199	
Burla		97	215098	838726	199	
Burāri	burari	97	287557	771994	199	
Buxar		97	255755	839804	199	
Byasanagar		97	209557	861264	199	
Byādgi	byadgi	97	146732	754868	199	
Bābarpur	babarpur	97	286875	772856	199	
Bābra	babra	97	218458	713054	199	
Bādepalli	badepalli	97	167549	781443	199	
Bādāmi	badami	97	159150	756768	199	
Bāgepalli	bagepalli	97	137834	777967	199	
Bāghpat	baghpat	97	289448	772186	199	bagpat
Bāli	bali	97	226486	883412	199	
Bālurghāt	balurghat	97	252210	887773	199	
Bālāchor	balachor	97	310606	763017	199	
Bālāghāt	balaghat	97	218156	801884	199	
Bālāpur	balapur	97	206661	767739	199	
Bāmaur	bamaur	97	263390	781010	199	
Bāmor Kalān	bamor kalan	97	248930	781510	199	
Bānda	banda	97	254776	803349	199	
Bāndīkūi	bandikui	97	270509	765732	199	
Bāngarda Chhota	bangarda chhota	97	227435	758145	199	
Bāngarmau	bangarmau	97	268912	802115	199	
Bānka	banka	97	248809	869226	199	
Bānkura	bankura	97	232324	870716	199	
Bānsbāria	bansbaria	97	229539	884010	199	
Bānsdīh	bansdih	97	258838	842183	199	
Bānsi	bansi	97	271775	829344	199	
Bānswāda	banswada	97	183772	778801	199	
Bānswāra	banswara	97	235411	744425	199	
Bāola	baola	97	228284	723636	199	
Bāpatla	bapatla	97	159042	804674	199	
Bāprola	baprola	97	286413	770142	199	
Bāramūla	baramula	97	342090	743428	199	
Bārdoli	bardoli	97	211230	731115	199	
Bārh	barh	97	254834	857093	199	
Bāri	bari	97	266466	776163	199	
Bārmer	barmer	97	257457	713921	199	
Bāruni	baruni	97	254751	859681	199	
Bārākpur	barakpur	97	227660	883634	199	
Bārāmati	baramati	97	181517	745777	199	
Bārān	baran	97	251000	765167	199	
Bārāsat	barasat	97	227215	884820	199	
Bāspalli	baspalli	97	175391	783636	199	
Bāsudebpur	basudebpur	97	211197	867290	199	
Bāzpur	bazpur	97	291530	791081	199	
Bīdāsar	bidasar	97	278360	743178	199	
Bīlāspur	bilaspur	97	288866	792703	199	
Bīna	bina	97	241716	781876	199	
Bīsalpur	bisalpur	97	282925	798047	199	
Būndi	bundi	97	254386	756374	199	
Canning		97	223140	886651	199	canning town
Chakapara		97	226322	883486	199	
Chaklāsi	chaklasi	97	226532	729450	199	
Chakradharpur		97	226761	856289	199	
Chaksu		97	266051	759481	199	
Chalisgaon		97	204578	750160	199	
Challakere		97	143180	766516	199	
Chalthan		97	211542	729614	199	
Chamba		97	325553	761265	199	
Chamrajnagar		97	119231	769395	199	
Chandannagar		97	228622	883680	199	
Chandauli		97	252580	832682	199	
Chanderi		97	247131	781381	199	
Chandigarh		97	307363	767884	199	
Chandrakona		97	227333	875167	199	
Chandrapura		97	237488	861196	199	
Chanduasi		97	284518	787828	199	
Changanācheri	changanacheri	97	94420	765360	199	changanassery
Channagiri		97	140240	759258	199	
Channapatna		97	126514	772067	199	
Channarāyapatna	channarayapatna	97	129064	763878	199	
Chanpatia		97	269444	845377	199	
Charkhi Dādri	charkhi dadri	97	285917	762716	199	
Charkhāri	charkhari	97	254030	797488	199	
Chas		97	236356	861671	199	
Chatrā	chatra	97	242064	848708	199	
Chaumu		97	271696	757223	199	
Chavara		97	89673	765419	199	
Chekkiād	chekkiad	97	117173	756419	199	
Chelambra		97	111509	758719	199	
Chemmumiahpet		97	144629	788119	199	
Chendamangalam		97	101632	762346	199	
Chengalpattu		97	126918	799766	199	
Chengam		97	123089	787914	199	
Chengamanād	chengamanad	97	101541	763416	199	
Chengannūr	chengannur	97	93158	766151	199	
Chennai		97	130878	802785	199	
Cheranellūr	cheranellur	97	100543	762896	199	
Cheriyamundam		97	109476	759564	199	
Cherpulassery		97	108766	763093	199	
Cherthala		97	96844	763356	199	
Cherukavu		97	111731	759086	199	
Cheruthazham		97	120810	752627	199	
Cheruvannur		97	111903	758283	199	
Chettipālaiyam	chettipalaiyam	97	111667	773350	199	
Chettipālaiyam	chettipalaiyam	97	109125	770370	199	
Chetwayi		97	105288	760479	199	
Cheyyar		97	126605	795431	199	
Chhabra		97	246647	768438	199	
Chhanerā	chhanera	97	219610	766949	199	
Chharra		97	279247	784010	199	
Chhatarpur		97	249177	795887	199	
Chhatarpur		97	284985	771825	199	
Chhatrapur		97	193557	849836	199	
Chhaya		97	216288	696339	199	
Chhibrāmau	chhibramau	97	271487	795008	199	
Chhindwāra	chhindwara	97	220570	789396	199	
Chhota Gobindpur		97	227459	862589	199	
Chhota Udepur		97	223040	740158	199	
Chhāta	chhata	97	277237	775081	199	
Chhātāpur	chhatapur	97	262196	870048	199	
Chidambaram		97	113993	796914	199	
Chidawa		97	282394	756404	199	
Chik Ballāpur	chik ballapur	97	134351	777279	199	
Chikhli		97	203505	762577	199	
Chikmagalūr	chikmagalur	97	133223	757740	199	chikkamagaluru
Chiknāyakanhalli	chiknayakanhalli	97	134161	766206	199	
Chikodi		97	164290	745859	199	
Chilakalūrupet	chilakalurupet	97	160899	801670	199	
Chilla Soroda Bāngar	chilla soroda bangar	97	285957	773019	199	
Chinna Salem		97	116342	788741	199	
Chinnachowk		97	144752	788354	199	
Chinnalapatti		97	102848	779233	199	
Chinnamanūr	chinnamanur	97	98400	773811	199	
Chinnūr	chinnur	97	188578	797956	199	
Chintamani		97	134005	780517	199	
Chiplūn	chiplun	97	175334	735094	199	
Chirakkal		97	119126	753610	199	
Chirkunda		97	237477	867880	199	
Chirmiri		97	231907	823531	199	
Chitaguppa		97	176974	772152	199	
Chitarpur		97	235728	856536	199	
Chitradurga		97	142226	764004	199	
Chitrakoot Dham		97	252147	809164	199	
Chittaranjan		97	238568	869032	199	
Chittoor		97	132106	790956	199	
Chittorgarh		97	248896	746240	199	
Chittūr	chittur	97	106997	767471	199	
Chockli		97	117274	755551	199	
Chodavaram		97	178288	829353	199	
Choornikkara		97	100879	763411	199	
Chopda		97	212458	752995	199	
Chorwād	chorwad	97	210295	702330	199	
Chotila		97	224235	711964	199	
Choudwar		97	205392	859151	199	
Chumukedima		97	258248	937759	199	
Chunār	chunar	97	251278	828821	199	
Churi		97	236549	850128	199	
Churāchāndpur	churachandpur	97	243335	936700	199	
Chāchaura	chachaura	97	241758	769996	199	
Chākan	chakan	97	187606	738635	199	
Chāmpa	champa	97	220353	826423	199	
Chānda	chanda	97	199508	792952	199	chandrapur
Chāndor	chandor	97	203306	742447	199	
Chāndpur	chandpur	97	291349	782719	199	
Chāndur	chandur	97	197344	791717	199	
Chāpra	chapra	97	257803	847471	199	
Chāībāsa	chaibasa	97	225504	858025	199	
Chēmanchēri	chemancheri	97	114048	757236	199	
Chīka	chika	97	300489	763430	199	
Chīpurupalle	chipurupalle	97	183114	835685	199	
Chīrāla	chirala	97	158238	803522	199	
Chītāpur	chitapur	97	171236	770824	199	
Chōrōd	chorod	97	116277	755915	199	
Chūru	churu	97	283042	749672	199	
Closepet		97	127218	772815	199	
Coimbatore		97	110056	769661	199	
Colachel		97	81794	772582	199	
Colgong		97	252633	872326	199	
Colonelganj		97	271343	816987	199	
Contai		97	217798	877489	199	
Coonoor		97	113498	767938	199	
Cuddalore		97	117562	797669	199	
Cumbum		97	97365	772847	199	
Cumbum		97	155817	791106	199	
Curchorem		97	152635	741088	199	
Cuttack		97	204650	858793	199	
Dabhel		97	204095	728834	199	
Dabhoi		97	221833	734333	199	
Dabra		97	258857	783322	199	
Dabwāli	dabwali	97	299491	747383	199	
Dahegām	dahegam	97	231690	728216	199	
Dalli Rājhara	dalli rajhara	97	205857	810750	199	
Dalsingh Sarai		97	256680	858364	199	
Dalūpura	dalupura	97	286057	773190	199	
Dam Dam		97	226334	884229	199	dum dum
Daman		97	204143	728324	199	
Damoh		97	238331	794419	199	
Damua		97	221929	784670	199	
Dandeli		97	152667	746167	199	
Darbhanga		97	261522	858971	199	
Darsi		97	157698	796794	199	
Daryāpur	daryapur	97	209249	773264	199	
Dasnapur		97	196540	785121	199	
Dasūya	dasuya	97	318168	756531	199	
Datia		97	256731	784591	199	
Dattāpur	dattapur	97	207808	781407	199	
Daudnagar		97	250347	844010	199	
Daund		97	184652	745838	199	
Dausa		97	268900	763358	199	
Davangere		97	144669	759269	199	
Deesa		97	242561	721793	199	
Deglur		97	185483	775770	199	
Dehra Dūn	dehra dun	97	303244	780339	199	dehradun
Dehu Road		97	186821	737316	199	
Delhi		97	286520	772315	199	
Delhi Cantonment		97	286000	771333	199	
Denkanikota		97	125301	777889	199	
Deoband		97	296950	776796	199	
Deogarh		97	215383	847334	199	
Deoghar		97	244898	866990	199	
Deolali		97	194739	746206	199	
Deoli		97	285025	772312	199	
Deoli		97	257573	753799	199	
Deolāli	deolali	97	199440	738344	199	
Deori Khās	deori khas	97	233902	790163	199	
Deoria		97	265017	837794	199	
Desāīganj	desaiganj	97	206235	799645	199	
Devadurga		97	164231	769358	199	
Devakottai		97	99470	788233	199	
Devanahalli		97	132466	777118	199	
Devarkonda		97	166919	789207	199	
Devarshola		97	115437	764404	199	
Dewas		97	229658	760553	199	
Deūlgaon Rāja	deulgaon raja	97	200176	760376	199	
Dhamanagar		97	209167	864500	199	
Dhamtari		97	207072	815487	199	
Dhanaura		97	289591	782563	199	
Dhanbad		97	237976	864299	199	
Dhandhuka		97	223818	719866	199	
Dhanera		97	245097	720234	199	
Dhanpuri		97	231854	815551	199	
Dharampur		97	205369	731737	199	
Dharamsala		97	322201	763201	199	
Dharangaon		97	210119	752741	199	
Dharapuram		97	107383	775322	199	
Dharashiv		97	181816	760389	199	
Dharmadam		97	117754	754646	199	
Dharmanagar		97	243667	921667	199	
Dharmapuri		97	121277	781579	199	
Dharmavaram		97	144144	777204	199	
Dharmābād	dharmabad	97	188912	778494	199	
Dhaulpur		97	266929	778797	199	
Dhekiajuli		97	267037	924781	199	
Dhenkānāl	dhenkanal	97	206574	855969	199	
Dholka		97	227273	724413	199	
Dhone		97	153952	778715	199	
Dhoraji		97	217336	704500	199	
Dhrol		97	225670	704177	199	
Dhrāngadhra	dhrangadhra	97	229917	714679	199	
Dhubri		97	260186	899856	199	
Dhule		97	209013	747774	199	
Dhuliān	dhulian	97	246813	879535	199	
Dhupgāri	dhupgari	97	265890	890073	199	
Dhāka	dhaka	97	266748	851670	199	
Dhāmnod	dhamnod	97	222093	754706	199	
Dhāmpur	dhampur	97	293088	785108	199	
Dhār	dhar	97	225937	752977	199	
Dhāri	dhari	97	213286	710264	199	
Dhāruhera	dharuhera	97	282055	767969	199	
Dhūri	dhuri	97	303685	758679	199	
Diamond Harbour		97	221927	881895	199	
Dibai		97	282085	782617	199	
Dibrugarh		97	274799	949084	199	
Digboi		97	273932	956184	199	
Dighwāra	dighwara	97	257443	850100	199	
Digras		97	201035	777185	199	
Dimāpur	dimapur	97	259117	937217	199	
Dinapore		97	256370	850479	199	
Dinapur Cantonment		97	256362	850203	199	
Dinapur Nizamat		97	256385	850512	199	
Dindigul		97	103690	779804	199	
Dindori		97	229414	810798	199	
Diphu		97	258434	934312	199	
Diu		97	207140	709822	199	
Doda		97	331492	755475	199	
Doddaballapura		97	132945	775378	199	
Dohad		97	228328	742599	199	
Dombivali		97	192167	730833	199	
Dondaicha		97	213236	745680	199	
Dongargarh		97	211889	807546	199	
Dooru Verinag		97	335594	752322	199	
Dorāha	doraha	97	307995	760236	199	
Dowleswaram		97	169476	817799	199	
Dubrājpur	dubrajpur	97	237902	873765	199	
Dugda		97	237452	861718	199	
Duliajan		97	273604	953181	199	
Duliajan Oil Town		97	273578	953141	199	
Dum Duma		97	275688	955566	199	
Dumka		97	242678	872486	199	
Dumraon		97	255526	841515	199	
Durg		97	211915	812762	199	
Durgapur		97	235158	873080	199	
Dwārka	dwarka	97	222394	689678	199	
Dyāne	dyane	97	205674	745285	199	
Dādri	dadri	97	285526	775540	199	
Dāhānu	dahanu	97	199678	727126	199	
Dākor	dakor	97	227527	731497	199	
Dārjiling	darjiling	97	270333	882667	199	darjeeling
Dārwha	darwha	97	203102	777726	199	
Dāsna	dasna	97	286774	775225	199	
Dātāganj	dataganj	97	280253	794082	199	
Dīdwāna	didwana	97	274010	745754	199	
Dīg	dig	97	274719	773256	199	
Dīndārpur	dindarpur	97	285981	769916	199	
Dīnhāta	dinhata	97	261353	894613	199	
Dīnānagar	dinanagar	97	321366	754729	199	
Dūngarpur	dungarpur	97	238431	737147	199	
Edacchēri	edaccheri	97	116818	756248	199	
Edaicode		97	83825	771983	199	
Edappāl	edappal	97	107834	760079	199	
Edattala		97	100564	763845	199	
Egra		97	218995	875379	199	
Elamanchili		97	175491	828575	199	
Elamkunnapuzha		97	100267	762223	199	
Elampalloor		97	89558	766739	199	
Elayavur		97	118892	754124	199	
Ellenabad		97	294528	746612	199	
Eluru		97	167131	811044	199	
Elūr	elur	97	100667	762833	199	
Emmiganūr	emmiganur	97	157720	774834	199	
Erandol		97	209221	753264	199	
Erannoli		97	117691	755177	199	
Erode		97	113428	777274	199	
Erraguntla		97	146385	785397	199	
Erāmala	eramala	97	116859	755910	199	
Erāttupetta	erattupetta	97	96875	767789	199	
Etmadpur		97	272354	781983	199	
Ettumanoor		97	96700	765700	199	
Ettumānūr	ettumanur	97	96690	765592	199	
Etāwa	etawa	97	241835	782029	199	
Etāwah	etawah	97	267762	790213	199	
Ezhudesam		97	82651	771421	199	
Ezhupunna		97	98211	762998	199	
Faizpur		97	211677	758601	199	
Farakka		97	248167	879000	199	
Faridabad		97	284112	773132	199	
Farrukhnagar		97	170779	782034	199	
Farrukhābād	farrukhabad	97	273913	795793	199	
Farīdkot	faridkot	97	306740	747558	199	
Farīdpur	faridpur	97	282100	795415	199	
Fatehganj West		97	284662	793066	199	
Fatehnagar		97	248149	740950	199	
Fatehpur		97	259277	808127	199	
Fatehpur		97	279949	749563	199	
Fatehpur		97	271728	812106	199	
Fatehpur Sīkri	fatehpur sikri	97	270937	776600	199	
Fatehābād	fatehabad	97	295152	754555	199	
Fatehābād	fatehabad	97	270264	783027	199	
Fatwa		97	255096	853050	199	
Fazilka		97	304021	740284	199	
Ferokh		97	111799	758414	199	
Firozpur		97	309257	746131	199	
Forbesganj		97	263025	872656	199	
Fyzābād	fyzabad	97	267755	821502	199	faizabad
Fālna	falna	97	252674	732393	199	
Fīrozpur Jhirka	firozpur jhirka	97	277885	769450	199	
Fīrozābād	firozabad	97	271509	783978	199	
Gadag		97	154298	756297	199	
Gadag-Betageri		97	154167	756167	199	
Gaddi Annaram		97	173669	785242	199	
Gadhada		97	219696	715783	199	
Gadhinglaj		97	162229	743501	199	
Gadkhol		97	216438	730121	199	
Gadwāl	gadwal	97	162350	777956	199	
Gajendragarh		97	157363	759698	199	
Gajraula		97	288457	782396	199	
Gajuwaka		97	177000	832167	199	
Gajwel		97	178482	786829	199	
Ganaur		97	291302	770183	199	
Ganderbal		97	342262	747748	199	
Gandhinagar		97	232167	726833	199	
Gangavati		97	154313	765293	199	
Gangoh		97	297800	772635	199	
Gangtok		97	273257	886122	199	
Ganguwa		97	291134	756958	199	
Gangākher	gangakher	97	189696	767495	199	
Gangāpur	gangapur	97	264725	767174	199	
Gangāpur	gangapur	97	196972	750105	199	
Gangārāmpur	gangarampur	97	254014	885298	199	
Ganj Dundwāra	ganj dundwara	97	277331	789412	199	
Garhchiroli		97	201806	800052	199	
Garhmuktesar		97	287873	781021	199	
Garhwa		97	241600	838076	199	
Garhākota	garhakota	97	237791	791432	199	
Gariadhar		97	215389	715774	199	
Gauribidanur		97	136107	775174	199	
Gauripur		97	260833	899612	199	
Gaya		97	247969	850038	199	
Gevrai		97	192637	757501	199	
Gharaunda		97	295369	769714	199	
Gharonda Neemka Bangar		97	286164	772880	199	
Gharroli		97	286167	773321	199	
Ghazīpur	ghazipur	97	255833	835853	199	
Ghosī	ghosi	97	261059	835393	199	
Ghoti Budrukh		97	197164	736282	199	
Ghugus		97	199381	791119	199	
Ghulewadi		97	196031	741936	199	
Ghātampur	ghatampur	97	261527	801680	199	
Ghātanji	ghatanji	97	201418	783133	199	
Ghātsīla	ghatsila	97	225853	864768	199	
Ghātāl	ghatal	97	226624	877340	199	
Ghāziābād	ghaziabad	97	286654	774392	199	
Giddalūr	giddalur	97	153744	789261	199	
Giddarbāha	giddarbaha	97	301995	746663	199	
Gil		97	308469	758636	199	
Gingee		97	122528	794173	199	
Giridih		97	241862	863088	199	
Gobichettipalayam		97	114550	774422	199	
Gobindgarh		97	306709	763019	199	
Gobindpur		97	226339	860716	199	
Gobārdānga	gobardanga	97	228774	887548	199	
Godda		97	248270	872125	199	
Godhra		97	227755	736149	199	
Godoli		97	176718	740129	199	
Gogri Jamālpur	gogri jamalpur	97	254112	866592	199	
Gohad		97	264328	784420	199	
Gohāna	gohana	97	291378	767025	199	
Gokak		97	161690	748239	199	
Gokalpur		97	287029	772896	199	
Gokarna		97	145500	743167	199	
Gola Gokarannāth	gola gokarannath	97	280784	804705	199	
Golāghāt	golaghat	97	265117	939595	199	
Gomoh		97	238736	861516	199	
Gondal		97	219607	708026	199	
Gondiā	gondia	97	214603	801920	199	
Gondā City	gonda city	97	271318	819533	199	
Gooty		97	151184	776378	199	
Gopavaram		97	147841	785729	199	
Gopālganj	gopalganj	97	264673	844404	199	
Gorai		97	192500	727833	199	
Gorakhpur		97	294477	756721	199	
Gorakhpur		97	267663	833689	199	
Gorantla		97	139841	777722	199	
Gosāba	gosaba	97	221655	888007	199	
Gotegaon		97	230289	794823	199	
Goyerkāta	goyerkata	97	266998	890256	199	
Goālpāra	goalpara	97	261767	906263	199	
Greater Noida		97	284962	775360	199	
Gudalur		97	115207	764814	199	
Gudalur		97	96783	772495	199	
Gudivāda	gudivada	97	164355	809956	199	
Gudiyatham		97	129460	788738	199	
Guledagudda		97	160502	757900	199	
Gulābpura	gulabpura	97	259045	746602	199	
Gulāothi	gulaothi	97	285894	777932	199	
Gumia		97	237975	858252	199	
Gumlā	gumla	97	230427	845443	199	
Guna		97	246469	773113	199	
Gundlupēt	gundlupet	97	118100	766903	199	
Gundupālaiyam	gundupalaiyam	97	119410	798029	199	
Guntakal		97	151711	773624	199	
Guntur		97	162997	804573	199	
Gunupur		97	190804	838088	199	
Gurdaspur		97	320393	754032	199	
Gursahāiganj	gursahaiganj	97	271152	797317	199	
Gursarāi	gursarai	97	256168	791805	199	
Gurugram		97	284601	770263	199	
Guruvāyūr	guruvayur	97	105943	760411	199	
Guskhara		97	234928	877348	199	
Guwahati		97	261844	917458	199	
Gwalior		97	262298	781734	199	
Gyānpur	gyanpur	97	253327	824664	199	
Gādarwāra	gadarwara	97	229235	787849	199	
Gāndhīdhām	gandhidham	97	230833	701333	199	
Gūduvāncheri	guduvancheri	97	128452	800606	199	
Gūdūr	gudur	97	141509	798521	199	
Hadagalli		97	150205	759318	199	
Hadgāon	hadgaon	97	194955	776586	199	
Hailākāndi	hailakandi	97	246839	925610	199	
Haldia		97	220605	881098	199	
Haldwani		97	292225	795286	199	
Haliyal		97	153286	747564	199	
Haludbani		97	227512	862099	199	
Halvad		97	230152	711803	199	
Hamīrpur	hamirpur	97	259553	801484	199	
Hanumāngarh	hanumangarh	97	295818	743294	199	
Harda		97	223441	770954	199	
Hardoī	hardoi	97	273949	801316	199	
Haridwar		97	299479	781602	199	
Harihar		97	145129	758072	199	
Harpanahalli		97	147877	759886	199	
Harūr	harur	97	120527	784802	199	
Hasanpur		97	287225	782844	199	
Hashtsāl	hashtsal	97	286341	770577	199	
Hassan		97	130072	760962	199	
Hastināpur	hastinapur	97	291604	780076	199	
Hatta		97	241341	796012	199	
Hazāribāgh	hazaribagh	97	239924	853616	199	
Hebbagodi		97	128263	776809	199	
Hilsa		97	253164	852823	199	
Himatnagar		97	235989	729660	199	
Hinakallu		97	123304	766021	199	
Hindaun		97	267341	770352	199	
Hindupur		97	138281	774914	199	
Hinganghāt	hinganghat	97	205487	788398	199	
Hingoli		97	197146	771424	199	
Hinjilicut		97	194817	847449	199	
Hiriyūr	hiriyur	97	139446	766172	199	
Hisar		97	291539	757229	199	
Hisua		97	248336	854173	199	
Hodal		97	278920	773674	199	
Hojāi	hojai	97	260028	928560	199	
Holenarasipura		97	127864	762433	199	
Homnābād	homnabad	97	177707	771252	199	
Hosadurga		97	137963	762841	199	
Hosapete		97	152695	763871	199	
Hoshiārpur	hoshiarpur	97	315372	759127	199	
Hoskote		97	130707	777981	199	
Hosūr	hosur	97	127365	778326	199	
Howrah		97	225769	883186	199	
Hubballi		97	153478	751338	199	
Hudkeshwar Buzurg		97	210824	791274	199	
Hugli		97	229088	883967	199	
Hukeri		97	162308	746024	199	
Hunsūr	hunsur	97	123036	762928	199	
Hupari		97	166167	744044	199	
Husainābād	husainabad	97	245285	840000	199	
Hyderabad		97	173840	784564	199	
Hābra	habra	97	228420	886561	199	
Hāflong	haflong	97	251648	930174	199	
Hājīpur	hajipur	97	256854	852098	199	
Hālol	halol	97	225032	734724	199	
Hālīsahar	halisahar	97	229322	884186	199	
Hāngal	hangal	97	147646	751246	199	
Hānsi	hansi	97	291024	759625	199	
Hāpur	hapur	97	287298	777807	199	
Hāsimāra	hasimara	97	267469	893538	199	
Hāthras	hathras	97	275955	780520	199	
Hāveri	haveri	97	147935	754045	199	
Hīrākud	hirakud	97	215250	838728	199	
Ibrāhīmpatnam	ibrahimpatnam	97	165830	805143	199	
Icchannūr	icchannur	97	113615	757782	199	
Ichalkaranji		97	166912	744605	199	
Ichchāpuram	ichchapuram	97	191139	846872	199	
Idaiyarpālaiyam	idaiyarpalaiyam	97	110394	769237	199	
Idangansālai	idangansalai	97	116272	779890	199	
Idappadi		97	115862	778389	199	
Idar		97	238414	730007	199	
Igatpuri		97	196952	735626	199	
Ilaiyankudi		97	96251	786243	199	
Ilkal		97	159592	761135	199	
Imphal		97	248081	939442	199	
Indargarh		97	259109	785619	199	
Indi		97	171774	759526	199	
Indore		97	227179	758333	199	
Indāpur	indapur	97	183000	732500	199	
Indāpur	indapur	97	181153	750288	199	
Injambakkam		97	129162	802488	199	
Iramallūr	iramallur	97	100619	765717	199	
Irimbiliyam		97	108624	760922	199	
Iringal		97	115593	756166	199	
Irinjālakuda	irinjalakuda	97	103424	762112	199	
Iroopara		97	86075	769149	199	
Irugūr	irugur	97	110178	770628	199	
Islāmnagar	islamnagar	97	283290	787252	199	
Islāmpur	islampur	97	262654	881898	199	
Islāmpur	islampur	97	251408	852059	199	
Itanagar		97	270869	936099	199	
Itārsi	itarsi	97	226148	777622	199	
Jabalpur		97	231670	799501	199	
Jagatsinghapur		97	202557	861711	199	
Jagdalpur		97	190814	820213	199	
Jagdīshpur	jagdishpur	97	267497	805451	199	
Jagdīspur	jagdispur	97	254681	844194	199	
Jaggaiahpet		97	168916	800955	199	
Jaggayyapeta		97	168938	800981	199	
Jagraon		97	307878	754739	199	
Jagtiāl	jagtial	97	187947	789166	199	
Jagādhri	jagadhri	97	301672	773037	199	
Jahāngīrābād	jahangirabad	97	284055	781059	199	
Jahānābād	jahanabad	97	252137	849871	199	
Jaigaon		97	268477	893756	199	
Jainagar		97	265905	861379	199	
Jaipur		97	269196	757878	199	
Jais		97	262649	815486	199	
Jaisalmer		97	269176	709039	199	
Jaisingpur		97	167764	745536	199	
Jaito		97	304513	748919	199	
Jaitpur		97	285065	773298	199	
Jaitāran	jaitaran	97	262045	739368	199	
Jalandhar		97	313256	755792	199	
Jalandhar Cantonment		97	312942	756197	199	
Jalesar		97	274732	783031	199	
Jaleshwar		97	218018	872225	199	
Jalgaon		97	210029	755660	199	
Jalgaon Jamod		97	210519	765346	199	
Jalor		97	253456	726156	199	
Jalpāiguri	jalpaiguri	97	265167	887333	199	
Jalālpur	jalalpur	97	263116	827386	199	
Jalālābad	jalalabad	97	296185	774391	199	
Jalālābād	jalalabad	97	306062	742573	199	
Jalālābād	jalalabad	97	277262	796552	199	
Jalārpet	jalarpet	97	125702	785732	199	
Jambusar		97	220524	728007	199	
Jamjodhpur		97	219022	700357	199	
Jamkhandi		97	165046	752915	199	
Jammalamadugu		97	148468	783831	199	
Jammu		97	327353	748617	199	
Jammu Cantonment		97	327044	748611	199	
Jamnagar		97	224729	700667	199	
Jamshedpur		97	228028	861854	199	
Jamālpur	jamalpur	97	253126	864889	199	
Jamūī	jamui	97	249261	862253	199	
Jandiāla	jandiala	97	311593	756176	199	
Jandiāla Gurū	jandiala guru	97	315620	750277	199	
Jangaon		97	177260	791524	199	
Jangipur		97	244700	880766	199	
Jaora		97	236378	751271	199	
Jasdan		97	220371	712079	199	
Jashpur Nagar		97	228878	841386	199	
Jaspur		97	292792	788280	199	
Jaswantnagar		97	268827	789026	199	
Jatani		97	201598	857074	199	
Jaunpur		97	257536	826869	199	
Jawaharnagar		97	175100	785656	199	
Jayamkondacholapuram		97	112127	793637	199	
Jaynagar Majilpur		97	221752	884201	199	
Jetpur		97	217548	706235	199	
Jevargi		97	170139	767732	199	
Jewar		97	281220	775573	199	
Jeypore		97	188563	825716	199	
Jhadeshwar		97	217136	730323	199	
Jhajha		97	247711	863789	199	
Jhajjar		97	286063	766565	199	
Jhanjhārpur	jhanjharpur	97	262647	862799	199	
Jharia		97	237408	864146	199	
Jharoda Mazra Burāri	jharoda mazra burari	97	287301	772091	199	
Jharsuguda		97	218553	840070	199	
Jhumri Telaiya		97	244349	855295	199	
Jhunjhunūn	jhunjhunun	97	281256	753980	199	
Jhābua	jhabua	97	227677	745909	199	
Jhālod	jhalod	97	231010	741554	199	
Jhālrapātan	jhalrapatan	97	245420	761724	199	
Jhālāwār	jhalawar	97	245963	761650	199	
Jhānsi	jhansi	97	254589	785799	199	
Jhārgrām	jhargram	97	224538	869950	199	
Jhīnjhak	jhinjhak	97	265609	797342	199	
Jilādiguda	jiladiguda	97	173320	785255	199	
Jintūr	jintur	97	196119	766874	199	
Jirapur		97	240214	763764	199	
Joda		97	220170	854220	199	
Jodhpur		97	262684	730059	199	
Jodhpur		97	219017	700327	199	
Jogbani		97	263990	872652	199	
Jora		97	263421	778092	199	
Jora Khurd		97	264893	779758	199	
Jorhat		97	267575	942031	199	
Jowai		97	254360	921913	199	
Jugsālai	jugsalai	97	227767	861835	199	
Junnar		97	192082	738752	199	
Jāfarābād	jafarabad	97	286787	772712	199	
Jāfarābād	jafarabad	97	208661	713661	199	
Jājpur	jajpur	97	208485	863373	199	
Jālaun	jalaun	97	261451	793366	199	
Jālna	jalna	97	198410	758864	199	
Jāmadoba	jamadoba	97	237167	864000	199	
Jāmai	jamai	97	221964	785919	199	
Jāmkhed	jamkhed	97	187352	753134	199	
Jāmner	jamner	97	208095	757777	199	
Jāmtāra	jamtara	97	239630	868029	199	
Jāmul	jamul	97	212500	814000	199	
Jāmuria	jamuria	97	237047	870787	199	
Jānjgīr	janjgir	97	220092	825778	199	
Jāridih	jaridih	97	237657	859386	199	
Jīnd	jind	97	293158	763150	199	
Jīwanpur	jiwanpur	97	287145	772849	199	
Jūjūvādi	jujuvadi	97	127679	777918	199	
Jūnāgadh	junagadh	97	215197	704598	199	
Kabnur		97	167017	744395	199	
Kabrāi	kabrai	97	254028	799997	199	
Kadakkavoor		97	86792	767671	199	
Kadapa		97	144800	788235	199	
Kadayal		97	84083	772658	199	
Kadayanallur		97	90728	773415	199	
Kadi		97	232991	723336	199	
Kadiri		97	141117	781598	199	
Kadodara		97	211616	729623	199	
Kadungalūr	kadungalur	97	100948	763211	199	
Kadūr	kadur	97	135528	760116	199	
Kagaznāgār	kagaznagar	97	193316	794660	199	
Kaij		97	187136	760672	199	
Kaikalapettai		97	130219	801206	199	
Kailāras	kailaras	97	263050	776160	199	
Kailāshahar	kailashahar	97	243320	920039	199	
Kaimganj		97	275544	793352	199	
Kaipamangalam		97	103350	761392	199	
Kairāna	kairana	97	293954	772054	199	
Kaithal		97	298015	763996	199	
Kaithoon		97	251241	759722	199	
Kakching		97	244982	939813	199	
Kakkalapalle		97	146415	775668	199	
Kakkanad		97	100164	763417	199	
Kakkodi		97	113197	758015	199	
Kakrāla	kakrala	97	278927	791945	199	
Kalaburagi		97	173358	768376	199	
Kalakkādu	kalakkadu	97	85138	775494	199	
Kalamassery		97	100614	763263	199	
Kalamb		97	190444	739555	199	
Kalamnūri	kalamnuri	97	196739	773115	199	
Kalavoor		97	95705	763276	199	
Kallakkurichchi		97	117404	789590	199	
Kallakurichi		97	117338	789592	199	
Kallam		97	185751	760219	199	
Kallamchavadi		97	129531	801308	199	
Kalleribhāgam	kalleribhagam	97	90540	765580	199	
Kallidaikurichi		97	86859	774659	199	
Kalliyasshēri	kalliyassheri	97	119755	753645	199	
Kalliyoor		97	84313	770128	199	
Kallūr Vadakummuri	kallur vadakummuri	97	102532	763281	199	
Kalol		97	232466	724951	199	
Kalpatta		97	116087	760834	199	
Kalwākurti	kalwakurti	97	166640	784914	199	
Kalyandurg		97	145452	771055	199	
Kalyani		97	229757	884337	199	
Kalyān	kalyan	97	192437	731355	199	
Kalānaur	kalanaur	97	288282	763955	199	
Kamal Pur Majra Burari		97	287467	771935	199	
Kamalāpuram	kamalapuram	97	153044	764765	199	
Kamaruddinnagar		97	286770	770537	199	
Kampli		97	154063	766001	199	
Kanakapura		97	125465	774200	199	
Kanayannur		97	99667	762667	199	
Kanchipuram		97	128352	797001	199	
Kandahār	kandahar	97	188731	771923	199	
Kandukūr	kandukur	97	152154	799039	199	
Kangayam		97	110060	775609	199	
Kanhangad		97	123081	751063	199	
Kanhān	kanhan	97	212290	792398	199	
Kanigiri U		97	154064	795070	199	
Kannad		97	202568	751379	199	
Kannamangalam		97	110754	759852	199	
Kannauj		97	270552	799188	199	
Kanniyākumāri	kanniyakumari	97	80901	775384	199	
Kannur		97	118675	753576	199	
Kannānendal	kannanendal	97	99649	781416	199	
Kanpur		97	264652	803498	199	
Kansad		97	210747	728789	199	
Kantai		97	262142	852975	199	
Kantābānji	kantabanji	97	204671	829204	199	
Kanuru		97	162858	812546	199	
Kapadvanj		97	230230	730711	199	
Kapurthala Town		97	313801	753810	199	
Karamsad		97	225424	729039	199	
Karanjiā	karanjia	97	217626	859732	199	
Karanpur		97	298404	734552	199	
Karauli		97	264983	770276	199	
Kareli		97	229153	790638	199	
Karera		97	254582	781358	199	
Karhal		97	270009	789394	199	
Karjan		97	220467	731181	199	
Karjat		97	189107	733235	199	
Karmāla	karmala	97	184077	751939	199	
Karnāl	karnal	97	296920	769845	199	
Karol Bāgh	karol bagh	97	286514	771907	199	
Kartārpur	kartarpur	97	314427	754985	199	
Karumattampatti		97	111093	771820	199	
Karumālūr	karumalur	97	101329	762799	199	
Karumāndi Chellipālaiyam	karumandi chellipalaiyam	97	113019	775860	199	
Karungappalli		97	91042	765370	199	
Karur		97	109577	780810	199	
Karuva		97	89500	765986	199	
Karuvanthuruthy		97	111721	758226	199	
Karwar		97	148136	741297	199	
Karād	karad	97	172894	741818	199	
Karāla	karala	97	287355	770352	199	
Karāwalnagar	karawalnagar	97	287271	772705	199	
Karīmganj	karimganj	97	248692	923554	199	
Karīmnagar	karimnagar	97	184392	791286	199	
Kasba		97	258564	875384	199	
Kashipur		97	292140	789569	199	
Kasrāwad	kasrawad	97	221274	756110	199	
Katghora		97	225025	825428	199	
Katheru		97	170380	817760	199	
Kathhāra	kathhara	97	237638	858847	199	
Kathlāl	kathlal	97	228982	729928	199	
Kathua		97	323694	755254	199	
Katihar		97	255385	875704	199	
Katirur		97	117849	755302	199	
Kattivākkam	kattivakkam	97	132167	803167	199	
Kattumannarkoil		97	112763	795578	199	
Kavanur		97	129962	800751	199	
Kawardha		97	220085	812315	199	
Kayalpattinam		97	85714	781199	199	
Kayamkulam		97	91817	765009	199	
Keirao Bitra		97	247110	939746	199	
Kekri		97	259713	751499	199	
Kemrī	kemri	97	288067	792048	199	
Kendrāparha	kendraparha	97	205017	864223	199	
Keonjhargarh		97	216318	855969	199	
Keru		97	261925	730443	199	
Keshod		97	213033	702486	199	
Keshorai Pātan	keshorai patan	97	252928	759395	199	
Khadki		97	185635	738520	199	
Khagaria		97	255022	864671	199	
Khagaul		97	255790	850456	199	
Khair		97	279420	778424	199	
Khaira		97	197867	727616	199	
Khairtal		97	278043	766386	199	
Khairābād	khairabad	97	275270	807546	199	
Khairāgarh	khairagarh	97	214186	809794	199	
Khajoori Khas		97	287096	772587	199	
Khajuraho Group of Monuments		97	248481	799335	199	
Khalīlābād	khalilabad	97	267727	830718	199	
Khambhāliya	khambhaliya	97	222068	696503	199	
Khambhāt	khambhat	97	223174	726192	199	
Khammam		97	172477	801437	199	
Khanapuram Haveli		97	172624	801681	199	
Khandela		97	276050	755020	199	
Khandwa		97	218243	763509	199	
Khanna		97	307055	762220	199	
Kharagpur		97	223397	873250	199	
Kharagpur		97	251245	865558	199	
Kharakvasla		97	184400	737755	199	
Kharar		97	307463	766469	199	
Khardah		97	227186	883781	199	khardaha
Kharghar		97	190498	730702	199	
Khargone		97	218229	756139	199	
Kharkhauda		97	288787	769107	199	
Khatauli		97	292784	777330	199	
Kheda		97	227522	726853	199	
Khedbrahma		97	240299	730463	199	
Khekra		97	288659	772841	199	
Kheri		97	279035	807975	199	
Kherālu	kheralu	97	238853	726187	199	
Khirkiya		97	221673	768614	199	
Khoni		97	193173	730597	199	
Khopoli		97	187856	733459	199	
Khordha		97	201827	856163	199	
Khunti		97	230760	852782	199	
Khurai		97	240437	783301	199	
Khurja		97	282538	778554	199	
Khāchrod	khachrod	97	234232	752818	199	
Khāmgaon	khamgaon	97	207074	765683	199	
Khātegaon	khategaon	97	225957	769133	199	
Kichha		97	289115	795201	199	
Kidarakulam		97	85669	769913	199	
Kilakarai		97	92318	787854	199	
Kilapavoor		97	89086	774311	199	
Kinwat		97	196256	781987	199	
Kirāri Sulemānnagar	kirari sulemannagar	97	286974	770648	199	
Kishanganj		97	261022	879553	199	
Kishangarh		97	265901	748540	199	
Kithor		97	288668	779386	199	
Kizhake Chālakudi	kizhake chalakudi	97	103007	763376	199	
Kizhuparamba		97	112526	760244	199	
Kizhuvalam-Koonthalloor		97	86625	768097	199	
Koch Bihār	koch bihar	97	263254	894451	199	
Kochi		97	99399	762602	199	
Kodaikānāl	kodaikanal	97	102392	774893	199	
Kodamthuruth		97	98006	763015	199	
Kodarma		97	244675	855940	199	
Kodoli		97	176702	740347	199	
Kodungallūr	kodungallur	97	102326	761951	199	
Kodur		97	110153	760701	199	
Kodār	kodar	97	169985	799656	199	
Kodīnar	kodinar	97	207939	707022	199	
Koelwār	koelwar	97	255806	847975	199	
Kohima		97	256747	941110	199	
Kokrajhar		97	264011	902729	199	
Kolar		97	231648	774189	199	
Kolasib		97	242239	926787	199	
Kolhāpur	kolhapur	97	166956	742317	199	
Kolkata		97	225626	883630	199	
Kollam		97	88811	765847	199	
Kollancode		97	82890	771080	199	
Kollegāl	kollegal	97	121545	771105	199	
Kollivāyal	kollivayal	97	114998	764815	199	
Kolār	kolar	97	131377	781300	199	
Komalapuram		97	95419	763424	199	
Konch		97	259945	791513	199	
Kondagaon		97	195908	816640	199	
Kondapalle		97	166199	805424	199	
Kondasamudram		97	129455	788788	199	
Kondli		97	286117	773267	199	
Kondotty		97	111423	759657	199	
Konnagar		97	227051	883445	199	
Koothanallur		97	107199	795157	199	
Koovappady		97	101552	764854	199	
Kopali		97	228372	861916	199	
Kopargaon		97	198824	744760	199	
Kopawor		97	345286	742640	199	
Koppal		97	153452	761548	199	
Kopāganj	kopaganj	97	260192	835663	199	
Koraput		97	188120	827105	199	
Koratla		97	188215	787119	199	
Korba		97	223458	826963	199	
Koregaon		97	186457	740591	199	
Koregaon		97	176992	741625	199	
Kosamba		97	214620	729584	199	
Kosi		97	277945	774368	199	
Kot Kapūra	kot kapura	97	305806	748261	199	
Kota		97	251825	758391	199	
Kotagiri		97	114207	768604	199	
Kotamangalam		97	100643	766284	199	
Kotdwāra	kotdwara	97	297461	785222	199	
Kotharia		97	222344	708190	199	
Kotkapura		97	305819	748330	199	
Kotma		97	232038	819790	199	
Kotputli		97	277021	761991	199	
Kottagūdem	kottagudem	97	175511	806178	199	
Kottaikuppam		97	119613	798392	199	
Kottaikādu	kottaikadu	97	122556	799823	199	
Kottangara		97	89241	766467	199	
Kottayam		97	95869	765213	199	
Kottur		97	105365	769803	199	
Kottuvalli		97	101112	762463	199	
Kottārakara	kottarakara	97	90036	767738	199	
Kottūru	kotturu	97	148244	762200	199	
Kovilpatti		97	91717	778699	199	
Kovvūr	kovvur	97	170162	817293	199	
Kovūr	kovur	97	145005	799852	199	
Koyilandy		97	114381	756931	199	
Koynanagar		97	174000	737667	199	
Kozhikode		97	112480	757804	199	
Krishnagiri		97	125192	782138	199	
Krishnanagar		97	234058	884907	199	
Krishnarājpet	krishnarajpet	97	126662	764877	199	
Krishnarājāsāgara	krishnarajasagara	97	124398	763828	199	
Krishnāpuram	krishnapuram	97	91521	765234	199	
Kuchera		97	269875	739711	199	
Kuchāman	kuchaman	97	271474	748566	199	
Kudachi		97	166278	748541	199	
Kudappanakkunnu		97	85514	769608	199	
Kuju		97	237254	855102	199	
Kukatpally		97	174849	784138	199	
Kukshi		97	222068	747579	199	
Kulasēkarapuram	kulasekarapuram	97	90912	765303	199	
Kulathummal		97	85073	770814	199	
Kulgam		97	336446	750192	199	
Kulittalai		97	109349	784125	199	
Kullattūr	kullattur	97	129419	801947	199	
Kulti		97	237317	868437	199	
Kumarapalayam		97	114450	777110	199	komarapalayam
Kumbakonam		97	109621	793912	199	
Kumbalam		97	99063	763113	199	
Kumbalangy		97	98798	762835	199	
Kumhāri	kumhari	97	212667	815167	199	
Kumta		97	144285	744189	199	
Kumārapuram	kumarapuram	97	92708	764326	199	
Kunda		97	257170	815140	199	
Kundapura		97	136313	746902	199	
Kundarkhi		97	286830	787856	199	kundarki
Kundla		97	213422	713063	199	
Kundli		97	288691	771206	199	
Kunigal		97	130232	770252	199	
Kuniyamuttūr	kuniyamuttur	97	109638	769525	199	
Kunnamangalam		97	113046	758777	199	
Kunnamkulam		97	106467	760670	199	
Kunnatnād	kunnatnad	97	100429	764241	199	
Kuppam		97	127493	783419	199	
Kurandvād	kurandvad	97	166832	745889	199	
Kurduvādi	kurduvadi	97	180934	754157	199	
Kurichchi		97	109608	769738	199	
Kurikuppi		97	152176	766487	199	
Kurinjippādi	kurinjippadi	97	115503	795907	199	
Kurnool		97	158289	780360	199	
Kurseong		97	268825	882773	199	
Kurumbapet		97	119398	797713	199	
Kuruvattūr	kuruvattur	97	113361	758351	199	
Kushinagar		97	267413	838869	199	
Kushtagi		97	157562	761911	199	
Kutiatodu		97	98000	763333	199	
Kuttampuzha		97	101503	767354	199	
Kuttikkāttūr	kuttikkattur	97	112626	758796	199	
Kuttippuram		97	108425	760308	199	
Kuttuparamba		97	118278	755659	199	
Kuzhithurai		97	83179	771919	199	
Kyathampalle		97	196678	785289	199	
Kādiganpalli	kadiganpalli	97	125232	782086	199	
Kāgal	kagal	97	165770	743154	199	
Kākināda	kakinada	97	169604	822381	199	
Kāladi	kaladi	97	108194	760064	199	
Kālappatti	kalappatti	97	110794	770371	199	
Kālimpong	kalimpong	97	270706	884753	199	
Kāliyāganj	kaliyaganj	97	256344	883266	199	
Kālka	kalka	97	308398	769406	199	
Kālna	kalna	97	232194	883630	199	
Kālol	kalol	97	226078	734627	199	
Kālpi	kalpi	97	261167	797333	199	
Kālānwāli	kalanwali	97	298357	749717	199	
Kālāvad	kalavad	97	222079	703834	199	
Kāman	kaman	97	276579	772691	199	
Kāmthi	kamthi	97	212162	791973	199	
Kāmāreddi	kamareddi	97	183200	783418	199	
Kāmārhāti	kamarhati	97	226711	883747	199	
Kānchrāpāra	kanchrapara	97	229600	884285	199	
Kāndhla	kandhla	97	293210	772710	199	
Kāndi	kandi	97	239595	880402	199	
Kāndla	kandla	97	230333	702167	199	
Kānker	kanker	97	202719	814918	199	
Kānt	kant	97	278105	797918	199	
Kānth	kanth	97	290594	786295	199	
Kānūru	kanuru	97	164985	806914	199	
Kāpas Herd	kapas herd	97	285261	770840	199	
Kāraikkudi	karaikkudi	97	100662	787678	199	karaikudi
Kāraikāl	karaikal	97	109167	798333	199	
Kāraippudūr	karaippudur	97	110567	773061	199	
Kārakkād	karakkad	97	105880	760388	199	
Kāramadai	karamadai	97	112406	769601	199	
Kāranja	karanja	97	204827	774886	199	
Kārkala	karkala	97	132143	749923	199	
Kāro	karo	97	237852	859783	199	
Kāsaragod	kasaragod	97	124984	749896	199	
Kāsganj	kasganj	97	278088	786458	199	
Kāsipālaiyam	kasipalaiyam	97	113198	777097	199	
Kāsībugga	kasibugga	97	187593	844161	199	
Kātol	katol	97	212739	785858	199	
Kātoya	katoya	97	236456	881326	199	
Kātpādi	katpadi	97	129695	791455	199	
Kātrās	katras	97	237975	862983	199	
Kāttipparutti	kattipparutti	97	108738	760535	199	
Kāvali	kavali	97	149163	799945	199	
Kērkandi	kerkandi	97	113678	767458	199	
Kīl Bhuvanagiri	kil bhuvanagiri	97	114422	796476	199	
Kīratpur	kiratpur	97	295067	782061	199	
Kōttakkal	kottakkal	97	110009	760062	199	
Kūdligi	kudligi	97	149050	763853	199	
Kūdlu	kudlu	97	125298	749788	199	
Kūmher	kumher	97	273166	773708	199	
Kūrāli	kurali	97	308342	765768	199	
Lahār	lahar	97	261940	789414	199	
Laitumkhrah		97	255707	918977	199	
Lakhyabad		97	236667	866667	199	loyabad
Lakhīmpur	lakhimpur	97	279482	807793	199	
Lakkanahalli		97	121120	781538	199	
Lakshmeshwar		97	151269	754694	199	
Lal Bahadur Nagar		97	173477	785576	199	
Lalganj		97	257990	829977	199	
Lalgudi		97	108742	788194	199	
Lalitpur		97	246901	784192	199	
Lanka		97	259291	929486	199	
Lar		97	262039	839691	199	
Latur		97	183972	765678	199	
Laungowāl	laungowal	97	301939	756809	199	
Lauri		97	251396	800011	199	
Laxmangarh		97	278229	750275	199	
Leh		97	341650	775840	199	
Lehragaga		97	299426	758014	199	
Libāspur	libaspur	97	287509	771465	199	
Limbdi		97	225651	718108	199	
Lingiādīh	lingiadih	97	220775	821760	199	
Lingsugūr	lingsugur	97	161588	765217	199	
Loha		97	189448	771155	199	
Lohāra	lohara	97	203898	780903	199	
Lohārdagā	lohardaga	97	234331	846799	199	
Lonar		97	199853	765205	199	
Lonavla		97	187528	734058	199	
Longowal		97	301985	756819	199	
Loni		97	287514	772902	199	
Losal		97	274000	749167	199	
Luckeesarai		97	251765	860947	199	
Lucknow		97	268393	809231	199	
Ludhiana		97	309120	758538	199	
Lumding Railway Colony		97	257490	931700	199	
Lunglei		97	228925	927422	199	
Lādnūn	ladnun	97	276531	743999	199	
Lādwa	ladwa	97	299935	770456	199	
Lāharpur	laharpur	97	277083	809026	199	
Lākheri	lakheri	97	256724	761769	199	
Lālganj	lalganj	97	258689	851739	199	
Lālganj	lalganj	97	259318	817048	199	
Lālgola	lalgola	97	244224	882524	199	
Lālru	lalru	97	304917	767987	199	
Lālsot	lalsot	97	265595	763292	199	
Lātehār	latehar	97	237442	844998	199	
Lāthi	lathi	97	217231	713884	199	
Lūnāvāda	lunavada	97	231284	736104	199	
Machhlīshahr	machhlishahr	97	256856	824111	199	
Machilīpatnam	machilipatnam	97	161875	811389	199	
Madanapalle		97	135503	785029	199	
Maddūr	maddur	97	125828	770429	199	
Madgaon		97	152750	739579	199	
Madhapar		97	232376	696995	199	
Madhavaram		97	131482	802314	199	
Madhepura		97	259213	867927	199	
Madhira		97	169233	803631	199	
Madhubani		97	263537	860717	199	
Madhugiri		97	136604	772124	199	
Madhupur		97	242742	866393	199	
Madhurampur Dehri		97	249690	841964	199	
Madhyamgram		97	226894	884459	199	
Madikeri		97	124260	757382	199	
Madipakkam		97	129623	801986	199	
Madukkarai		97	109057	769634	199	
Madurai		97	99190	781195	199	
Maduravoyal		97	130675	801632	199	
Madurāntakam	madurantakam	97	125117	798848	199	
Mahbūbnagar	mahbubnagar	97	167438	779860	199	
Mahbūbābād	mahbubabad	97	175973	800021	199	
Mahemdāvād	mahemdavad	97	228236	727555	199	
Mahendragarh		97	282694	761525	199	
Maheshtala		97	225086	882532	199	
Maheshwar		97	221759	755871	199	
Mahesāna	mahesana	97	235986	723847	199	
Mahgawān	mahgawan	97	264947	786159	199	
Mahmudābād	mahmudabad	97	272919	811178	199	
Mahna		97	302280	749936	199	
Mahnar Bazar		97	256096	854808	199	
Mahobā	mahoba	97	252905	798753	199	
Mahuva		97	210901	717690	199	
Mahwa		97	270459	769315	199	
Mahād	mahad	97	180833	734167	199	
Mahādula	mahadula	97	212526	790811	199	
Mahālingpur	mahalingpur	97	163888	751087	199	
Mahārāganj	maharaganj	97	271446	835621	199	
Mahārājgani	maharajgani	97	261102	845036	199	
Mahārājpur	maharajpur	97	250194	797319	199	
Mahāsamund	mahasamund	97	211074	820948	199	
Mahē	mahe	97	117017	755347	199	
Maihar		97	242659	807606	199	
Mainpuri		97	272286	790288	199	
Maināguri	mainaguri	97	265626	888204	199	
Mairwa		97	262322	841635	199	
Majalgaon		97	191551	762099	199	
Makhdumpur		97	250657	849725	199	
Makronia		97	238477	787990	199	
Makrāna	makrana	97	270436	747244	199	
Malajkhand		97	220516	807157	199	
Malakanagiri		97	183643	818880	199	
Malakpur Kohi Rangpur		97	285403	771208	199	
Malappuram		97	110420	760815	199	
Malavalli		97	123856	770604	199	
Malayinkeezhu		97	84902	770374	199	
Malda		97	250045	881457	199	
Malegaon		97	205497	745346	199	
Malkajgiri		97	174478	785263	199	
Malkapur		97	172621	741757	199	
Malkāpur	malkapur	97	208855	761993	199	
Malout		97	302112	744818	199	
Malpe		97	133496	747039	199	
Mamun		97	322824	756983	199	
Manakunnam		97	98857	763733	199	
Manali		97	131667	802667	199	
Manamadurai		97	96732	784710	199	
Manapparai		97	106077	784258	199	
Mancherial		97	188707	794286	199	
Mandamarri		97	189651	794748	199	
Mandapeta		97	168625	819292	199	
Mandi		97	317119	769327	199	
Mandi Dabwāli	mandi dabwali	97	299663	747002	199	
Mandideep		97	230817	775333	199	
Mandlā	mandla	97	225988	803712	199	
Mandoli		97	287028	773100	199	
Mandsaur		97	240718	750699	199	
Mandya		97	125223	768975	199	
Mandāwa	mandawa	97	280554	751483	199	
Mandāwar	mandawar	97	294866	781273	199	
Manendragarh		97	232134	822023	199	
Maner		97	256460	848729	199	
Mangalagiri		97	164308	805682	199	
Mangaldai		97	264421	920305	199	
Mangaluru		97	129172	748560	199	
Mangalvedha		97	175105	754471	199	
Manglaur		97	297909	778784	199	
Mango		97	228275	862164	199	
Mangrūl Pīr	mangrul pir	97	203138	773418	199	
Manihāri	manihari	97	253389	876200	199	
Manipal		97	133500	747833	199	
Manjeri		97	111202	761200	199	
Mankāchar	mankachar	97	255335	898637	199	
Manmād	manmad	97	202533	744376	199	
Mannachanallur		97	109099	786993	199	
Mannanchōri	mannanchori	97	95722	763524	199	
Mannargudi		97	106663	794506	199	
Mannārakkāt	mannarakkat	97	109922	764642	199	
Manoharpur		97	272977	759495	199	
Manuguru		97	179302	808267	199	
Manwath		97	193013	764974	199	
Manāsa	manasa	97	244776	751410	199	
Manāwar	manawar	97	222357	750892	199	
Mappilaiurani		97	88359	781352	199	
Mapusa		97	155915	738090	199	
Maradu		97	99365	763238	199	
Maraimalainagar		97	127978	800250	199	
Marakkanam		97	121921	799419	199	
Marampilly		97	101138	764418	199	
Marayur		97	102764	771620	199	
Margherita		97	272848	956680	199	
Marhaura		97	259735	848680	199	
Mariāhu	mariahu	97	256040	826038	199	
Mariāni	mariani	97	266572	943153	199	
Marutharōd	marutharod	97	107751	766995	199	
Masaurhi Buzurg		97	253542	850320	199	
Mathur		97	131710	802476	199	
Mathura		97	275035	776722	199	
Mattanur		97	119302	755715	199	
Mattigiri		97	126980	778083	199	
Mau		97	259417	835611	199	
Maudaha		97	256831	801142	199	
Mauganj		97	246672	818734	199	
Maur		97	300833	752500	199	
Mavoor		97	112667	759167	199	
Mawlai-Mawïong	mawlai-mawiong	97	256232	918818	199	
Mawāna	mawana	97	291029	779220	199	
Mayiladuthurai		97	111035	796550	199	
Mayyanād	mayyanad	97	88373	766450	199	
Mayāng Imphāl	mayang imphal	97	246100	938887	199	
Mechcheri		97	118341	779439	199	
Medak		97	180453	782608	199	
Medchal		97	176297	784814	199	
Meddappakkam		97	129166	801938	199	
Medininagar		97	240397	840658	199	
Medinīpur	medinipur	97	224211	873226	199	
Meenambakkam		97	129846	801747	199	
Meerut		97	289800	777064	199	
Mehidpur		97	234888	756580	199	
Mehkar		97	201505	765684	199	
Mehndāwal	mehndawal	97	269758	831100	199	
Mehsi		97	263557	850925	199	
Melmadai		97	99264	781503	199	
Melur		97	100324	783393	199	
Memāri	memari	97	231765	880975	199	
Merta		97	266486	740341	199	
Metpalle		97	188472	786256	199	
Mettupalayam		97	112997	769348	199	
Mettur		97	117880	778008	199	
Mharal Bk		97	192459	731771	199	
Mhaswad		97	176336	747877	199	
Mhow		97	225589	757654	199	
Milak		97	286103	791700	199	
Milavittan		97	88193	780909	199	
Mirganj		97	263734	843349	199	
Miryalaguda		97	168722	795625	199	
Mirzāpur	mirzapur	97	251449	825653	199	
Modāsa	modasa	97	234625	732986	199	
Moga		97	308138	751688	199	
Mohali		97	306800	767221	199	
Mokameh		97	253966	859219	199	
Mokokchūng	mokokchung	97	263248	945183	199	
Molārband	molarband	97	285030	773144	199	
Mon		97	267358	950584	199	
Monoharpur		97	221083	880789	199	
Moonniyur		97	110597	759031	199	
Moothakunnam		97	101900	762008	199	
Morena		97	264989	779953	199	
Morigaon		97	262491	923476	199	
Morinda		97	307901	764988	199	
Mormugao		97	153891	738149	199	
Morsi		97	213403	780126	199	
Morvi		97	228173	708377	199	
Morādābād	moradabad	97	288389	787768	199	
Morār	morar	97	262264	782248	199	
Mothīhāri	mothihari	97	266486	849166	199	
Motipur		97	262527	851608	199	
Mubarakpur		97	260887	832909	199	
Mudalgi		97	163368	749677	199	
Muddebihāl	muddebihal	97	163378	761317	199	
Mudgal		97	160119	764420	199	
Mudhol		97	163335	752830	199	
Mudkhed		97	191566	775030	199	
Mugalivakkam		97	130205	801653	199	
Mughal Sarāi	mughal sarai	97	252831	831197	199	
Muhamma		97	96089	763608	199	
Muhammadābād	muhammadabad	97	256191	837558	199	
Muhammadābād	muhammadabad	97	260340	833811	199	
Muhammadābād	muhammadabad	97	273090	794325	199	
Mukandpur		97	287394	771832	199	
Mukeriān	mukerian	97	319539	756172	199	
Mukher		97	187064	773679	199	
Muktsar		97	304743	745166	199	
Mulamthuruthy		97	99003	763870	199	
Mulavukad		97	100136	762631	199	
Mulbāgal	mulbagal	97	131635	783935	199	
Multai		97	217746	782576	199	
Mulugu		97	181910	799430	199	
Muluppilagadu		97	117979	754511	199	
Mumbai		97	190728	728826	199	
Mundargi		97	152068	758839	199	
Munderi		97	119303	754455	199	
Mungaoli		97	244084	780959	199	
Mungeli		97	220657	816854	199	
Munger		97	253746	864745	199	
Munnar		97	100882	770624	199	
Murlīganj	murliganj	97	258969	869958	199	
Murshidābād	murshidabad	97	241839	882717	199	
Murtajāpur	murtajapur	97	207330	773669	199	
Murugampālaiyam	murugampalaiyam	97	110806	773238	199	
Murwāra	murwara	97	238378	803940	199	
Murādnagar	muradnagar	97	287807	774986	199	
Murādābād Pahāri	muradabad pahari	97	285646	771513	199	
Mushābani	mushabani	97	225114	864571	199	
Musiri		97	109530	784443	199	
Mussoorie		97	304550	780707	199	
Mustafābād	mustafabad	97	287197	772678	199	
Muthupet		97	103950	794935	199	
Muthutala		97	108354	761596	199	
Muttanampālaiyam	muttanampalaiyam	97	110845	773969	199	
Muttayyāpuram	muttayyapuram	97	87498	781311	199	
Muvattupuzha		97	99799	765738	199	
Muzaffarnagar		97	294709	777033	199	
Muzaffarpur		97	261226	853906	199	
Mysuru		97	122979	766392	199	
Mācherla	macherla	97	164764	794353	199	
Māchhīwāra	machhiwara	97	309156	762002	199	
Mādāyi	madayi	97	120343	752378	199	
Māgadi	magadi	97	129571	772237	199	
Māler Kotla	maler kotla	97	305309	758795	199	
Mālpura	malpura	97	262838	753646	199	
Mālūr	malur	97	130032	779380	199	
Māmidālapādu	mamidalapadu	97	158541	780148	199	
Māndal	mandal	97	254413	745698	199	
Māndalgarh	mandalgarh	97	251941	750721	199	
Māndvi	mandvi	97	228328	693524	199	
Mānesar	manesar	97	283531	769404	199	
Māngrol	mangrol	97	211227	701148	199	
Māngrol	mangrol	97	253306	765097	199	
Māniyūr	maniyur	97	115522	756503	199	
Mānsa	mansa	97	299884	754017	199	
Mānsa	mansa	97	234256	726574	199	
Mānvi	manvi	97	159913	770503	199	
Mānāvadar	manavadar	97	214981	701378	199	
Māranchēri	marancheri	97	107405	759710	199	
Mārkāpur	markapur	97	157353	792685	199	
Mātābhānga	matabhanga	97	263420	892155	199	
Māvelikara	mavelikara	97	92593	765564	199	mavelikkara
Mīnjūr	minjur	97	132795	802582	199	
Mīnād	minad	97	88503	766952	199	
Mīrpeta	mirpeta	97	173210	785305	199	
Mīrānpur	miranpur	97	292903	779494	199	
Mīrānpur Katra	miranpur katra	97	280296	796678	199	
Mīthepur	mithepur	97	284974	773186	199	
Mūdbidri	mudbidri	97	130665	749952	199	
Mūkondapalli	mukondapalli	97	127514	778017	199	
Mūl	mul	97	200699	796783	199	
Mūndka	mundka	97	286801	770298	199	
Mūvattupula	muvattupula	97	99849	765773	199	
Nabīnagar	nabinagar	97	246068	841262	199	
Nadiād	nadiad	97	226938	728616	199	
Naduvannūr	naduvannur	97	114877	757751	199	
Naduvattam		97	108799	760020	199	
Nagalapuram		97	133884	797962	199	
Nagaon		97	263500	926667	199	
Nagapattinam		97	107638	798431	199	
Nagar		97	274240	770992	199	
Nagari		97	133214	795856	199	
Nagarukhra City		97	229394	886378	199	
Nagda		97	234583	754176	199	
Nagpur		97	211463	790849	199	
Nagīna	nagina	97	294443	784365	199	
Naharlagun		97	271047	936952	199	
Naihāti	naihati	97	228940	884152	199	
Nailā	naila	97	220207	825666	199	
Naini Tāl	naini tal	97	293974	794469	199	nainital
Nainpur		97	224300	801056	199	
Najafgarh		97	286092	769798	199	
Najībābād	najibabad	97	296119	783427	199	
Nakodar		97	311259	754751	199	
Nakrekal		97	171626	794275	199	
Naksalbāri	naksalbari	97	266827	882200	199	
Nakūr	nakur	97	299196	773044	199	
Nalambūr	nalambur	97	130867	801703	199	
Nalbāri	nalbari	97	264394	914404	199	
Nalgonda		97	170544	792671	199	
Nalhāti	nalhati	97	242970	878290	199	
Nallūr	nallur	97	111003	773914	199	
Nambol		97	246956	938197	199	
Nanded		97	191602	773150	199	
Nandigāma	nandigama	97	167717	802860	199	
Nandikotkūr	nandikotkur	97	158567	782657	199	
Nandurbar		97	213667	742405	199	
Nandyāl	nandyal	97	154780	784836	199	
Nangal		97	313897	763757	199	
Nangli Sakrawat		97	286217	769923	199	
Nanjangūd	nanjangud	97	121176	766840	199	
Nanminda		97	114232	758231	199	
Nannambra		97	109921	759080	199	
Napāsar	napasar	97	279606	735591	199	
Naraingarh		97	304780	771280	199	
Narakal		97	100383	762221	199	
Narasannapeta		97	184143	840446	199	
Narasapur		97	164342	816984	199	narasapuram
Narasaraopet		97	162349	800493	199	
Narasingapuram		97	116038	785778	199	
Naraura		97	282015	783872	199	
Narela		97	288527	770929	199	
Nargund		97	157230	753867	199	
Narkatiāganj	narkatiaganj	97	271038	844618	199	
Narmadapuram		97	227475	777274	199	
Narnaul		97	280444	761083	199	
Narsampet		97	179279	798923	199	
Narsimhapur		97	229494	791836	199	
Narsinghgarh		97	237076	770932	199	
Narsīpatnam	narsipatnam	97	176671	826124	199	
Narwāna	narwana	97	295990	761193	199	
Nashik		97	199973	737910	199	
Nasrullāhganj	nasrullahganj	97	226837	772707	199	
Nasīrābād	nasirabad	97	263047	747336	199	
Natham		97	102278	782297	199	
Nattakam		97	95453	765141	199	
Naubatpur		97	254986	849608	199	
Naugachhia		97	253881	870991	199	
Nautanwa		97	274275	834179	199	
Navadwīp	navadwip	97	234067	883686	199	nabadwip
Navalgund		97	155588	753530	199	
Navi Mumbai		97	190368	730158	199	
Navsari		97	209424	729247	199	
Navāpur	navapur	97	211616	737940	199	
Nawalgarh		97	278516	752738	199	
Nawanshahr		97	311245	761161	199	
Nawābganj	nawabganj	97	269313	811984	199	
Nawābganj	nawabganj	97	285410	796346	199	
Nawāda	nawada	97	248867	855436	199	
Nawāpāra	nawapara	97	209717	818588	199	
Naya Gaon		97	307752	767931	199	
Nedumangād	nedumangad	97	86027	770014	199	
Nedumbassery		97	101565	764017	199	
Nedumpana		97	89080	766930	199	
Neduva		97	110567	758668	199	
Neelankarai		97	129495	802592	199	
Neem ka Thana		97	277398	757865	199	
Nelamangala		97	130998	773936	199	
Nellikkuppam		97	117755	796702	199	
Nellore		97	144499	799870	199	
Nepānagar	nepanagar	97	214538	763934	199	
Ner		97	204897	778663	199	
Nerkunram		97	130619	802094	199	
Nerupperichchal		97	111610	773740	199	
New Delhi		97	286214	772148	199	
Neyveli		97	116088	794994	199	
Neyyāttinkara	neyyattinkara	97	83985	770859	199	
Ngūr	ngur	97	235380	933732	199	
Nidadavole		97	169057	816722	199	
Nihtaur		97	293242	783872	199	
Nilakottai		97	101650	778502	199	
Nilambūr	nilambur	97	112727	762257	199	
Nilanga		97	181168	767528	199	
Nildoh		97	211108	789892	199	
Nilithi		97	286520	770564	199	
Nimach		97	244595	748662	199	
Nipāni	nipani	97	163990	743828	199	
Nirmal		97	190968	783441	199	
Nithari		97	287049	770529	199	
Nivāri	nivari	97	253491	787997	199	
Niwai		97	263607	759184	199	
Nizāmābād	nizamabad	97	186715	780988	199	
Nohar		97	291829	747706	199	
Noida		97	285800	773300	199	
Nokha		97	275616	734714	199	
Nokha		97	251048	841162	199	
Nongstoin		97	255170	912648	199	
Nongthymmai		97	255637	919064	199	
North Lakhimpur		97	272352	941036	199	
Nowgong		97	250614	794412	199	
Nowrangapur		97	192311	825483	199	
Nowrozabad		97	233522	809806	199	
Nābha	nabha	97	303758	761529	199	
Nādbai	nadbai	97	272229	771957	199	
Nādāpuram	nadapuram	97	116846	756549	199	
Nāgar Karnūl	nagar karnul	97	164821	783247	199	
Nāgaur	nagaur	97	272020	737339	199	
Nāgercoil	nagercoil	97	81790	774323	199	
Nāgod	nagod	97	245692	805881	199	
Nāgāvaram	nagavaram	97	174886	786021	199	
Nāhan	nahan	97	305603	772943	199	
Nāmagiripettai	namagiripettai	97	114551	782682	199	
Nāmakkal	namakkal	97	112213	781652	199	
Nāndgaon	nandgaon	97	203068	746550	199	
Nāndūra	nandura	97	208342	764592	199	
Nāngloi Jāt	nangloi jat	97	286796	770680	199	
Nānjikkottai	nanjikkottai	97	107292	791424	199	
Nānpāra	nanpara	97	278646	815004	199	
Nārāinpur	narainpur	97	197179	812444	199	
Nārāyanpet	narayanpet	97	167480	774954	199	
Nāspur	naspur	97	188458	794617	199	
Nāsriganj	nasriganj	97	250514	843284	199	
Nāthdwāra	nathdwara	97	249380	738239	199	
Nāwa	nawa	97	270195	750023	199	
Nāyanakulam	nayanakulam	97	99612	781372	199	
Nāyudupet	nayudupet	97	139074	798946	199	
Nīlēshwar	nileshwar	97	122595	751352	199	
Nīmbāhera	nimbahera	97	246217	746800	199	
Nūrpur	nurpur	97	291496	784084	199	
Nūzvīd	nuzvid	97	167885	808459	199	
Obra		97	244186	829880	199	
Ochira		97	91348	765117	199	
Od		97	226210	731172	199	
Oddanchathiram		97	104801	777498	199	
Okha		97	224676	690700	199	
Olavanna		97	112184	758325	199	
Ongallur-II		97	107897	762190	199	
Ongole		97	155036	800445	199	
Ooty		97	114134	766952	199	udhagamandalam
Orai		97	259902	794533	199	
Othukkungal		97	110283	760290	199	
Ottapalam		97	107735	763776	199	
Ozar		97	200947	739282	199	
Pachgaon		97	166602	742274	199	
Pachor		97	237098	767339	199	
Pacode		97	83352	772136	199	
Padam		97	334666	768849	199	
Padmanābhapuram	padmanabhapuram	97	82446	773258	199	
Padra		97	222398	730845	199	
Padrauna		97	269040	839809	199	
Painkulam		97	82602	771740	199	
Paippad		97	94246	765848	199	
Paithan		97	194751	753856	199	
Pakridayal		97	265627	850452	199	
Pakur		97	246392	878424	199	
Palai		97	97131	766833	199	
Palakkad		97	107732	766537	199	
Palakollu		97	165167	817300	199	
Palani		97	104503	775209	199	
Palavakkam		97	129535	802572	199	
Palavansathu		97	128931	791344	199	
Paliā Kalān	palia kalan	97	284320	805814	199	
Palladam		97	109918	772863	199	
Pallappatti		97	107206	778795	199	
Pallichal		97	84498	770257	199	
Pallikal		97	111372	759257	199	
Pallikaranai		97	129377	802153	199	
Pallikonda		97	129052	789427	199	
Pallikunnu		97	118899	753565	199	
Pallipalayam		97	113652	777624	199	
Pallippatti		97	119399	784016	199	
Pallipuram		97	97550	763572	199	
Pallāvaram	pallavaram	97	129680	801502	199	
Palmaner		97	132000	787472	199	
Palwal		97	281447	773255	199	
Palwal Rural		97	281456	773513	199	
Palwancha		97	175815	806765	199	
Palāsa	palasa	97	187726	844101	199	
Pammal		97	129750	801347	199	
Panachikkad		97	95297	765406	199	
Panayāttur Vadakkumbhāgam	panayattur vadakkumbhagam	97	89546	766185	199	
Panchkula		97	306946	768504	199	
Pandharpur		97	176792	753310	199	
Pandua		97	230749	882864	199	
Panipat		97	293875	769682	199	
Panipat Taraf Ansar		97	294122	769547	199	
Panipat Taraf Makhdum Zadgan		97	294161	769883	199	
Panipat Taraf Rajputan		97	293609	769426	199	
Panjim		97	154957	738262	199	
Panna		97	247209	801877	199	
Panniyannūr	panniyannur	97	117486	755756	199	
Panruti		97	117766	795527	199	
Pantheeramkavu		97	112305	758518	199	
Panvel		97	189888	731101	199	
Panāgar	panagar	97	232854	799951	199	
Paralakhemundi		97	187762	840950	199	
Paramagudi		97	95463	785907	199	
Paramathi Velur		97	111916	779563	199	
Parangipettai		97	114912	797605	199	
Parappur		97	110121	759947	199	
Paravūr Tekkumbhāgam	paravur tekkumbhagam	97	87947	766680	199	
Parbhani		97	192686	767708	199	
Pariyāpuram	pariyapuram	97	110167	758667	199	
Parli Vaijnāth	parli vaijnath	97	188506	765316	199	
Parola		97	208810	751194	199	
Partūr	partur	97	195992	762154	199	
Parādīp Garh	paradip garh	97	203164	866085	199	
Parāsia	parasia	97	221913	787590	199	
Parūr	parur	97	101477	762300	199	
Pasan		97	231648	819286	199	
Pasān	pasan	97	228441	821982	199	
Patancheru		97	175333	782645	199	
Pathanāmthitta	pathanamthitta	97	92667	767833	199	
Pathirappally		97	95354	763220	199	
Pathānkot	pathankot	97	322748	756529	199	
Patiāla	patiala	97	303362	763922	199	
Patna		97	255941	851356	199	
Patran		97	299577	760486	199	
Patrātu	patratu	97	236650	853035	199	
Patti		97	312809	748585	199	
Pattiyūrgrāmam	pattiyurgramam	97	91774	765012	199	
Pattukkottai		97	104236	793195	199	
Pattāmbi	pattambi	97	108000	761841	199	
Patāmundai	patamundai	97	205781	865606	199	
Pauri		97	301529	787771	199	
Pawni		97	207923	796364	199	
Pawāyan	pawayan	97	280663	801030	199	
Payakaraopeta		97	173678	825683	199	
Payyanur		97	120935	752025	199	
Pedana		97	162558	811438	199	
Peddapalli		97	186136	793744	199	
Peddāpuram	peddapuram	97	170770	821384	199	
Pehlādpur Bāngar	pehladpur bangar	97	287506	770810	199	
Pehowa		97	299790	765825	199	
Pen		97	187373	730960	199	
Penugonda		97	166536	817455	199	
Perambalur		97	112333	788833	199	
Peranāmpattu	peranampattu	97	129343	787189	199	
Peravurani		97	102904	792016	199	
Peringathur		97	117137	755860	199	
Peringottupulam		97	110268	760987	199	
Perintalmanna		97	109772	762254	199	
Periya Semūr	periya semur	97	113609	776895	199	
Periyakulam		97	101227	775437	199	
Periyanayakkanpalaiyam		97	111526	769516	199	
Perumanna		97	112529	758906	199	
Perumbaikad		97	96183	765313	199	
Perumbavoor		97	101070	764737	199	
Perumpāvūr	perumpavur	97	101154	764761	199	
Perundurai		97	112756	775879	199	
Perungudi		97	129610	802409	199	
Perunkalattu		97	129182	800824	199	
Perunād	perunad	97	89490	766427	199	
Peruvallur		97	111048	759327	199	
Pethāpur	pethapur	97	232631	726739	199	
Petlād	petlad	97	224768	728000	199	
Phagwāra	phagwara	97	312245	757739	199	
Phalodi		97	271310	723683	199	
Phaltan		97	179911	744318	199	
Phillaur		97	310189	757911	199	
Phulbāni	phulbani	97	204810	842306	199	
Phulera		97	268740	752417	199	
Phulpur		97	255490	820895	199	
Phulwari Sharif		97	255776	850725	199	
Phusro		97	237564	860051	199	
Pidugurālla	piduguralla	97	164793	798863	199	
Pihānī	pihani	97	276199	802034	199	
Pilibangan		97	294496	741009	199	
Pilkhua		97	287127	776560	199	pilkhuwa
Pilāni	pilani	97	283672	756035	199	
Pimpri		97	186229	738070	199	
Pimpri-Chinchwad		97	186187	738037	199	
Pindwāra	pindwara	97	247975	730550	199	
Pinjaur		97	307987	769182	199	
Pipariā	piparia	97	227570	783550	199	
Pipri		97	207861	785936	199	
Piravam		97	98667	765000	199	
Piro		97	253322	844045	199	
Pirthīpur	pirthipur	97	252084	787516	199	
Pirāyiri	pirayiri	97	107652	766318	199	
Pithampur		97	226020	756965	199	
Pithorāgarh	pithoragarh	97	295835	802095	199	
Pithāpuram	pithapuram	97	171168	822528	199	
Podaturpet		97	132817	794854	199	
Podili		97	156064	796149	199	
Pokaran		97	269201	719163	199	
Polasara		97	196939	848140	199	
Polavaram		97	172475	816437	199	
Polichalur		97	129891	801418	199	
Pollachi		97	106582	770085	199	
Polūr	polur	97	125122	791240	199	
Ponda		97	154034	740152	199	
Ponmana		97	90080	765202	199	
Ponmundam		97	109536	759468	199	
Ponneri		97	133387	801949	199	
Ponnur		97	160711	805494	199	
Ponnāni	ponnani	97	107670	759252	199	
Ponnūru	ponnuru	97	160655	805520	199	
Poonamalle		97	130489	801149	199	
Poranki		97	164777	807076	199	
Porbandar		97	216422	696093	199	
Porsa		97	266744	783708	199	
Port Blair		97	116661	927464	199	
Porur		97	130356	801582	199	
Pottaneri Nallakavundanpatti		97	118039	778567	199	
Pratāpgarh	pratapgarh	97	240322	747816	199	
Prayagraj		97	254448	818432	199	
Proddatūr	proddatur	97	147502	785481	199	
Prāntij	prantij	97	234361	728448	199	
Puducherry		97	119338	798298	199	
Pudukkottai		97	103813	788214	199	
Pugalūr	pugalur	97	110740	780210	199	
Pujali		97	224679	881452	199	
Pukhrāyān	pukhrayan	97	262238	798374	199	
Pul Pehlad		97	284994	772910	199	
Pulgaon		97	207220	783206	199	
Pulivendla		97	144214	782250	199	
Puliyankudi		97	91749	773980	199	
Punalūr	punalur	97	90196	769226	199	
Pune		97	185196	738554	199	
Punganūru	punganuru	97	133667	785719	199	
Punāsa	punasa	97	222351	763934	199	
Puri		97	197982	858249	199	
Purnia		97	257789	874742	199	
Puruliya		97	233306	863630	199	
Purwā	purwa	97	264576	807740	199	
Purāini	puraini	97	251426	869797	199	
Pusad		97	199127	775784	199	
Pushkar		97	264902	745521	199	
Puthencruz		97	99773	764105	199	
Puthenvelikara		97	101851	762454	199	
Puthuppally		97	95575	765748	199	
Puthuppariyāram	puthuppariyaram	97	108131	766287	199	
Puttankulam		97	88138	767179	199	
Puttūr	puttur	97	134419	795531	199	
Puttūr	puttur	97	127598	752017	199	
Puzhal		97	131648	802038	199	
Puzhathi		97	119011	753892	199	
Pāchora	pachora	97	206673	753530	199	
Pādiyanallūr	padiyanallur	97	132004	801761	199	
Pākāla	pakala	97	134490	791149	199	
Pālanpur	palanpur	97	241713	724383	199	
Pālghar	palghar	97	196969	727654	199	
Pāli	pali	97	257728	733234	199	
Pāli	pali	97	233645	810437	199	
Pālitāna	palitana	97	215252	718231	199	
Pālkonda	palkonda	97	186037	837557	199	
Pāloncha	paloncha	97	176018	807051	199	
Pāmpur	pampur	97	340152	749190	199	
Pānakkudi	panakkudi	97	83220	775771	199	
Pānchla	panchla	97	225367	881378	199	
Pāndharkawada	pandharkawada	97	200211	785463	199	
Pāndhurnā	pandhurna	97	215956	785263	199	
Pānihāti	panihati	97	226909	883740	199	
Pāonta Sāhib	paonta sahib	97	304367	776246	199	
Pāppinisshēri	pappinissheri	97	119566	753403	199	
Pāppākurichchi	pappakurichchi	97	108137	787481	199	
Pārassāla	parassala	97	83387	771542	199	
Pārdi	pardi	97	205087	729457	199	
Pārvatipuram	parvatipuram	97	187839	834257	199	
Pāsighāt	pasighat	97	280663	953268	199	
Pātan	patan	97	238507	721296	199	
Pāthardi	pathardi	97	191728	751742	199	
Pāthardih	pathardih	97	236658	864317	199	
Pāthri	pathri	97	192588	764341	199	
Pātūr	patur	97	204609	769373	199	
Pāvugada	pavugada	97	140995	772802	199	
Pīleru	pileru	97	136558	789385	199	
Pīlibhīt	pilibhit	97	286312	798044	199	
Pīpri	pipri	97	197937	755352	199	
Pīpār	pipar	97	263844	735439	199	
Pīrzādagūda	pirzadaguda	97	173946	785905	199	
Pūlakkōd	pulakkod	97	113098	759500	199	
Pūnch	punch	97	337703	740925	199	
Pūndri	pundri	97	297610	765603	199	
Pūnāhāna	punahana	97	278637	772043	199	
Pūranpur	puranpur	97	285128	801483	199	
Pūrna	purna	97	191817	770257	199	
Pūth Kalān	puth kalan	97	287116	770789	199	
Pūvātūparamba	puvatuparamba	97	112710	758894	199	
Qadian		97	318220	753766	199	
Quthbullapur		97	175011	784582	199	
Rabkavi		97	164757	751106	199	
Rabkavi-Banhatti		97	164700	751200	199	
Raebareli		97	262309	812332	199	
Rafiganj		97	248176	846344	199	
Raghunathpur		97	235388	866735	199	
Rahata		97	197166	744811	199	
Raigarh		97	218976	833966	199	
Raipur		97	212333	816333	199	
Rairangpur		97	222667	861738	199	
Raisen		97	233303	777811	199	
Rajakilpakkam		97	129194	801697	199	
Rajamahendravaram		97	170052	817778	199	rajahmundry
Rajaori		97	333753	743092	199	
Rajapalayam		97	94530	775534	199	
Rajauli		97	246449	855003	199	
Rajgangpur		97	222000	845830	199	
Rajpur Sonarpur		97	224382	884320	199	
Rajpura		97	304786	765928	199	
Rajākheri	rajakheri	97	238593	787852	199	
Ramagundam		97	187550	794740	199	
Ramanathapuram		97	93716	788308	199	
Ramanattukara		97	111780	758689	199	
Ramanayyapeta		97	169452	822385	199	
Ramapuram		97	130318	801824	199	
Rameswaram		97	92885	793127	199	
Rampachodavaram		97	174409	817756	199	
Rampur Hat		97	241774	877827	199	
Rampura Phul		97	302756	752425	199	
Ranchi		97	233432	853094	199	
Ranebennur		97	146224	756295	199	
Rangia		97	264493	916136	199	
Ranjangaon S		97	198440	752148	199	
Rasapūdipalem	rasapudipalem	97	177331	833162	199	
Rasipuram		97	114601	781864	199	
Rasrā	rasra	97	258576	838549	199	
Ratangarh		97	280814	746185	199	
Ratanpur		97	222866	821682	199	
Ratia		97	296903	755769	199	
Ratlām	ratlam	97	233303	750403	199	
Ratnagiri		97	169915	733102	199	
Raurkela Industrial Township		97	221999	848618	199	
Raxaul		97	269798	848506	199	
Rayachoti		97	140572	787506	199	
Reddipālaiyam	reddipalaiyam	97	131078	801206	199	
Reengus		97	273636	755684	199	
Rehli		97	236372	790627	199	
Remuna		97	215280	868716	199	
Renigunta		97	136514	795126	199	
Renukūt	renukut	97	242164	830358	199	renukoot
Renwāl	renwal	97	271577	753581	199	
Reoti		97	258509	843778	199	
Repalle		97	160184	808296	199	
Revelganj		97	257898	846360	199	
Rewa		97	245326	812923	199	
Rewāri	rewari	97	281990	766183	199	
Rishra		97	227239	883456	199	
Rishīkesh	rishikesh	97	301078	782926	199	
Risod		97	199767	767880	199	
Robertsganj		97	246886	830678	199	
Robertsonpet		97	129563	782754	199	
Roha		97	184369	731196	199	
Rohini		97	287432	770678	199	
Rohtak		97	288945	765892	199	
Ron		97	156994	757341	199	
Roorkee		97	298663	778912	199	
Ropar		97	309690	765270	199	
Rosera		97	257549	860316	199	
Roshanpura		97	286006	769892	199	
Rourkela		97	222250	848641	199	
Rudrapur		97	289800	794000	199	
Rusera		97	257536	860260	199	
Rādhanpur	radhanpur	97	238324	716047	199	
Rāghogarh	raghogarh	97	244432	771977	199	
Rāhatgarh	rahatgarh	97	237897	783947	199	
Rāhuri	rahuri	97	193907	746498	199	
Rāichūr	raichur	97	162055	773557	199	
Rāiganj	raiganj	97	256128	881245	199	
Rāikot	raikot	97	306500	756000	199	
Rāipur	raipur	97	303110	780898	199	
Rāisinghnagar	raisinghnagar	97	295358	734492	199	
Rāj-Nāndgaon	raj-nandgaon	97	210969	810289	199	
Rājaldesar	rajaldesar	97	280285	744744	199	
Rājgarh	rajgarh	97	286420	753861	199	
Rājgarh	rajgarh	97	240083	767325	199	
Rājgarh	rajgarh	97	272373	766224	199	
Rājgurunagar	rajgurunagar	97	188667	739000	199	
Rājgīr	rajgir	97	250283	854208	199	
Rājkot	rajkot	97	222916	707932	199	
Rājmahal	rajmahal	97	250530	878305	199	
Rājpīpla	rajpipla	97	218667	735000	199	
Rājsamand	rajsamand	97	250714	738798	199	
Rājula	rajula	97	210385	714434	199	
Rājākhera	rajakhera	97	268980	781710	199	
Rājūra	rajura	97	197795	793646	199	
Rāmachandrapuram	ramachandrapuram	97	168364	820287	199	
Rāman	raman	97	299504	749785	199	
Rāmavarappādu	ramavarappadu	97	165209	806808	199	
Rāmdurg	ramdurg	97	159458	752978	199	
Rāmganj Mandi	ramganj mandi	97	246465	759433	199	
Rāmgarh	ramgarh	97	236303	855216	199	
Rāmgarh	ramgarh	97	281710	749797	199	
Rāmgarh	ramgarh	97	272510	751789	199	
Rāmgundam	ramgundam	97	188008	794521	199	
Rāmnagar	ramnagar	97	293925	791283	199	
Rāmnagar	ramnagar	97	271637	843234	199	
Rāmnagar	ramnagar	97	252691	830297	199	
Rāmpur	rampur	97	288101	790270	199	
Rāmpur	rampur	97	298062	774525	199	
Rāmpura	rampura	97	302560	752412	199	
Rāmtek	ramtek	97	213956	793273	199	
Rāmāpuram	ramapuram	97	131009	791841	199	
Rānia	rania	97	295245	748369	199	
Rāniganj	raniganj	97	174284	784936	199	
Rānipet	ranipet	97	129247	793333	199	
Rānāghāt	ranaghat	97	231762	885667	199	
Rānāvāv	ranavav	97	216873	697448	199	
Rānīganj	raniganj	97	236164	871306	199	
Rāpar	rapar	97	235727	706472	199	
Rāth	rath	97	255947	795666	199	
Rātu	ratu	97	234204	852146	199	
Rāver	raver	97	212476	760351	199	
Rāvu	ravu	97	226373	758147	199	
Rāwatbhāta	rawatbhata	97	249298	755921	199	
Rāwatsār	rawatsar	97	292672	744029	199	
Rāyadrug	rayadrug	97	146997	768524	199	
Rāyagada	rayagada	97	191713	834143	199	
Rāzampeta	razampeta	97	141954	791590	199	
Rāzām	razam	97	184491	836596	199	
Rūdarpur	rudarpur	97	264447	836130	199	
Sabalgarh		97	262492	774079	199	
Sachīn	sachin	97	210872	728815	199	
Sadalgi		97	165587	745321	199	
Sadasivpet		97	176192	779526	199	
Sadulshahar		97	299087	741757	199	
Sadābād	sadabad	97	274382	780376	199	
Safidon		97	294060	766704	199	
Safīpur	safipur	97	267378	803435	199	
Sagauli		97	267639	847434	199	
Saharsa		97	258750	865961	199	
Sahaspur		97	291212	786227	199	
Sahaswān	sahaswan	97	280723	787508	199	
Sahāranpur	saharanpur	97	299679	775452	199	
Sahāwar	sahawar	97	277960	788337	199	
Saidpur		97	255375	832238	199	
Saiha		97	224918	929814	199	
Saint Thomas Mount		97	130033	801961	199	
Sainthia		97	239483	876804	199	
Sakleshpur		97	129412	757847	199	
Saknepalli		97	189286	794571	199	
Sakri		97	209910	743148	199	
Saktī	sakti	97	220266	829609	199	
Salem		97	116538	781554	199	
Salāya	salaya	97	223104	696038	199	
Sambalpur		97	214653	839757	199	
Sambhal		97	285850	785696	199	
Samthar		97	258435	789068	199	
Samālkha	samalkha	97	292355	770127	199	
Samāna	samana	97	301540	761985	199	
Samāstipur	samastipur	97	258622	857795	199	
Sanaur		97	303018	764579	199	
Sancoale		97	153779	739035	199	
Sandīla	sandila	97	270699	805150	199	
Sandūr	sandur	97	150861	765469	199	
Sangamner		97	195678	742115	199	
Sangariā	sangaria	97	297989	744668	199	
Sangod		97	249271	762865	199	
Sangrūr	sangrur	97	302451	758449	199	
Sangāreddi	sangareddi	97	176248	780867	199	
Sankagiri		97	114760	778664	199	
Sankarankovil		97	91705	775411	199	
Sankarapatti		97	100477	787472	199	
Sankeshwar		97	162565	744820	199	
Sanāwad	sanawad	97	221739	760699	199	
Saoner		97	213851	789216	199	
Sarapāka	sarapaka	97	176913	808700	199	
Sardhana		97	291455	776143	199	
Sardārshahr	sardarshahr	97	284406	744910	199	
Sarjamda		97	227476	862257	199	
Sarkhej		97	229830	725020	199	
Sasarām	sasaram	97	249494	840165	199	
Satara		97	176859	739933	199	
Sathupalli		97	172497	808690	199	
Sathyamangalam		97	115053	772383	199	
Satna		97	245773	808272	199	
Sattenapalle		97	163938	801522	199	
Sattur		97	93559	779246	199	
Satānā	satana	97	205948	742030	199	
Saugor		97	238388	787387	199	
Saunda		97	236645	853269	199	
Saundatti		97	157662	751178	199	
Sausar		97	216558	787967	199	
Savanūr	savanur	97	149734	753372	199	
Savarkundla		97	213373	713035	199	
Sawai Madhopur		97	260230	763441	199	
Secunderabad		97	175043	785426	199	
Sedam		97	171786	772900	199	
Sehore		97	232000	770833	199	
Selu		97	194551	764407	199	
Senapparetti		97	109625	781132	199	
Sendhwa		97	216856	750962	199	
Seohāra	seohara	97	292090	785884	199	
Seondha		97	261542	787812	199	
Seoni		97	220850	795504	199	
Seoni Mālwa	seoni malwa	97	224505	774665	199	
Serilingampalle		97	174931	783020	199	
Sevilimedu		97	128083	796864	199	
Shafi Pur Ranhola		97	286573	770400	199	
Shahbazpur		97	263051	872886	199	
Shahdol		97	232936	813619	199	
Shahuwadi		97	169099	739465	199	
Shamshabad		97	172519	784184	199	
Shamsābād	shamsabad	97	270172	781236	199	
Shamsābād	shamsabad	97	275371	794380	199	
Shegaon		97	207932	766992	199	
Sheikhpura		97	251399	858410	199	
Shendurjana		97	215249	782835	199	
Shenkottai		97	89774	772463	199	
Sheoganj		97	251392	730678	199	
Sheohar		97	265139	852934	199	
Sheopur		97	256647	766962	199	
Sherghāti	sherghati	97	245595	847916	199	
Sherkot		97	293270	785743	199	
Shertallai		97	96858	763400	199	
Shiggaon		97	149905	752250	199	
Shikaripura		97	142698	753564	199	
Shikohābād	shikohabad	97	271080	785866	199	
Shikārpūr	shikarpur	97	282807	780141	199	
Shillong		97	255689	918831	199	
Shimla		97	311044	771666	199	
Shiraguppi		97	166188	747091	199	
Shirdi		97	197662	744774	199	
Shirpur		97	213482	748804	199	
Shivaji Nagar		97	185302	738526	199	
Shivamogga		97	139316	755679	199	
Shivpur Charcha		97	233289	825281	199	
Shivpuri		97	254238	776622	199	
Sholapur		97	176715	759104	199	solapur
Sholavandan		97	100216	779609	199	
Sholinganallur		97	128900	802313	199	
Sholinghur		97	131181	794202	199	
Shorāpur	shorapur	97	165210	767574	199	
Shrirampur		97	196220	746570	199	
Shrīgonda	shrigonda	97	186153	746990	199	
Shrīrangapattana	shrirangapattana	97	124226	766844	199	
Shrīrāmpur	shrirampur	97	227528	883422	199	serampore
Shujālpur	shujalpur	97	234067	767098	199	
Shyamnagar		97	228333	883667	199	
Shāhganj	shahganj	97	260496	826842	199	
Shāhjānpur	shahjanpur	97	278816	799092	199	shahjahanpur
Shāhpur	shahpur	97	166960	768422	199	
Shāhpura	shahpura	97	273912	759596	199	
Shāhpura	shahpura	97	256209	749249	199	
Shāhābād	shahabad	97	276431	799402	199	
Shāhābād	shahabad	97	171307	769436	199	
Shāhābād	shahabad	97	301678	768705	199	
Shāhābād	shahabad	97	285668	790096	199	
Shāhāda	shahada	97	215454	744711	199	
Shājāpur	shajapur	97	234264	762778	199	
Shāmgarh	shamgarh	97	241882	756390	199	
Shāmli	shamli	97	294497	773096	199	
Shāntipur	shantipur	97	232472	884330	199	
Shīshgarh	shishgarh	97	287293	793147	199	
Shōranūr	shoranur	97	107618	762708	199	
Sibsāgar	sibsagar	97	269843	946378	199	
Siddhapur		97	239178	723721	199	
Siddipet		97	181048	788486	199	
Sidhaulī	sidhauli	97	272820	808345	199	
Sidhi		97	244038	818795	199	
Sidlaghatta		97	133890	778644	199	
Sihor		97	217113	719618	199	
Sihorā	sihora	97	234871	801040	199	
Sijua		97	237762	863303	199	
Sikandarpur		97	260433	840530	199	
Sikandarābād	sikandarabad	97	284523	777000	199	sikandrabad
Sikandra Rao		97	276886	783798	199	
Sikka		97	224322	698416	199	
Silao		97	250836	854280	199	
Silapathar		97	275944	947240	199	
Silchar		97	248273	927979	199	
Siliguri		97	267100	884285	199	
Sillod		97	203030	756528	199	
Silvassa		97	202739	729967	199	
Simdega		97	226152	845021	199	
Sindgi		97	169188	762337	199	
Sindhnūr	sindhnur	97	157698	767558	199	
Singrauli		97	241997	826754	199	
Singānallūr	singanallur	97	109990	770324	199	
Singāpur	singapur	97	174698	781257	199	
Sinnar		97	198450	739987	199	
Siraspur		97	287582	771309	199	
Sirhind		97	306432	763842	199	
Sirohi		97	248884	728479	199	
Sironj		97	241031	776906	199	
Sirsa		97	295349	750290	199	
Sirsi		97	146207	748355	199	
Sirsi		97	286392	786430	199	
Sirsilla		97	183886	788105	199	
Sirsāganj	sirsaganj	97	270572	786866	199	
Siruguppa		97	156300	768922	199	
Sirūr	sirur	97	188276	743748	199	
Sisauli		97	301430	772596	199	
Sitārganj	sitarganj	97	289293	797044	199	
Siuliban		97	237486	867848	199	
Siuri		97	239081	875277	199	
Sivaganga		97	98470	784836	199	
Sivagiri		97	93446	774291	199	
Sivakasi		97	94500	777980	199	
Siwān	siwan	97	262210	843561	199	
Siwāna	siwana	97	256515	724224	199	
Sohna		97	282474	770654	199	
Sohāgpur	sohagpur	97	227006	781952	199	
Sojat		97	259249	736663	199	
Solan		97	309091	771087	199	
Someshwar		97	134911	750665	199	
Sonepur		97	256961	851667	199	
Songadh		97	211697	735636	199	
Sonāmukhi	sonamukhi	97	233052	874134	199	
Sonīpat	sonipat	97	289948	770194	199	
Sopur		97	342867	744723	199	
Soro		97	212785	866883	199	
Soron		97	278906	787462	199	
Soygaon		97	205961	756176	199	
Soyāgaon	soyagaon	97	205525	745069	199	
Soyībug	soyibug	97	340768	747057	199	
Sreekaryam		97	85488	769172	199	
Sri Dūngargarh	sri dungargarh	97	280962	740087	199	
Sri Ganganagar		97	299201	738750	199	
Sri Mādhopur	sri madhopur	97	274660	755974	199	
Srikakulam		97	182989	838975	199	
Srikalahasti		97	137551	797014	199	
Srinagar		97	340856	748056	199	
Srisailam Project RFC Township		97	160733	788741	199	
Srivilliputhur		97	95127	776337	199	
Srvanampatti		97	110764	770045	199	
Srīkandamangalam	srikandamangalam	97	96594	763634	199	
Srīnivāspur	srinivaspur	97	133391	782118	199	
Srīperumbūdūr	sriperumbudur	97	129676	799420	199	
Srīsailain	srisailain	97	160722	788682	199	
Sujānpur	sujanpur	97	323162	756074	199	
Suket		97	246461	760417	199	
Sultan Pur Majra		97	286897	770765	199	
Sultānganj	sultanganj	97	252383	867356	199	
Sultānpur	sultanpur	97	262579	820727	199	
Sulur		97	110243	771256	199	
Sumerpur		97	251543	730816	199	
Sunabeda		97	187284	828293	199	
Sundarnagar		97	315352	769050	199	
Sundergarh		97	221167	840333	199	
Sunām	sunam	97	301288	757994	199	
Supaul		97	261153	865951	199	
Surat		97	211959	728302	199	
Suratgarh		97	293215	738998	199	
Surendranagar		97	227271	716486	199	
Suriāpet	suriapet	97	171405	796204	199	
Suryaraopeta		97	169996	822232	199	
Sutrāpāra	sutrapara	97	208435	704832	199	
Suār	suar	97	290284	790565	199	
Sādatpur Gujran	sadatpur gujran	97	287283	772482	199	
Sādpalli	sadpalli	97	172100	808364	199	
Sādri	sadri	97	251856	734529	199	
Sāgar	sagar	97	141650	750290	199	
Sāgwāra	sagwara	97	236795	740201	199	
Sāhibganj	sahibganj	97	252442	876348	199	
Sāhibganj	sahibganj	97	263083	849270	199	
Sāhibābād Daulotpur	sahibabad daulotpur	97	287470	771146	199	
Sālūr	salur	97	185172	832055	199	
Sāmalkot	samalkot	97	170568	821764	199	
Sāmba	samba	97	325624	751199	199	
Sāmbhar	sambhar	97	269081	751914	199	
Sānand	sanand	97	229923	723818	199	
Sānchor	sanchor	97	247536	717728	199	
Sāndi	sandi	97	272887	799519	199	
Sānehwāl	sanehwal	97	308413	759855	199	
Sāngaria	sangaria	97	261887	730265	199	
Sāngli	sangli	97	168544	745642	199	
Sāngola	sangola	97	174395	751938	199	
Sānkrāil	sankrail	97	225500	882252	199	
Sārangpur	sarangpur	97	235665	764731	199	
Sārni	sarni	97	221032	781716	199	
Sāsvad	sasvad	97	183435	740310	199	
Sāvantvādi	savantvadi	97	159041	738219	199	
Sīkar	sikar	97	276121	751400	199	
Sīra	sira	97	137416	769043	199	
Sīrkāzhi	sirkazhi	97	112372	797358	199	
Sītāmarhi	sitamarhi	97	265936	854906	199	
Sītāpur	sitapur	97	275619	806826	199	
Sōmēshvara	someshvara	97	128035	748647	199	
Sūjāngarh	sujangarh	97	277000	744667	199	
Sūlūru	suluru	97	137000	800167	199	
Sūrajgarh	surajgarh	97	283100	757327	199	
Sūrampatti	surampatti	97	113273	777112	199	
Sūrandai	surandai	97	89757	774192	199	
Sūryampālaiyam	suryampalaiyam	97	114044	777123	199	
Tadpatri		97	149083	780103	199	
Taj Pul		97	284948	773059	199	
Talakkolattur		97	113537	757580	199	
Talakkād	talakkad	97	108846	759309	199	
Talattala		97	88738	766716	199	
Talegaon Dābhāde	talegaon dabhade	97	187350	736756	199	
Talikkulam		97	104404	760948	199	
Taliparamba		97	120416	753593	199	
Taloda		97	215613	742124	199	
Talwāra	talwara	97	319376	758866	199	
Talāja	talaja	97	213527	720352	199	
Tambaram		97	129246	801271	199	
Tamlūk	tamluk	97	223008	879259	199	
Tammampatti		97	114413	784887	199	
Tandur		97	172485	775770	199	
Tanuku		97	167544	816814	199	
Tapa		97	302979	753694	199	
Tarakeswar		97	228860	880136	199	
Tarikere		97	137095	758138	199	
Tarn Taran		97	314519	749278	199	
Tarsadi		97	214700	729521	199	
Tarāna	tarana	97	233338	760425	199	
Tattānkuttai	tattankuttai	97	114352	777237	199	
Teghra		97	254904	859400	199	
Tehri		97	303909	784803	199	
Tekkalakote		97	155344	768770	199	
Tekkali		97	186057	842355	199	
Tekāri	tekari	97	249425	848427	199	
Tellicherry		97	117481	754929	199	thalassery
Teni		97	100112	774777	199	theni
Tennala		97	109934	759350	199	
Terdāl	terdal	97	164938	750467	199	
Tezpur		97	266333	928000	199	
Thakurdwara		97	291920	788614	199	
Thanjavur		97	107852	791391	199	
Thanneermukkom		97	96634	763807	199	
Tharangambadi		97	110276	798542	199	
Tharād	tharad	97	243960	716258	199	
Thazhecode		97	113226	759758	199	
Thenali		97	162425	806398	199	
Thenhippalam		97	111323	758822	199	
Thenkasi		97	89600	773153	199	
Thirunavaya		97	108746	759855	199	
Thiruthani		97	131759	796164	199	
Thiruthuraipoondi		97	105282	796327	199	
Thiruvananthapuram		97	84855	769492	199	
Thiruvankulam		97	99468	763666	199	
Thiruvarur		97	107727	796368	199	
Thodiyoor		97	90780	765777	199	
Thodupuzha		97	98939	767222	199	
Thoothukudi		97	87674	781342	199	
Thottada		97	118385	754208	199	
Thoubāl	thoubal	97	246388	939964	199	
Thrissur		97	105167	762167	199	
Thuraiyur		97	111480	785991	199	
Thān	than	97	225742	711994	199	
Thāna Bhawan	thana bhawan	97	295860	774181	199	
Thāne	thane	97	191970	729636	199	
Thānesar	thanesar	97	299732	768321	199	
Tifrā	tifra	97	220631	821313	199	
Tighri		97	285122	772408	199	
Tijāra	tijara	97	279341	768554	199	
Tikkotti		97	114833	756167	199	
Tilda Newra		97	215532	818019	199	
Tilhar		97	279628	797383	199	
Timurni		97	223712	772274	199	
Tindivanam		97	122340	796555	199	
Tinnanūr	tinnanur	97	131145	800271	199	
Tinsukia		97	274890	953599	199	
Tiptūr	tiptur	97	132563	764777	199	
Tirkadavūr	tirkadavur	97	89240	765910	199	
Tirorā	tirora	97	214041	799262	199	
Tiruchanur		97	136073	794486	199	
Tiruchchendur		97	84972	781191	199	
Tiruchengode		97	113802	778944	199	
Tiruchirappalli		97	108155	786965	199	
Tirukkalikkunram		97	126080	800555	199	
Tirukkoyilur		97	119662	792026	199	
Tirumangalam		97	98231	779838	199	
Tirumuruganpūndi	tirumuruganpundi	97	111649	773084	199	
Tirunelveli		97	87274	776838	199	
Tirupati		97	136355	794199	199	
Tirupati NMA		97	136323	794857	199	
Tirupattur		97	124924	785680	199	
Tirupparangunram		97	98815	780731	199	
Tiruppur		97	111154	773546	199	tirupur
Tiruppuvanam		97	98256	782579	199	
Tirur		97	109137	759212	199	
Tiruttangal		97	94833	778333	199	
Tiruvalla		97	93816	765749	199	
Tiruvallur		97	131438	799089	199	
Tiruvannamalai		97	122266	790746	199	
Tiruverumbūr	tiruverumbur	97	107937	787690	199	
Tiruvottiyūr	tiruvottiyur	97	131582	803018	199	
Tirāwari	tirawari	97	298015	769282	199	
Tirūrangādi	tirurangadi	97	110432	759234	199	
Tisaiyanvilai		97	83370	778678	199	
Titlāgarh	titlagarh	97	202896	831523	199	
Tittagudi		97	114072	791222	199	
Titāgarh	titagarh	97	227425	883733	199	
Todabhim		97	269167	768167	199	
Todaraisingh		97	260240	754818	199	
Tohāna	tohana	97	297133	759044	199	
Tondalam		97	115014	763498	199	
Tonk		97	261664	757882	199	
Trikarpūr South	trikarpur south	97	121165	751852	199	
Trikonavattam		97	88899	766659	199	
Triparappu		97	83948	772659	199	
Triprangod		97	108422	759486	199	
Tripunittura		97	99428	763333	199	
Trittāla	trittala	97	108030	761288	199	
Tudiyalūr	tudiyalur	97	110816	769446	199	
Tuensang		97	262670	948242	199	
Tuljāpur	tuljapur	97	180080	760701	199	
Tulsīpur	tulsipur	97	275337	824165	199	
Tumkūr	tumkur	97	133414	771022	199	tumakuru
Tumsar		97	213833	797333	199	
Tuni		97	173590	825461	199	
Tura		97	255142	902024	199	
Turaiyūr	turaiyur	97	111497	785987	199	
Tuvāgudi	tuvagudi	97	107472	788213	199	
Tādepalle	tadepalle	97	164833	806000	199	
Tādepallegūdem	tadepallegudem	97	168147	815272	199	
Tāki	taki	97	225887	889325	199	
Tālcher	talcher	97	209493	852335	199	
Tālīkota	talikota	97	164731	763108	199	
Tānda	tanda	97	289762	789419	199	
Tāndoni	tandoni	97	109261	780941	199	
Tāndā	tanda	97	265495	826584	199	
Tānālūr	tanalur	97	109515	759096	199	
Tāoru	taoru	97	282117	769498	199	
Tāramangalam	taramangalam	97	116940	779704	199	
Tārānagar	taranagar	97	286686	750321	199	
Tāsgaon	tasgaon	97	170370	746017	199	
Tīkamgarh	tikamgarh	97	247433	788306	199	
Tūndla	tundla	97	272146	782368	199	
Tūnēri	tuneri	97	116970	756349	199	
Ubaidullāhganj	ubaidullahganj	97	229983	775862	199	
Udaipur		97	245858	737135	199	
Udaipur		97	235333	914833	199	
Udaipur		97	277230	754718	199	
Udaipurwati		97	277301	754716	199	
Udgīr	udgir	97	183926	771176	199	
Udhampur		97	329243	751357	199	
Udumalaippettai		97	105881	772478	199	
Udupi		97	133347	747462	199	
Ugrākheri	ugrakheri	97	293780	770093	199	
Ujhāni	ujhani	97	280031	790082	199	
Ujjain		97	231824	757764	199	
Ukhrul		97	251196	943642	199	
Ulhasnagar		97	192167	731500	199	
Uliyazhathura		97	85816	769224	199	
Ullagaram		97	129790	801970	199	
Ullal		97	128057	748606	199	
Ulliyeri		97	114525	757666	199	
Uluberiya		97	224756	880990	199	
Ulundurpet		97	116910	792873	199	
Umarga		97	178384	766233	199	
Umargām	umargam	97	201972	727504	199	
Umaria		97	235247	808372	199	
Umarkhed		97	196014	776888	199	
Umarkot		97	196653	822063	199	
Umarsera		97	203714	781234	199	
Umred		97	208540	793247	199	
Umreth		97	226988	731156	199	
Un		97	238874	717698	199	
Una		97	208232	710380	199	
Unamaucheri		97	128608	801066	199	
Unchagao		97	166975	742732	199	
Unjha		97	238037	723910	199	
Unnamalaikadai		97	82996	772406	199	
Unnāo	unnao	97	265471	804878	199	
Upleta		97	217402	702826	199	
Uppal Kalan		97	174058	785591	199	
Urakam		97	110512	759883	199	
Uran		97	188781	729392	199	
Uravakonda		97	149435	772549	199	
Urmar		97	316814	756355	199	
Urun-Islāmpur	urun-islampur	97	170500	742667	199	
Usilampatti		97	99694	777862	199	
Utraula		97	273193	824187	199	
Uttamapālaiyam	uttamapalaiyam	97	98070	773272	199	
Uttiramerūr	uttiramerur	97	126143	797575	199	
Vadakkanandal		97	117817	788354	199	
Vadakku Valliyūr	vadakku valliyur	97	83829	776122	199	
Vadanappally		97	104690	760813	199	
Vadavalli		97	110247	768973	199	
Vadgaon		97	203759	781126	199	
Vadipatti		97	100848	779611	199	
Vadnagar		97	237859	726389	199	
Vadodara		97	222994	732081	199	
Vagholi		97	185823	739830	199	
Vaijāpur	vaijapur	97	199267	747275	199	
Vaikam		97	97486	763964	199	
Valasaravakkam		97	130439	801725	199	
Vallabh Vidyanagar		97	225333	729000	199	
Valparai		97	103269	769512	199	
Valsād	valsad	97	206101	729343	199	
Vandavāsi	vandavasi	97	125043	796056	199	
Vandiyūr	vandiyur	97	99092	781609	199	
Vaniyambadi		97	126816	786201	199	
Vapi		97	203718	729049	199	
Vapi INA		97	203601	729311	199	
Varanasi		97	253167	830104	199	
Varangaon		97	210177	759104	199	
Varappuzha		97	100759	762715	199	
Varkala		97	87333	767167	199	
Vasco da Gama		97	153958	738157	199	
Vattalkundu		97	101607	777588	199	
Vattiyūrkāvu	vattiyurkavu	97	85247	769889	199	
Vayalār	vayalar	97	97116	763389	199	
Vazhakkala		97	100124	763263	199	
Vazhayur		97	112173	758999	199	
Vedaraniyam		97	103721	798510	199	
Vejalpur		97	226902	735630	199	
Velampālaiyam	velampalaiyam	97	111376	773106	199	
Vellakkovil		97	109463	777124	199	
Vellalūr	vellalur	97	109775	770260	199	
Vellore		97	129184	791326	199	
Vellūr	vellur	97	86262	768305	199	
Velur		97	111082	780011	199	
Vemalwāda	vemalwada	97	184652	788689	199	
Venganoor		97	83964	770033	199	
Vengara		97	110508	759781	199	
Vengattūr	vengattur	97	130999	799321	199	
Vengola Kizhakkumbāgam	vengola kizhakkumbagam	97	100637	764761	199	
Venkatagiri		97	139600	795803	199	
Vepagunta		97	177784	832158	199	
Verāval	veraval	97	209077	703679	199	
Vetapālem	vetapalem	97	157850	803066	199	
Vettanād	vettanad	97	86059	769424	199	
Vettūr	vettur	97	87174	767258	199	
Vidisha		97	235260	778109	199	
Vijalpor		97	209221	729095	199	
Vijayapura		97	168244	757154	199	bijapur
Vijayapura		97	132972	778018	199	
Vijayapuram		97	95912	765612	199	
Vijayawada		97	165074	806466	199	
Vijāpur	vijapur	97	235623	727485	199	
Vikramasingapuram		97	87148	773903	199	
Vikārābād	vikarabad	97	173381	779044	199	
Vilankurichi		97	110715	770173	199	
Vilappil		97	85222	770400	199	
Vilavoorkkal		97	84809	770220	199	
Villianur		97	119139	797557	199	
Villiappally		97	116250	756288	199	
Villupuram		97	119398	794924	199	
Vilāngudi	vilangudi	97	99458	780935	199	
Vinukonda		97	160531	797396	199	
Viramgām	viramgam	97	231256	720501	199	
Virudhachalam		97	115150	793282	199	
Virudunagar		97	95851	779579	199	
Virugambakkam		97	130463	801913	199	
Virār	virar	97	194559	728114	199	
Visakhapatnam		97	176801	832016	199	
Vishāram	visharam	97	129181	792776	199	
Visnagar		97	236986	725521	199	
Viswanatham		97	94295	778003	199	
Vite		97	172734	745379	199	
Vizianagaram		97	181169	834115	199	
Vriddhāchalam	vriddhachalam	97	115183	793241	199	
Vrindāvan	vrindavan	97	275810	776966	199	
Vuyyūru	vuyyuru	97	163631	808441	199	
Vypīn	vypin	97	99667	762500	199	
Vyāra	vyara	97	211108	733936	199	
Vādāsinor	vadasinor	97	229568	733350	199	
Vāsudevanallūr	vasudevanallur	97	92417	774118	199	
Vīrakeralam	virakeralam	97	110077	769126	199	
Vīrappanchathiram	virappanchathiram	97	113531	777125	199	
Vīrapāndi	virapandi	97	110625	773508	199	
Vīrarāghavapuram	viraraghavapuram	97	130731	801078	199	
Wadgaon		97	168355	743134	199	
Wadgaon Kolhati		97	198431	752360	199	
Wai		97	179528	738906	199	
Walajapet		97	129251	793663	199	
Walwadi		97	209209	747611	199	
Wani		97	200551	789531	199	
Wanparti		97	163674	780689	199	
Warangal		97	180000	795833	199	
Wardha		97	207393	785978	199	
Warora		97	202288	790028	199	
Warud		97	214710	782696	199	
Williamnagar		97	254955	906168	199	
Wokha		97	260972	942582	199	
Wādi	wadi	97	170518	769905	199	
Wānkāner	wankaner	97	226120	709438	199	
Wānādongri	wanadongri	97	210938	789727	199	
Wāri	wari	97	211531	790076	199	
Wāris Alīganj	waris aliganj	97	250172	856405	199	
Wārāseonī	waraseoni	97	217618	800430	199	
Wāshīm	washim	97	201113	771330	199	
Yadgir		97	167701	771376	199	
Yamuna Nagar		97	301280	772837	199	yamunanagar
Yanam		97	167331	822136	199	
Yanamalakuduru		97	164853	806675	199	
Yavatmāl	yavatmal	97	203932	781320	199	
Yelahanka		97	131007	775963	199	
Yellandu		97	175906	803215	199	
Yeola		97	200424	744894	199	
Yāval	yaval	97	211677	756976	199	
Zahirābād	zahirabad	97	176814	776074	199	
Zaidpur		97	268309	813293	199	
Zamānia	zamania	97	254196	835579	199	
Zerakpur		97	306562	768209	199	
Ziauddin Pur		97	287087	772765	199	
Zira		97	309685	749911	199	
Zunheboto		97	259667	945167	199	
Ābu	abu	97	245936	727176	199	mount abu
Ābu Road	abu road	97	244801	727819	199	
Ādanāttutekkumuri Kizhakku	adanattutekkumuri kizhakku	97	90791	765137	199	
Ādilābād	adilabad	97	196720	785359	199	
Ālangulam	alangulam	97	88640	774994	199	
Ālankōd	alankod	97	107460	760348	199	
Āmli	amli	97	202833	730167	199	
Āmūr	amur	97	187928	782767	199	
Ānaiyūr	anaiyur	97	99615	781118	199	
Āndippatti	andippatti	97	99980	776210	199	
Ārangaon	arangaon	97	190268	747149	199	
Āron	aron	97	243811	774174	199	
Ārvi	arvi	97	209958	782291	199	
Āsandh	asandh	97	295212	766055	199	
Āsansol	asansol	97	236833	869833	199	
Āsika	asika	97	196111	846600	199	
Āyanchēri	ayancheri	97	116261	756743	199	
Abepura		98	-25964	1406324	193	
Adiwerna		98	-69375	1091325	192	
Agats		98	-55450	1381352	193	
Amahai		98	-33398	1289198	193	
Ambarawa		98	-72633	1103975	192	
Ambon		98	-36958	1281833	193	ambon city
Amlapura		98	-84500	1156167	206	
Amlapura city		98	-84487	1156062	206	
Amuntai		98	-24177	1152494	206	
Arjawinangun		98	-66453	1084103	192	
Astanajapura		98	-68017	1086311	192	
Atambua		98	-91061	1248925	206	
Babat		98	-71128	1121635	192	
Baekrajan		98	-67674	1108541	192	
Baki		98	-76128	1107839	192	
Balai Pungut		98	10595	1012905	192	
Balapulang		98	-70486	1091006	192	
Balikpapan		98	-12675	1168289	206	
Balung		98	-77333	1139167	192	
Bambanglipuro		98	-79500	1102833	192	
Banda Aceh		98	55417	953333	192	
Bandar		98	20500	997500	192	
Bandar Lampung		98	-54292	1052611	192	
Bandung		98	-69222	1076069	192	
Bangil		98	-75994	1128186	192	
Bangkalan		98	-70455	1127351	192	
Banjar		98	-71955	1074313	192	
Banjar		98	-81900	1149675	206	
Banjaran		98	-70453	1075878	192	
Banjarmasin		98	-33199	1145908	206	
Bantul		98	-78881	1103289	192	
Banyumas		98	-75142	1092942	192	
Banyuwangi		98	-82325	1143576	192	
Barabai		98	-25833	1153833	206	
Batam		98	11494	1040249	192	
Batang		98	-64846	1107083	192	
Batu		98	-78700	1125283	192	
Baturaden		98	-73000	1092167	192	
Baturaja		98	-41289	1041670	192	
Baubau		98	-54633	1226024	206	bau-bau
Bekasi		98	-62349	1069896	192	
Belawan		98	37755	986832	192	
Bengkayang		98	8319	1094359	215	
Bengkulu		98	-38004	1022655	192	
Berastagi		98	31947	985089	192	
Besuki		98	-77338	1136978	192	
Biak		98	-11767	1360820	193	
Bima		98	-84601	1187267	206	
Binjai		98	36001	984854	192	
Bintuni		98	-21097	1335246	193	
Bireun		98	52030	967009	192	
Bitung		98	14406	1251282	206	
Blangpidie		98	37396	968361	192	
Blitar		98	-80983	1121681	192	
Blora		98	-69698	1114186	192	
Bogor		98	-65944	1067892	192	
Bojonegoro		98	-71502	1118817	192	
Bondowoso		98	-79135	1138214	192	
Bontang		98	1324	1174854	206	
Boyolali		98	-75331	1105958	192	
Boyolangu		98	-81181	1118935	192	
Buaran		98	-70500	1095500	192	
Buduran		98	-74281	1127234	192	
Bukittinggi		98	-3091	1003706	192	
Bulakamba		98	-68748	1089559	192	
Bungku		98	-25471	1219720	206	
Candi Prambanan		98	-77500	1104942	192	
Caringin		98	-67061	1068214	192	
Ceper		98	-76742	1106789	192	
Cepu		98	-71475	1115906	192	
Ciamis		98	-73257	1083534	192	
Ciampea		98	-65547	1067008	192	
Cianjur		98	-68222	1071394	192	
Cibinong		98	-64817	1068542	192	
Cicurug		98	-67814	1067825	192	
Cikampek		98	-64197	1074558	192	
Cikarang		98	-62611	1071528	192	
Cikupa		98	-62364	1065083	192	
Cilacap		98	-77264	1090094	192	
Cilegon		98	-60144	1060542	192	
Cileungsir		98	-63947	1069592	192	
Cileunyi		98	-69389	1077528	192	
Cimahi		98	-68722	1075425	192	
Ciputat		98	-62375	1066956	192	
Ciranjang-hilir		98	-68200	1072572	192	
Cirebon		98	-67063	1085570	192	
Citeureup		98	-64856	1068819	192	
Colomadu		98	-75333	1107500	192	
Comal		98	-69053	1095347	192	
Curug		98	-62658	1065564	192	
Curup		98	-34703	1025207	192	
Dampit		98	-82116	1127493	192	
Daruba		98	20505	1282940	193	
Delanggu		98	-76167	1106833	192	
Deli Tua		98	35078	986839	192	
Demak		98	-68909	1106396	192	
Denpasar		98	-86500	1152167	206	
Depok		98	-64000	1068186	192	
Depok		98	-77625	1104317	192	
Diwek		98	-75790	1122311	192	
Dobo		98	-57609	1342340	193	
Dompu		98	-85365	1184634	206	
Driyorejo		98	-73659	1126219	192	
Dukuhturi		98	-69000	1090833	192	
Dumai		98	16671	1014432	192	
Ende		98	-88432	1216623	206	
Galesong		98	-53166	1193661	206	
Gambiran Satu		98	-83939	1141464	192	
Gampengrejo		98	-77640	1120350	192	
Gamping Lor		98	-77956	1103264	192	
Garut		98	-72450	1079210	192	
Gatak		98	-75908	1107044	192	
Gebog		98	-67350	1108444	192	
Gedangan		98	-73908	1127267	192	
Genteng		98	-83667	1141500	192	
Godean		98	-77697	1102939	192	
Gombong		98	-76072	1095142	192	
Gongdanglegi Kulon		98	-81753	1126359	192	
Gorontalo		98	5375	1230625	206	
Gresik		98	-71539	1126561	192	
Grogol		98	-76011	1108186	192	
Gunungsitoli		98	12888	976143	192	
Indralaya		98	-32525	1046756	192	
Indramayu		98	-63264	1083200	192	
Jakarta		98	-62146	1068451	192	
Jambi City		98	-16000	1036167	192	
Jaten		98	-75772	1108975	192	
Jatibarang		98	-64747	1083153	192	
Jatiroto		98	-78833	1111167	192	
Jatiwangi		98	-67336	1082628	192	
Jayapura		98	-25337	1407181	193	
Jekulo		98	-68057	1109262	192	
Jember		98	-81721	1136995	192	
Jepara		98	-65924	1106710	192	
Jogonalan		98	-77036	1105361	192	
Jombang		98	-75460	1122331	192	
Juwana		98	-67150	1111514	192	
Kabanjahe		98	31001	984908	192	
Kalianget		98	-70537	1139424	192	
Kamal		98	-71678	1127192	192	
Karangampel		98	-64622	1084519	192	
Karanganom		98	-76489	1106250	192	
Karangsembung		98	-68487	1086422	192	
Kartasura		98	-75519	1107378	192	
Kasihan		98	-78269	1103292	192	
Katobu		98	-48299	1227260	206	
Kawalu		98	-73817	1082082	192	
Kawasi		98	-15912	1274071	193	
Kebomas		98	-71667	1126333	192	
Kebonarun		98	-77003	1105631	192	
Kediri		98	-78167	1120167	192	
Kedungwaru		98	-80667	1119167	192	
Kedungwuni		98	-69704	1096479	192	
Kefamenanu		98	-94467	1244781	206	
Kencong		98	-82833	1133667	192	
Kendari		98	-39778	1225151	206	
Kepanjen		98	-81303	1125727	192	
Kertosono		98	-75833	1121000	192	
Ketanggungan		98	-69383	1088910	192	
Kisaran		98	29845	996158	192	
Klangenan		98	-67094	1084400	192	
Klaten		98	-77058	1106064	192	
Klungkung		98	-85333	1154000	206	
Kota Sambas		98	13626	1093009	188	
Kotabumi		98	-48250	1048817	192	
Kraksaan		98	-77584	1133962	192	
Kresek		98	-61314	1063797	192	
Krian		98	-74104	1125792	192	
Kroya		98	-76331	1092461	192	
Kuala Tungkal		98	-8162	1034611	192	
Kualakapuas		98	-30091	1143876	215	
Kudus		98	-68048	1108405	192	
Kuningan		98	-69758	1084831	192	
Kupang		98	-101708	1236069	206	
Kuta		98	-87233	1151723	206	
Kutoarjo		98	-77169	1099128	192	
Labuan		98	-63784	1058300	192	
Labuan Bajo		98	-84964	1198877	206	
Labuhan Deli		98	38790	986330	192	
Lahat		98	-37851	1035428	192	
Lahewa		98	13943	971675	192	
Lamongan		98	-71167	1124167	192	
Langsa		98	44683	979683	192	
Lasem		98	-66922	1114527	192	
Lawang		98	-78353	1126947	192	
Lebaksiu		98	-70496	1091441	192	
Lembang		98	-68117	1076175	192	
Lewoleba		98	-83723	1234180	206	
Lhokseumawe		98	51801	971507	192	
Loa Janan		98	-5830	1170950	206	
Lubuklinggau		98	-32945	1028614	192	
Lumajang		98	-81335	1132248	192	
Luwuk		98	-9516	1227875	206	
Madiun		98	-76298	1115239	192	
Magelang		98	-74706	1102178	192	
Majalengka		98	-68361	1082278	192	
Majenang		98	-72975	1087642	192	
Majene		98	-35403	1189707	206	
Makassar		98	-51486	1194319	206	
Malang		98	-79797	1126304	192	
Malinau		98	35886	1166239	206	
Manado		98	14822	1248489	206	
Manggar		98	-28833	1082667	192	
Manokwari		98	-8629	1340640	193	
Margahayukencana		98	-69708	1075675	192	
Margasari		98	-70948	1090250	192	
Maros		98	-50060	1195727	206	
Martapura		98	-34109	1148642	206	
Masamba		98	-25537	1203279	206	
Masohi		98	-32983	1289688	193	
Mataram		98	-85833	1161167	206	
Maumere		98	-86199	1222111	206	
Medan		98	35833	986667	192	
Melati		98	-77333	1103667	192	
Mendaha		98	-10163	1035933	192	
Merauke		98	-84996	1404061	193	
Mertoyudan		98	-75200	1102264	192	
Metro		98	-51131	1053067	192	
Meulaboh		98	41440	961266	192	
Mlonggo		98	-65333	1107000	192	
Mojoagung		98	-75667	1123500	192	
Mojokerto		98	-74664	1124338	192	
Mranggen		98	-70268	1105158	192	
Muara Bungo		98	-14902	1021149	192	
Muara Teweh		98	-9473	1148962	215	
Mulia		98	-37147	1379853	193	
Muncar		98	-84333	1143333	192	
Muntilan		98	-75811	1102928	192	
Muntok		98	-20672	1051623	192	
Nabire		98	-33599	1355007	193	
Namlea		98	-32619	1270929	193	
Namrole		98	-38455	1267262	193	
Negara		98	-83569	1146169	206	
Nganjuk		98	-76051	1119035	192	
Ngawi		98	-74038	1114461	192	
Ngemplak		98	-75497	1107164	192	
Ngoro		98	-76839	1122580	192	
Ngunut		98	-81058	1120159	192	
Nunukan		98	41384	1176507	206	
Paciran		98	-68767	1123761	192	
Padalarang		98	-68378	1074728	192	
Padang		98	-9492	1003543	192	
Padangpanjang		98	-4560	1004052	192	
Padangsidempuan		98	13795	992715	192	
Pagar Alam		98	-40251	1032469	192	
Pakisaji		98	-80665	1125981	192	
Palangkaraya		98	-22083	1139167	215	
Palembang		98	-29167	1047458	192	
Palimanan		98	-67069	1084242	192	
Palopo		98	-29925	1201969	206	
Palu		98	-9083	1198708	206	
Pamanukan		98	-62842	1078106	192	
Pamekasan		98	-71568	1134746	192	
Pameungpeuk		98	-70183	1076039	192	
Pamulang		98	-63428	1067383	192	
Panarukan		98	-77018	1139184	192	
Pandaan		98	-76527	1126875	192	
Pandak		98	-79131	1102936	192	
Pandeglang		98	-63084	1061067	192	
Pangkalan Brandan		98	40238	982782	192	
Pangkalanbuun		98	-26832	1116259	215	
Pangkalpinang		98	-21291	1061138	192	
Panji		98	-77253	1140995	192	
Pare		98	-77679	1121980	192	
Parepare		98	-40135	1196255	206	
Pariaman		98	-6190	1001200	192	
Parung		98	-64214	1067331	192	
Pasarkemis		98	-61703	1065303	192	
Paseh		98	-70680	1077940	192	
Pasuruan		98	-76453	1129075	192	
Pati		98	-67559	1110380	192	
Payakumbuh		98	-2159	1006334	192	
Pecangaan		98	-66978	1107107	192	
Pekalongan		98	-68886	1096753	192	
Pekan Bahapal		98	31131	991735	192	
Pekanbaru		98	5167	1014417	192	
Pelabuhanratu		98	-69875	1065514	192	
Pemalang		98	-68919	1093826	192	
Pemangkat		98	11667	1089667	215	
Pematangsiantar		98	29595	990687	192	
Perbaungan		98	35679	989560	192	
Percut		98	36253	988640	192	
Plumbon		98	-67050	1084728	192	
Polewali		98	-34324	1193435	206	
Ponorogo		98	-78685	1114620	192	
Pontianak		98	-319	1093250	215	
Poso		98	-13959	1207524	206	
Prabumulih		98	-34345	1042306	192	
Praya		98	-87054	1162704	206	
Prigen		98	-76833	1126167	192	
Probolinggo		98	-77543	1132159	192	
Pundong		98	-79522	1103486	192	
Purbalingga		98	-73881	1093639	192	
Purwakarta		98	-65569	1074433	192	
Purwodadi		98	-70868	1109158	192	purwodadi grobogan
Purwokerto		98	-74214	1092344	192	
Raha		98	-48380	1227209	206	
Rajapolah		98	-72210	1081896	192	
Randudongkal		98	-70981	1093243	192	
Rangkasbitung		98	-63591	1062494	192	
Rantauprapat		98	21000	998333	192	
Rantepao		98	-29701	1198978	206	
Rembangan		98	-67036	1113416	192	
Rengasdengklok		98	-61592	1072981	192	
Reuleuet		98	52167	962833	192	
Ruteng		98	-86114	1204644	206	
Sabang		98	58897	953164	192	
Salatiga		98	-73319	1104928	192	
Samarinda		98	-4917	1171458	206	
Sampang		98	-71872	1132394	192	
Sampit		98	-25315	1129496	215	
Sanana		98	-20585	1259779	193	
Sangkapura		98	-58452	1126517	192	
Sawangan		98	-64028	1067744	192	
Selogiri		98	-77833	1108667	192	
Selong		98	-86503	1165318	206	
Semarang		98	-69931	1104208	192	
Sengkang		98	-41279	1200297	206	
Sentani		98	-25691	1405127	193	
Sepatan		98	-61189	1065750	192	
Serang		98	-61153	1061542	192	
Seririt		98	-81928	1149388	206	
Serpong		98	-63169	1066642	192	
Sewon		98	-78764	1103589	192	
Sibolga		98	17402	987812	192	
Sidareja		98	-74846	1087923	192	
Sidikalang		98	27490	983127	192	
Sidoarjo		98	-74478	1127183	192	
Sijunjung		98	-7005	1009774	192	
Simpang		98	-12642	1040970	192	
Singaparna		98	-73515	1081110	192	
Singaraja		98	-81120	1150882	206	
Singkawang		98	9092	1089846	215	
Singkil		98	22874	977884	192	
Singojuruh		98	-83167	1142333	192	
Singosari		98	-78924	1126658	192	
Sinjai		98	-51241	1202530	206	
Sintang		98	667	1115000	215	
Situbondo		98	-77062	1140098	192	
Slawi		98	-69816	1091407	192	
Sleman		98	-77156	1103556	192	
Soe		98	-98607	1242840	206	
Sofifi		98	7373	1275588	193	
Sokaraja		98	-74581	1092881	192	
Soko		98	-74832	1124270	192	
Solok		98	-8006	1006571	192	
Soreang		98	-70331	1075183	192	
Sorong		98	-8796	1312610	193	
South Tangerang		98	-62886	1067179	192	
Sragen		98	-74264	1110222	192	
Srandakan		98	-79386	1102506	192	
Srono		98	-84000	1142666	192	
Stabat		98	37334	984502	192	
Subang		98	-65700	1077567	192	
Subulussalam		98	26620	978827	192	
Sukabumi		98	-69181	1069267	192	
Sumbawa Besar		98	-84932	1174202	206	
Sumber		98	-67603	1084831	192	
Sumberpucung		98	-81586	1124829	192	
Sumedang		98	-68586	1079164	192	
Sumedang Utara		98	-68500	1079167	192	
Sumenep		98	-70115	1138604	192	
Sungai Penuh		98	-20561	1013913	192	
Sungai Raya		98	7000	1089000	215	
Sungailiat		98	-18544	1061222	192	
Sunggal		98	35765	986151	192	
Surabaya		98	-72492	1127508	192	
Surakarta		98	-75561	1108317	192	
Tabanan		98	-85413	1151252	206	
Tahuna		98	36110	1254858	206	taruna
Taliwang		98	-87449	1168532	206	
Tambolaka		98	-94283	1192380	206	
Tangerang		98	-61781	1066300	192	
Tanggulangin		98	-74996	1126999	192	
Tanjung		98	-21709	1154077	206	
Tanjung Balai		98	10001	1034219	192	
Tanjung Pandan		98	-27335	1076348	192	
Tanjung Pinang		98	9167	1044583	192	
Tanjung Selor		98	28375	1173653	206	
Tanjungagung		98	-39373	1038046	192	
Tanjungbalai		98	29667	998000	192	
Tanjungtiram		98	40613	983699	192	
Tarakan		98	33133	1175915	206	
Tarub		98	-69333	1091667	192	
Tarutung		98	20147	989655	192	
Tasikmalaya		98	-73274	1082207	192	
Tayu		98	-65397	1110518	192	
Tebingtinggi		98	33285	991625	192	
Tegal		98	-68694	1091402	192	
Teluk Dalam		98	5729	978034	192	
Teluk Nibung		98	30010	998164	192	
Teluknaga		98	-60989	1066381	192	
Terbanggi Besar		98	-48790	1052182	192	
Ternate		98	7906	1273842	193	
Timika		98	-46141	1366768	193	
Tiom		98	-39236	1384547	193	
Tobelo		98	17284	1280095	193	
Tomohon		98	13168	1248038	206	
Tondano		98	13054	1249126	206	
Trenggalek		98	-80764	1117064	192	
Trucuk		98	-77183	1106589	192	
Tual		98	-56288	1327523	193	
Tuban		98	-68976	1120649	192	
Tulangan Utara		98	-74737	1126505	192	
Tulungagung		98	-80657	1119025	192	
Ubud		98	-85098	1152654	206	
Ungaran		98	-71397	1104050	192	
Utan		98	-61769	1069467	192	
Waingapu		98	-96567	1202641	206	
Waisai		98	-2379	1305072	193	
Wamena		98	-40958	1389481	193	
Wanaraja		98	-71749	1079808	192	
Wangon		98	-75161	1090539	192	
Watampone		98	-45386	1203279	206	
Wedi		98	-77431	1105794	192	
Welahan		98	-68000	1107167	192	
Weleri		98	-69713	1100666	192	
Weru		98	-67110	1085037	192	
Wiradesa		98	-68922	1096190	192	
Wongsorejo		98	-79908	1144009	192	
Wonopringgo		98	-69833	1096167	192	
Wonosari		98	-79656	1106036	192	
Wonosobo		98	-73589	1099031	192	
Yogyakarta		98	-78014	1103647	192	
Abadan		99	303392	483043	229	
Abadeh		99	311608	526506	229	
Abhar		99	361468	492180	229	
Aghajari		99	307006	498315	229	
Ahar		99	384774	470699	229	
Ahvaz		99	313190	486842	229	
Ajab Shīr	ajab shir	99	374776	458943	229	
Aleshtar		99	338642	482626	229	
Alvand		99	361893	500643	229	
Alvand		99	363188	491677	229	
Alīgūdarz	aligudarz	99	334040	496918	229	aligoodarz
Andīmeshk	andimeshk	99	324615	483537	229	
Ardabīl	ardabil	99	382498	482933	229	
Ardakān	ardakan	99	323100	540175	229	
Arāk	arak	99	340949	496981	229	
Asadābād	asadabad	99	347824	481201	229	
Aznā	azna	99	334564	494565	229	
Aznā	azna	99	336095	489307	229	
Bahār	bahar	99	349072	484414	229	
Bahārestān	baharestan	99	324881	517731	229	
Bam		99	291060	583570	229	
Bandar Abbas		99	271865	562808	229	
Bandar-e Anzalī	bandar-e anzali	99	374732	494578	229	
Bandar-e Emam Khomeyni		99	304370	491029	229	
Bandar-e Genāveh	bandar-e genaveh	99	295791	505170	229	
Bandar-e Lengeh		99	265579	548807	229	
Bandar-e Māhshahr	bandar-e mahshahr	99	305566	491885	229	
Bandar-e Torkaman		99	369012	540720	229	
Bardaskan		99	352622	579708	229	
Bardsīr	bardsir	99	299227	565743	229	
Behbahān	behbahan	99	305959	502417	229	
Behshahr		99	366924	535526	229	
Bojnūrd	bojnurd	99	374747	573290	229	bojnourd
Bonāb	bonab	99	373404	460561	229	
Borāzjān	borazjan	99	292699	512188	229	
Borūjen	borujen	99	319652	512873	229	
Borūjerd	borujerd	99	338973	487516	229	
Bushehr		99	289689	508366	229	bushire
Bābol	babol	99	365510	526786	229	
Bābolsar	babolsar	99	366993	526501	229	
Bāfq	bafq	99	316035	554025	229	
Bāft	baft	99	292331	566022	229	
Bāneh	baneh	99	359975	458853	229	
Bījār	bijar	99	358668	476051	229	
Bīrjand	birjand	99	328663	592211	229	
Būkān	bukan	99	365210	462089	229	
Būmahen	bumahen	99	357297	518688	229	
Chabahar		99	252919	606430	229	
Chenārān	chenaran	99	366455	591212	229	
Chālūs	chalus	99	366550	514204	229	
Damāvand	damavand	99	357184	520696	229	
Darreh Shahr		99	331445	473799	229	
Dehdasht		99	307934	505651	229	
Dehlorān	dehloran	99	326941	472679	229	
Delījān	delijan	99	339905	506838	229	
Dogonbadan		99	303586	507981	229	gachsaran
Dorcheh Pīāz	dorcheh piaz	99	326153	515556	229	
Dorūd	dorud	99	334922	490616	229	
Dowlatābād	dowlatabad	99	327998	516955	229	
Dāmghān	damghan	99	361679	543429	229	
Dārāb	darab	99	287517	545406	229	
Eqbālīyeh	eqbaliyeh	99	353022	515358	229	
Esfarāyen	esfarayen	99	370764	575101	229	
Eshtehārd	eshtehard	99	357255	503662	229	
Eslamshahr		99	355522	512350	229	
Eslāmābād-e Gharb	eslamabad-e gharb	99	341089	465299	229	
Falāvarjān	falavarjan	99	325553	515097	229	
Farrokh Shahr		99	322717	509801	229	
Fasā	fasa	99	289383	536482	229	
Fereydūn Kenār	fereydun kenar	99	366849	525192	229	
Fārsān	farsan	99	322569	505610	229	
Fīrūzābād	firuzabad	99	288438	525707	229	
Fūman	fuman	99	372240	493125	229	
Germī	germi	99	390215	480801	229	
Gerāsh	gerash	99	276697	541359	229	
Golestān	golestan	99	355183	511819	229	
Golpāyegān	golpayegan	99	334537	502884	229	
Gonbad-e Kāvūs	gonbad-e kavus	99	372500	551672	229	
Gonābād	gonabad	99	343529	586836	229	
Gorgān	gorgan	99	368427	544439	229	
Gālīkesh	galikesh	99	372726	554339	229	
Hafshejān	hafshejan	99	322266	507931	229	
Hamadān	hamadan	99	347992	485146	229	
Harsīn	harsin	99	342721	475861	229	
Hashtgerd		99	359620	506799	229	
Hashtpar		99	377966	489052	229	
Iranshahr		99	272024	606848	229	
Isfahan		99	326525	516746	229	
Jahrom		99	285000	535605	229	
Jam		99	278298	523252	229	
Javānrūd	javanrud	99	347961	465172	229	
Jīroft	jiroft	99	286781	577406	229	
Jūybār	juybar	99	366409	529121	229	
Kalāleh	kalaleh	99	373790	554930	229	
Kamālshahr	kamalshahr	99	358619	508742	229	
Kangāvar	kangavar	99	345043	479653	229	
Karaj		99	358327	509915	229	
Kavār	kavar	99	292050	526899	229	
Kelīshād va Sūdarjān	kelishad va sudarjan	99	325512	515276	229	
Kerman		99	302832	570788	229	
Kermanshah		99	343142	470650	229	
Khalkhāl	khalkhal	99	376184	485293	229	
Khomeyn		99	336389	500800	229	
Khomeynī Shahr	khomeyni shahr	99	326856	515361	229	three castles
Khorramabad		99	334878	483558	229	
Khorramdarreh		99	362078	491953	229	
Khorramshahr		99	304408	481843	229	
Khowrzūq	khowrzuq	99	327780	516468	229	
Khowy		99	385503	449521	229	
Khāsh	khash	99	282211	612158	229	
Konārak	konarak	99	253604	603995	229	
Kāmyārān	kamyaran	99	347954	469368	229	
Kāshmar	kashmar	99	352383	584656	229	
Kāzerūn	kazerun	99	296192	516535	229	
Kūhdasht	kuhdasht	99	335334	476100	229	
Kūt-e ‘Abdollāh	kut-e ‘abdollah	99	312392	486564	229	
Langarūd	langarud	99	371955	501526	229	
Lāhījān	lahijan	99	372042	500092	229	
Mahrīz	mahriz	99	315843	544428	229	
Mahābād	mahabad	99	367631	457222	229	
Makū	maku	99	278486	524230	229	
Malārd	malard	99	356659	509767	229	
Malāyer	malayer	99	343016	488217	229	
Marand		99	384329	457749	229	
Marvdasht		99	298742	528025	229	
Marāgheh	maragheh	99	373921	462391	229	
Marāgheh	maragheh	99	358292	596332	229	
Marīvān	marivan	99	355183	461830	229	
Mashhad		99	362981	596057	229	
Masjed Soleymān	masjed soleyman	99	319364	493039	229	
Maḩmūdābād	mahmudabad	99	366319	522629	229	
Meshgīn Shahr	meshgin shahr	99	383990	476820	229	
Meshkīn Dasht	meshkin dasht	99	357499	509438	229	
Meybod		99	322501	540166	229	
Mohr		99	275521	528816	229	
Moḩammad Shahr	mohammad shahr	99	357630	509171	229	
Māhdāsht	mahdasht	99	357282	508134	229	
Mīnāb	minab	99	271310	570872	229	
Mīnūdasht	minudasht	99	372302	553721	229	
Mīāndoāb	miandoab	99	369667	461096	229	
Mīāneh	mianeh	99	374210	477150	229	
Nahāvand	nahavand	99	341909	483745	229	
Najafābād	najafabad	99	326346	513653	229	
Naqadeh		99	369553	453880	229	naghadeh
Nasimshahr		99	355653	511583	229	
Nasīm Shahr	nasim shahr	99	355650	511633	229	
Naz̧arābād	nazarabad	99	359541	506061	229	
Naţanz	natanz	99	335112	519181	229	
Nekā	neka	99	366508	532990	229	
Neyrīz	neyriz	99	291988	543278	229	
Neyshābūr	neyshabur	99	362133	587958	229	
Nowshahr		99	366485	514962	229	
Nūr	nur	99	365717	520153	229	
Nūrābād	nurabad	99	340734	479725	229	
Nūrābād	nurabad	99	301140	515217	229	
Omīdīyeh	omidiyeh	99	307628	497023	229	
Orūmīyeh	orumiyeh	99	375527	450760	229	urmia
Oshnavīyeh	oshnaviyeh	99	370397	450983	229	
Pardīs	pardis	99	357469	518122	229	
Pasragad Branch		99	347777	484717	229	
Piranshahr		99	367010	451413	229	
Poldasht		99	393480	450710	229	
Pārsābād	parsabad	99	396482	479174	229	
Pāsārgād	pasargad	99	302019	531800	229	
Pīshvā	pishva	99	353080	517267	229	
Qahderījān	qahderijan	99	325773	514537	229	
Qarah Ẕīā’ od Dīn	qarah zia’ od din	99	388915	450255	229	
Qarchak		99	354287	515776	229	
Qazvin		99	362688	500041	229	
Qaşr-e Qand	qasr-e qand	99	262483	607525	229	qasr-e-qand
Qeshm		99	269492	562691	229	
Qom		99	346401	508764	229	
Qorveh		99	351664	478056	229	
Qā’en	qa’en	99	337265	591844	229	
Qūchān	quchan	99	371060	585096	229	
Rafsanjān	rafsanjan	99	304067	559939	229	
Rasht		99	372761	495886	229	
Rehnān	rehnan	99	326832	516016	229	
Robāţ Karīm	robat karim	99	354846	510829	229	
Rāmhormoz	ramhormoz	99	312800	496035	229	
Rāmsar	ramsar	99	369180	506480	229	
Rāvar	ravar	99	312656	568054	229	
Rūdehen	rudehen	99	357334	519059	229	
Rūdsar	rudsar	99	371370	502917	229	
Sabzevar		99	362126	576819	229	sabzawar
Salmās	salmas	99	381973	447653	229	
Sanandaj		99	353150	469988	229	
Saqqez		99	362499	462735	229	
Sarakhs		99	365449	611577	229	
Sardasht		99	361552	454788	229	
Sari		99	365633	530601	229	
Sarpol-e Z̄ahāb	sarpol-e zahab	99	344611	458626	229	
Sarāb	sarab	99	379408	475367	229	
Sarāvān	saravan	99	273709	623310	229	
Semnan		99	355769	533920	229	
Semīrom	semirom	99	314167	515667	229	
Shahr-e Bābak	shahr-e babak	99	301165	551186	229	
Shahr-e Jadīd-e Mehestan	shahr-e jadid-e mehestan	99	359891	507451	229	
Shahr-e Kord		99	323261	508572	229	
Shahr-e Qods		99	357214	511090	229	
Shahrak-e Qīāmdasht	shahrak-e qiamdasht	99	355237	516505	229	
Shahrak-e Shahīd Chamrān	shahrak-e shahid chamran	99	307084	491627	229	
Shahre Jadide Andisheh		99	356803	510193	229	
Shahreẕā	shahreza	99	320088	518641	229	
Shahrud		99	364182	549763	229	
Shahrīār	shahriar	99	356588	510578	229	
Sheybān	sheyban	99	314079	487946	229	
Shiraz		99	296103	525311	229	
Shādegān	shadegan	99	306492	486650	229	
Shāhīn Dezh	shahin dezh	99	366793	465669	229	
Shāhīn Shahr	shahin shahr	99	328579	515529	229	
Shāzand	shazand	99	339313	494063	229	
Shīrvān	shirvan	99	373967	579295	229	
Shūsh	shush	99	321942	482436	229	susa
Shūshtar	shushtar	99	320497	488484	229	
Sirjan		99	294514	556809	229	
Sonqor		99	347819	475994	229	
Sāveh	saveh	99	350213	503566	229	
Sūsangerd	susangerd	99	315635	481896	229	
Tabas		99	335959	569244	229	
Tabriz		99	380800	462919	229	
Tajrīsh	tajrish	99	358044	514256	229	
Takāb	takab	99	364009	471133	229	
Tehran		99	356944	514215	229	
Tonekābon	tonekabon	99	368163	508738	229	
Torbat-e Jām	torbat-e jam	99	352440	606225	229	
Torbat-e Ḩeydarīyeh	torbat-e heydariyeh	99	352740	592195	229	
Tākestān	takestan	99	360706	496957	229	
Tāybād	taybad	99	347400	607756	229	
Tīrān	tiran	99	327033	511538	229	
Varāmīn	varamin	99	353242	516457	229	
Yasuj		99	306682	515880	229	
Yazd		99	318972	543675	229	
Zahedan		99	294963	608629	229	
Zanjan		99	366764	484963	229	
Zarand		99	308127	565640	229	
Zābol	zabol	99	310306	614949	229	
Ābyek	abyek	99	360667	505500	229	
Ābādeh	abadeh	99	288349	531726	229	
Āmol	amol	99	364696	523507	229	
Āq Qalā	aq qala	99	370139	544550	229	
Ārān Bīdgol	aran bidgol	99	340575	514829	229	
Āstāneh-ye Ashrafīyeh	astaneh-ye ashrafiyeh	99	372632	499432	229	
Āstārā	astara	99	384308	488699	229	
Āzādshahr	azadshahr	99	347905	485701	229	
Āzādshahr	azadshahr	99	370864	551722	229	
Īlām	ilam	99	336374	464227	229	
Īstgāh-e Rāh Āhan-e Garmsār	istgah-e rah ahan-e garmsar	99	352346	523094	229	
Īz̄eh	izeh	99	318303	498676	229	
Ḩājjīābād	hajjiabad	99	283091	559017	229	
Abū Ghurayb	abu ghurayb	100	333056	441848	170	abu ghraib
Ad Dujayl		100	338467	442344	170	dujail
Ad Dīwānīyah	ad diwaniyah	100	319929	449255	170	al diwaniyah
Al Başrah al Qadīmah	al basrah al qadimah	100	305032	478151	170	
Al Fallūjah	al fallujah	100	333491	437860	170	
Al Fāw	al faw	100	299742	484731	170	
Al Hindīyah	al hindiyah	100	325419	442247	170	
Al Hārithah	al harithah	100	305848	477611	170	
Al Kūt	al kut	100	325128	458182	170	
Al Madīnah	al madinah	100	309632	472700	170	
Al Mawşil al Jadīdah	al mawsil al jadidah	100	363327	431056	170	
Al Maḩmūdīyah	al mahmudiyah	100	330622	443656	170	
Al Maḩāwīl	al mahawil	100	326614	444085	170	
Al Miqdādīyah	al miqdadiyah	100	339786	449369	170	
Al Mishkhāb	al mishkhab	100	318044	444893	170	
Al Musayyib		100	327787	442900	170	
Al Qurnah		100	310155	474336	170	
Al Qā’im	al qa’im	100	343925	409894	170	al-qa'im
Al Ḩayy	al hayy	100	321742	460434	170	
Al Ḩillah	al hillah	100	324637	444196	170	
Al ‘Amārah	al ‘amarah	100	318356	471448	170	
Al ‘Azīzīyah	al ‘aziziyah	100	329094	450636	170	
Al-Hamdaniya		100	362709	433776	170	al-hamdaniya district
An Nu‘mānīyah	an nu‘maniyah	100	325562	454129	170	
Ar Rumaythah		100	315284	452038	170	
Ar Ruţbah	ar rutbah	100	330372	402859	170	
As Samawah		100	313320	452944	170	
As Sulaymānīyah	as sulaymaniyah	100	355650	454329	170	
Ash Shaţrah	ash shatrah	100	314091	461727	170	
Ash Shāmīyah	ash shamiyah	100	319626	446008	170	
Az Zubayr		100	303921	477017	170	
Aş Şuwayrah	as suwayrah	100	329256	447758	170	
Baghdad		100	333406	444009	170	
Balad		100	340148	441457	170	
Baqubah		100	337540	446052	170	
Basrah		100	305085	477804	170	
Batifa		100	371745	430123	170	batifa district
Bayjī	bayji	100	349292	434888	170	
Baynjiwayn		100	356205	459491	170	
Dihok		100	368661	429879	170	duhok
Erbil		100	361912	440094	170	
Hajiawa		100	362358	447947	170	
Hīt	hit	100	336366	428277	170	
Jamjamāl	jamjamal	100	355336	448343	170	
Karbala		100	326160	440249	170	
Kelar		100	346280	453185	170	
Khāliş	khalis	100	338081	445334	170	
Kifrī	kifri	100	346896	449606	170	
Kirkuk		100	354681	443922	170	
Koysinceq		100	360829	446287	170	
Kufa		100	320511	444402	170	
Mandalī	mandali	100	337481	455550	170	
Mosul		100	363350	431189	170	
Nahiyat Ghammas		100	317431	446196	170	
Najaf		100	320259	443462	170	
Nasiriyah		100	310580	462573	170	
Nāḩiyat al Fuhūd	nahiyat al fuhud	100	309697	467228	170	
Nāḩiyat al Iskandarīyah	nahiyat al iskandariyah	100	328873	443462	170	
Nāḩiyat ash Shināfīyah	nahiyat ash shinafiyah	100	315838	446468	170	
Nāḩīyat Saddat al Hindīyah	nahiyat saddat al hindiyah	100	327156	442786	170	
Ramadi		100	334206	433078	170	
Simele		100	368583	428501	170	
Sinjār	sinjar	100	363209	418766	170	
Soran		100	366556	445422	170	
Sāmarrā’	samarra’	100	341959	438857	170	
Sīnah	sinah	100	368085	430394	170	
Tallkayf		100	364912	431211	170	
Tikrīt	tikrit	100	346158	436786	170	
Umm Qaşr	umm qasr	100	300362	479195	170	
Zaxo		100	371487	426859	170	zakho
al-Qasim		100	322980	446828	170	
Ţūz Khūrmātū	tuz khurmatu	100	348881	446326	170	tuz khurmatu district
Ḩadīthah	hadithah	100	341366	423773	170	
Ḩalabja	halabja	100	351778	459861	170	
Ṟuwandiz	ruwandiz	100	366114	445219	170	
‘Afak		100	320643	452474	170	
‘Anah		100	343686	419819	170	
‘Aqrah		100	367604	438943	170	akre
Athlone		101	534228	-79372	269	
Balbriggan		101	536085	-61831	269	
Bray		101	532028	-60983	269	
Carlow		101	528408	-69261	269	
Cork		101	518980	-84706	269	
Douglas		101	518744	-84350	269	
Drogheda		101	537189	-63478	269	
Droichead Nua		101	531819	-67967	269	
Dublin		101	533331	-62489	269	
Dundalk		101	540000	-64167	269	
Dún Laoghaire	dun laoghaire	101	532940	-61359	269	
Ennis		101	528436	-89864	269	
Galway		101	532724	-90510	269	
Kilkenny		101	526542	-72522	269	
Limerick		101	526647	-86231	269	
Navan		101	536528	-66814	269	
Sandyford		101	532747	-62253	269	
South Dublin		101	532903	-63415	269	dublin south
Swords		101	534597	-62181	269	
Tallaght		101	532859	-63734	269	
Tralee		101	522704	-97026	269	
Waterford		101	522583	-71119	269	
Douglas		102	541500	-44833	273	
Acre		103	329281	350765	194	
Afula		103	326091	352892	194	
Arad		103	312588	352128	194	
Ashdod		103	317921	346497	194	
Ashkelon		103	316693	345715	194	ashquelon
Bat Yam		103	320238	347518	194	
Beersheba		103	312518	347913	194	
Bet Shemesh		103	317307	349929	194	
Be’er Ya‘aqov		103	319386	348375	194	
Bnei Brak		103	320807	348338	194	
Bāqa el Gharbīya	baqa el gharbiya	103	324181	350431	194	baqa al-gharbiyye
Daliyat al Karmel		103	326938	350469	194	
Dimona		103	310708	350327	194	
Eilat		103	295580	349482	194	
El‘ad		103	320498	349538	194	
Eṭ Ṭaiyiba	et taiyiba	103	322662	350089	194	
Eṭ Ṭīra	et tira	103	322341	349502	194	tirah
Gan Yavne		103	317874	347066	194	
Gedera		103	318146	347800	194	
Giv'at Shmuel		103	320782	348486	194	giv‘at shmuel
Givatayim		103	320722	348125	194	giv‘atayim
Hadera		103	324419	349039	194	
Haifa		103	328130	349993	194	
Herzliya		103	321663	348254	194	
Hod HaSharon		103	321593	348932	194	
H̱olon	holon	103	320103	347792	194	
H̱ura	hura	103	313008	349361	194	
Jaffa		103	320504	347522	194	
Jerusalem		103	317690	352163	194	
Kadima Zoran		103	322778	349194	194	
Kafr Kannā	kafr kanna	103	327466	353424	194	
Kafr Qāsim	kafr qasim	103	321141	349762	194	
Karmi’el		103	329171	353050	194	karmiel
Kfar Saba		103	321750	349069	194	
Kfar Yona		103	323167	349351	194	
Kiryat Gat		103	316100	347642	194	
Kiryat Ono		103	320612	348562	194	
Lod		103	319467	348903	194	
Maghār	maghar	103	328898	354070	194	
Mevasseret Tsiyyon		103	318019	351507	194	mevaseret zion
Migdal Ha‘Emeq		103	326760	352399	194	migdal haemeq
Modiin Ilit		103	319322	350442	194	
Modi‘in Makkabbim Re‘ut		103	318938	350150	194	modiin
Nahariyya		103	330089	350981	194	nahariya
Nazareth		103	327009	352972	194	
Naẕerat ‘Illit	nazerat ‘illit	103	327082	353247	194	
Nesher		103	327662	350442	194	
Ness Ziona		103	319293	347987	194	
Netanya		103	323329	348599	194	
Netivot		103	314230	345891	194	
Ofaqim		103	313141	346202	194	ofakim
Or Yehuda		103	320292	348579	194	
Pardés H̱anna Karkur	pardes hanna karkur	103	324741	349778	194	
Petaẖ Tiqva	petah tiqva	103	320871	348875	194	petah tikva
Qiryat Ata		103	328115	351132	194	kiryat ata
Qiryat Bialik		103	328275	350858	194	kiryat bialik
Qiryat Mal’akhi		103	317289	347463	194	qiryat mal'akhi
Qiryat Motsqin		103	328371	350776	194	kiryat motzkin
Qiryat Shmona		103	332073	355721	194	kiryat shmona
Qiryat Yam		103	328497	350697	194	
Ra'anana		103	321836	348739	194	raanana
Ramat Gan		103	320823	348106	194	
Ramat HaSharon		103	321461	348394	194	
Ramla		103	319262	348635	194	
Reẖovot	rehovot	103	318942	348120	194	
Rishon LeTsiyyon		103	319710	347894	194	rishon leziyyon
Rosh Ha‘Ayin		103	320956	349566	194	rosh haayin
Safed		103	329646	354960	194	
Sakhnīn	sakhnin	103	328642	352971	194	
Sderot		103	315250	345969	194	
Shefar‘am		103	328058	351690	194	shefa-'amr
Tamra		103	328530	351987	194	
Tel Aviv		103	320809	347806	194	
Tiberias		103	327922	355312	194	teverya
Tirat Karmel		103	327602	349718	194	tirat carmel
Umm el Faḥm	umm el fahm	103	325172	351535	194	
West Jerusalem		103	317820	352196	194	
Yavné	yavne	103	318781	347398	194	
Yehud		103	320332	348909	194	
Yehud-Monosson		103	320284	348796	194	
Yoqne‘am ‘Illit		103	326538	351038	194	yokneam illit
Zikhron Ya‘aqov		103	325665	349563	194	
maalot Tarshīhā	maalot tarshiha	103	330167	352667	194	ma'alot-tarshiha
‘Ar‘ara		103	324955	350941	194	ar'ara
Abbiategrasso		104	453982	89168	294	
Acerra		104	409448	143714	294	
Aci Catena		104	376061	151416	294	
Acilia-Castel Fusano-Ostia Antica		104	417634	123308	294	
Acireale		104	376089	151658	294	
Adrano		104	376636	148328	294	
Afragola		104	409230	143094	294	
Agrigento		104	373106	135766	294	
Alba		104	446999	80347	294	
Albano Laziale		104	417275	126590	294	
Alcamo		104	379779	129647	294	
Alessandria		104	449092	86101	294	
Alghero		104	405597	83195	294	
Altamura		104	408266	165495	294	
Ancona		104	436072	135103	294	
Andria		104	412312	162980	294	
Angri		104	407382	145707	294	
Anzio		104	414526	126216	294	
Aosta		104	457376	73172	294	
Aprilia		104	415945	126542	294	
Arcella		104	454218	118875	294	
Arenella		104	408573	142228	294	
Arezzo		104	434628	118807	294	
Arzano		104	409096	142652	294	
Arzignano		104	455203	113345	294	
Ascoli Piceno		104	428535	135740	294	
Assemini		104	392912	89988	294	
Asti		104	449016	82075	294	
Augusta		104	372406	152212	294	
Avellino		104	409149	147910	294	
Aversa		104	409726	142074	294	
Avezzano		104	420290	134264	294	
Avola		104	369084	151394	294	
Avvocata		104	408543	142432	294	
Bacoli		104	407967	140735	294	
Bagheria		104	380789	135124	294	
Bagnoli		104	408132	141681	294	
Barcellona Pozzo di Gotto		104	381477	152147	294	
Bari		104	411207	168698	294	
Barletta		104	413143	162816	294	
Barra		104	408426	143185	294	
Barriera di Milano		104	450923	76940	294	
Bassano del Grappa		104	457666	117274	294	
Battipaglia		104	406086	149821	294	
Belluno		104	461426	122156	294	
Benevento		104	411307	147782	294	
Bergamo		104	456960	96672	294	
Biancavilla		104	376444	148668	294	
Biella		104	455630	80580	294	
Bisceglie		104	412426	165010	294	
Bitonto		104	411101	166909	294	
Bollate		104	455465	91205	294	
Bologna		104	444938	113387	294	
Bolzano		104	464907	113398	294	
Boscoreale		104	407727	144812	294	
Bra		104	446978	78513	294	
Brescia		104	455356	102147	294	
Bresso		104	455379	91892	294	
Brindisi		104	406322	179361	294	
Brugherio		104	455530	92991	294	
Busto Arsizio		104	456113	88491	294	
Cagliari		104	392305	91192	294	
Caivano		104	409575	143059	294	
Caltagirone		104	372378	145155	294	
Caltanissetta		104	374903	140622	294	
Camaiore		104	439426	102975	294	
Campi Bisenzio		104	438245	111303	294	
Campobasso		104	415595	146674	294	
Canicattì	canicatti	104	373584	138479	294	
Canosa di Puglia		104	412195	160677	294	
Cantù	cantu	104	457410	91308	294	
Capannori		104	438417	105727	294	
Carbonia		104	391646	85213	294	
Cardito		104	409459	142995	294	
Carini		104	381324	131827	294	
Carmagnola		104	448496	77203	294	
Carpi Centro		104	447824	108777	294	
Carrara		104	440793	100979	294	
Casa Santa		104	380251	125484	294	
Casal Palocco		104	417484	123473	294	
Casal de' Pazzi		104	419288	125658	294	
Casale Monferrato		104	451334	84525	294	
Casalecchio di Reno		104	444756	112750	294	
Casalnuovo di Napoli		104	409097	143420	294	
Cascina		104	436756	105549	294	
Caserta		104	410726	143323	294	
Casoria		104	409075	142930	294	
Cassano Magnago		104	456721	88269	294	
Castel Volturno		104	410329	139435	294	
Castelfranco Veneto		104	456715	119276	294	
Castellammare di Stabia		104	407021	144868	294	
Castelvetrano		104	376808	127919	294	
Catania		104	374922	150704	294	
Catanzaro		104	388825	166009	294	
Cava Dè Tirreni	cava de tirreni	104	406995	147077	294	cava de' tirreni
Cecina		104	433062	105173	294	
Cenisia		104	450688	76505	294	
Centro		104	450718	76792	294	
Cerignola		104	412652	158956	294	
Cernusco sul Naviglio		104	455253	93330	294	
Cervia		104	442620	123481	294	
Cesano Boscone		104	454421	90944	294	
Cesano Maderno		104	456292	91519	294	
Cesena		104	441391	122432	294	
Chiaia		104	408326	142268	294	
Chiaiano		104	408810	142076	294	
Chiavari		104	443177	93224	294	
Chieri		104	450105	78213	294	
Chieti		104	423483	141649	294	
Chinatown		104	454817	91752	294	
Chioggia		104	452186	122777	294	
Chivasso		104	451909	78898	294	
Ciampino		104	418006	126016	294	
Cinisello Balsamo		104	455582	92150	294	
Cisterna di Latina		104	415908	128281	294	
Città di Castello	citta di castello	104	434656	122375	294	
Civitanova Marche		104	433049	137207	294	
Civitavecchia		104	420932	117967	294	
Collegno		104	450787	75674	294	
Cologno Monzese		104	455300	92780	294	
Comiso		104	369489	146073	294	
Como		104	458082	90832	294	
Conegliano		104	458880	123020	294	
Conversano		104	409684	171133	294	
Copertino		104	402682	180543	294	
Corato		104	411517	164114	294	
Corsico		104	454310	91109	294	
Cosenza		104	392989	162531	294	
Crema		104	453626	96818	294	
Cremona		104	451332	100213	294	
Crotone		104	390808	171276	294	
Cuneo		104	443907	75483	294	
Dalmine		104	456493	96062	294	
Desenzano del Garda		104	454713	105356	294	
Desio		104	456183	92025	294	
Eboli		104	406175	150569	294	
Empoli		104	437180	109476	294	
Enna		104	375655	142743	294	
Ercolano		104	408078	143501	294	
Fabriano		104	433394	129033	294	
Faenza		104	442901	118795	294	
Falconara Marittima		104	436256	133995	294	
Fano		104	438405	130166	294	
Fasano		104	408362	173601	294	
Favara		104	373175	136623	294	
Ferrara		104	448380	116206	294	
Fidenza		104	448669	100604	294	
Fiumicino		104	417709	122366	294	
Florence		104	437792	112463	294	
Floridia		104	370834	151533	294	
Foggia		104	414584	155519	294	
Foligno		104	429549	127027	294	
Fondi		104	413579	134272	294	
Forlì	forli	104	442218	120414	294	
Formia		104	412563	136089	294	
Formigine		104	445727	108474	294	
Francavilla Fontana		104	405312	175852	294	
Frattamaggiore		104	409414	142759	294	
Frosinone		104	416398	133411	294	
Fuorigrotta		104	408333	142000	294	
Gallarate		104	456602	87916	294	
Garbagnate Milanese		104	455744	90754	294	
Gela		104	370738	142404	294	
Genoa		104	444048	89444	294	
Giarre		104	377244	151816	294	
Gioia del Colle		104	407997	169230	294	
Giugliano in Campania		104	409285	142020	294	
Giussano		104	457000	92089	294	
Gorizia		104	459409	136217	294	
Gragnano		104	406891	145204	294	
Gravina di Catania		104	375608	150629	294	
Gravina in Puglia		104	408175	164191	294	
Grosseto		104	427630	111094	294	
Grottaglie		104	405369	174372	294	
Grugliasco		104	450652	75795	294	
Guidonia Montecelio		104	419936	127224	294	
Iglesias		104	393092	85372	294	
Imola		104	443592	117132	294	
Imperia		104	438892	80393	294	
Ivrea		104	454672	78762	294	
Jesi		104	435214	132437	294	iesi
L'Aquila		104	423506	133995	294	l’aquila
La Spezia		104	441030	98238	294	
Ladispoli		104	419507	120750	294	
Lainate		104	455718	90268	294	
Lamezia Terme		104	389626	163094	294	
Lanciano		104	422272	143902	294	
Latina		104	414661	129043	294	
Lecce		104	403548	181724	294	
Lecco		104	458559	93970	294	
Legnago		104	451936	113023	294	
Legnano		104	455979	89151	294	
Lentini		104	372856	149974	294	
Licata		104	371027	139397	294	
Lido di Ostia		104	417321	122765	294	
Limbiate		104	455995	91251	294	
Lissone		104	456124	92398	294	
Livorno		104	435443	103262	294	
Lodi		104	453099	95008	294	
Lucca		104	438437	105045	294	
Lucera		104	415055	153391	294	
Lugo		104	444214	119109	294	
Lumezzane		104	456479	102649	294	
Macerata		104	432979	134529	294	province of macerata
Maddaloni		104	410358	143823	294	
Magenta		104	454646	88845	294	
Manduria		104	403990	176373	294	
Manfredonia		104	416306	159188	294	
Mantova		104	451603	107978	294	mantua
Marano di Napoli		104	408971	141882	294	
Marcianise		104	410306	142987	294	
Marghera		104	454511	122239	294	
Mariano Comense		104	456965	91818	294	
Marigliano		104	409248	144561	294	
Marina di Carrara		104	440384	100414	294	
Marino		104	417698	126592	294	
Marsala		104	377992	124367	294	
Martina Franca		104	407036	173381	294	
Mascalucia		104	375746	150496	294	
Massa		104	440354	101393	294	
Massafra		104	405862	171164	294	
Massarosa		104	438664	103446	294	
Matera		104	406660	166046	294	
Mazara del Vallo		104	376554	125899	294	
Meda		104	456612	91534	294	
Melito di Napoli		104	409195	142310	294	
Merano		104	466682	111595	294	
Mesagne		104	405585	178077	294	
Messina		104	381939	155526	294	
Mestre		104	454917	122454	294	
Miano		104	408882	142534	294	
Milan		104	454643	91895	294	
Milazzo		104	382201	152402	294	
Mira Taglio		104	454346	121294	294	
Mirafiori Nord		104	450425	76276	294	mirafiori north
Mirafiori Sud		104	450212	76231	294	mirafiori south
Misterbianco		104	375180	150091	294	
Modena		104	446478	109254	294	
Modica		104	368587	147597	294	
Modugno		104	410843	167834	294	
Mogliano Veneto		104	455559	122429	294	
Mola di Bari		104	410600	170900	294	
Molfetta		104	412004	165990	294	
Moncalieri		104	449994	76824	294	
Mondovì	mondovi	104	443960	78176	294	
Mondragone		104	411140	138916	294	
Monfalcone		104	458046	135329	294	
Monopoli		104	409492	172972	294	
Monreale		104	380812	132895	294	
Monte Rosello		104	407354	85677	294	
Montebelluna		104	457750	120490	294	
Montecalvario		104	408444	142456	294	
Monterotondo		104	420516	126197	294	
Monterusciello		104	408687	140828	294	
Montesilvano Marina		104	425114	141451	294	
Monza		104	455800	92725	294	
Muggiò	muggio	104	455888	92278	294	
Mugnano di Napoli		104	409094	142098	294	
Naples		104	408522	142681	294	
Nardò	nardo	104	401795	180317	294	
Nettuno		104	414579	126639	294	
Nicastro		104	389709	163128	294	
Nichelino		104	450003	76530	294	
Niscemi		104	371465	143938	294	
Nocera Inferiore		104	407454	146454	294	
Nocera Superiore		104	407425	146745	294	
Noicattaro		104	410345	169896	294	
Nola		104	409261	145282	294	
Nova Milanese		104	455888	91979	294	
Novara		104	454469	86212	294	
Novi Ligure		104	447625	87870	294	
Nuoro		104	403199	93257	294	
Olbia		104	409234	94980	294	
Orbassano		104	450055	75381	294	
Oristano		104	399036	85926	294	
Orta di Atella		104	409644	142685	294	
Ostuni		104	407291	175768	294	
Ottaviano		104	408519	144783	294	
Paderno Dugnano		104	455690	91648	294	
Padova		104	454080	118859	294	padua
Pagani		104	407420	146145	294	
Palermo		104	381166	133636	294	
Pallanza-Intra-Suna		104	459378	85709	294	
Palma di Montechiaro		104	371907	137660	294	
Parabiago		104	455603	89454	294	
Parella		104	450801	76257	294	
Parma		104	447993	103262	294	
Partinico		104	380466	131178	294	
Paternò	paterno	104	375668	149025	294	
Pavia		104	451920	91592	294	
Perugia		104	431122	123888	294	
Pesaro		104	439092	129164	294	
Pescara		104	424584	142028	294	
Piacenza		104	450524	96934	294	
Pianura		104	408591	141731	294	
Pinerolo		104	448853	73314	294	
Pioltello		104	455015	93305	294	
Piombino		104	429255	105258	294	
Pisa		104	437085	104036	294	
Piscinola		104	408930	142339	294	
Pistoia		104	439306	109236	294	
Poggibonsi		104	434706	111480	294	
Poggioreale		104	408654	142888	294	
Pomezia		104	416693	125012	294	
Pomigliano d'Arco		104	409098	143832	294	
Pompei		104	407457	144970	294	
Ponticelli		104	408542	143304	294	
Pordenone		104	459569	126605	294	
Portici		104	408156	143372	294	
Porto Sant'Elpidio		104	432530	137597	294	
Porto Torres		104	408338	84053	294	
Posillipo		104	408128	142000	294	
Potenza		104	406418	158079	294	
Pozzo Strada		104	450684	76250	294	
Pozzuoli		104	408439	140952	294	
Prato		104	438805	110970	294	
Putignano		104	408511	171219	294	
Qualiano		104	409190	141535	294	
Quarto		104	408782	141435	294	
Quarto Oggiaro		104	455131	91434	294	
Quartu Sant'Elena		104	392293	92500	294	
Quattromiglia		104	393447	162380	294	
Ragusa		104	369257	147244	294	
Rapallo		104	443496	92280	294	
Ravenna		104	444134	122012	294	
Reggio Calabria		104	381105	156613	294	
Reggio nell'Emilia		104	446982	106312	294	reggio emilia
Regio Parco		104	450978	77088	294	
Rho		104	455324	90402	294	
Riccione		104	439994	126569	294	
Rieti		104	424048	128574	294	
Rimini		104	440576	125653	294	
Rivoli		104	450707	75146	294	
Romano Banco		104	454231	91071	294	
Rome		104	418919	125113	294	
Rossano Stazione		104	395986	166348	294	
Rovereto		104	458904	110405	294	
Rovigo		104	450698	117902	294	
Rozzano		104	453819	91559	294	
Ruvo di Puglia		104	411176	164842	294	
Salerno		104	406754	147933	294	
San Benedetto del Tronto		104	429568	138768	294	
San Carlo All'Arena		104	408651	142629	294	
San Cataldo		104	374841	139854	294	
San Donato		104	450820	76648	294	
San Donato Milanese		104	454105	92684	294	
San Donà di Piave	san dona di piave	104	456302	125681	294	
San Giorgio a Cremano		104	408326	143416	294	
San Giovanni Rotondo		104	417064	157277	294	
San Giovanni a Teduccio		104	408381	143061	294	
San Giovanni la Punta		104	375769	150937	294	
San Giuliano Milanese		104	453940	92911	294	
San Giuseppe Vesuviano		104	408356	145049	294	
San Lazzaro		104	444705	114085	294	san lazzaro di savena
San Lorenzo		104	408569	142648	294	
San Miniato Basso		104	436933	108412	294	
San Paolo		104	411248	167926	294	
San Remo		104	438172	77772	294	sanremo
San Salvario		104	450529	76798	294	
San Sebastiano		104	456519	102568	294	
San Severo		104	416856	153815	294	
Sant'Antimo		104	409422	142348	294	
Santa Maria Capua Vetere		104	410816	142534	294	
Santeramo in Colle		104	407924	167587	294	
Sarno		104	408075	146215	294	
Saronno		104	456251	90352	294	
Sassari		104	407259	85555	294	
Sassuolo		104	445432	107848	294	
Savona		104	443090	84772	294	
Scafati		104	407602	145372	294	
Scampia		104	409035	142374	294	
Scandiano		104	445983	106956	294	
Scandicci		104	437542	111879	294	
Schio		104	457126	113567	294	
Sciacca		104	375069	130840	294	
Secondigliano		104	409000	142667	294	
Segrate		104	454918	92981	294	
Selargius		104	392578	91632	294	
Senigallia		104	437163	132088	294	
Seregno		104	456500	92055	294	
Seriate		104	456853	97249	294	
Sesto Fiorentino		104	438319	111992	294	
Sesto San Giovanni		104	455333	92258	294	
Settimo Torinese		104	451392	77701	294	
Seveso		104	456467	91430	294	
Siena		104	433182	113306	294	
Siracusa		104	370754	152866	294	syracuse
Soccavo		104	408455	141926	294	
Somma Vesuviana		104	408733	144386	294	
Sora		104	417183	136136	294	
Spinea-Orgnano		104	454911	121550	294	
Stella		104	408603	142522	294	
Taranto		104	404644	172471	294	
Teramo		104	426612	136990	294	
Terlizzi		104	411290	165454	294	
Termini Imerese		104	379822	136973	294	
Termoli		104	419999	149939	294	
Terni		104	425634	126433	294	
Terracina		104	412917	132436	294	
Tivoli		104	419595	128016	294	
Torre Annunziata		104	407534	144525	294	
Torre del Greco		104	407893	143681	294	
Tortona		104	448978	88637	294	
Trani		104	412773	164101	294	
Trapani		104	380176	125362	294	
Trento		104	460679	111211	294	
Treviglio		104	455208	95910	294	
Treviso		104	456667	122416	294	
Trieste		104	456495	137768	294	
Triggiano		104	410655	169250	294	
Turin		104	450705	76868	294	
Udine		104	460693	132372	294	
Valdagno		104	456450	112989	294	
Vanchiglia		104	450714	77042	294	
Varese		104	458206	88251	294	
Vasto		104	421115	147065	294	
Velletri		104	416857	127775	294	
Venaria Reale		104	451260	76314	294	
Venice		104	454371	123326	294	
Ventimiglia		104	437896	76087	294	
Verbania		104	459214	85518	294	
Vercelli		104	453216	84199	294	
Verona		104	454385	109938	294	
Viareggio		104	438669	102502	294	
Vicenza		104	455467	115475	294	
Vigevano		104	453141	88544	294	
Vignola		104	444838	110110	294	
Villaricca		104	409201	141934	294	
Vimercate		104	456154	93680	294	
Viterbo		104	424194	121056	294	
Vittoria		104	369515	145279	294	
Vittorio Veneto		104	459803	123006	294	
Voghera		104	449915	90117	294	
Volla		104	408736	143408	294	
Vomero		104	408428	142308	294	
Abengourou		105	67297	-34964	0	
Abidjan		105	53544	-40017	0	
Abobo		105	54161	-40159	0	
Aboisso		105	54678	-32071	0	
Adiaké	adiake	105	52863	-33040	0	
Adzopé	adzope	105	61069	-38619	0	
Affery		105	63204	-39524	0	
Agboville		105	59280	-42132	0	
Agnibilékrou	agnibilekrou	105	71311	-32042	0	
Ahouanou		105	55056	-48588	0	
Akoupé	akoupe	105	63842	-38876	0	
Ancien-Prozi		105	76688	-69688	0	
Anyama		105	54946	-40518	0	
Arrah		105	66734	-39694	0	
Balakouya		105	52077	-63516	0	
Bangolo		105	70123	-74864	0	
Bangolo Tahouake		105	70412	-71680	0	
Belleville		105	61802	-69053	0	
Belleville		105	68734	-68483	0	
Biankouma		105	77391	-76138	0	
Bingerville		105	53558	-38854	0	
Biéby	bieby	105	60787	-36355	0	
Bloléquin	blolequin	105	65691	-80025	0	
Boboniessoko		105	69659	-66565	0	
Bondoukou		105	80402	-28000	0	
Bongouanou		105	66518	-42041	0	
Bonon		105	69268	-60489	0	
Bonoua		105	52725	-35962	0	
Bonoufla		105	71291	-64742	0	
Bouaflé	bouafle	105	69904	-57442	0	
Bouaké	bouake	105	76938	-50303	0	
Bouna		105	92693	-29951	0	
Boundiali		105	95217	-64869	0	
Buyo		105	62753	-69970	0	
Bédiala	bediala	105	71601	-63064	0	
Béoumi	beoumi	105	76740	-55808	0	
Dabou		105	53256	-43768	0	
Dagadji		105	51257	-68148	0	
Dagbao I		105	55602	-60211	0	
Daloa		105	68774	-64502	0	
Danané	danane	105	72596	-81550	0	
Daoukro		105	70591	-39631	0	
Dianra		105	89433	-62549	0	
Diawala		105	101070	-54730	0	
Dimbokro		105	66468	-47052	0	
Divo		105	58374	-53572	0	
Diégonéfla	diegonefla	105	62892	-55741	0	
Djapadji		105	52911	-68202	0	
Doropo		105	98096	-33458	0	
Duekoué	duekoue	105	67420	-73492	0	
Fengolo		105	67863	-73934	0	
Ferkessédougou	ferkessedougou	105	95928	-51945	0	
Fronan		105	82149	-51255	0	
Gabiadji		105	50234	-65616	0	
Gagnoa		105	61319	-59506	0	
Galébré	galebre	105	60059	-62940	0	
Gbapleu		105	64798	-71653	0	
Gligbeuadji		105	52000	-67000	0	
Gnatroa		105	59227	-61501	0	
Gohouo		105	70540	-74404	0	
Gonaté	gonate	105	69042	-62435	0	
Goya		105	65649	-74274	0	
Grand-Bassam		105	52118	-37388	0	
Grand-Lahou		105	51382	-50212	0	
Grand-Zattry		105	61162	-65360	0	
Guibéroua	guiberoua	105	62387	-61715	0	
Guiglo		105	65437	-74935	0	
Guépaouo	guepaouo	105	64727	-57062	0	
Hiré	hire	105	61888	-52946	0	
Issia		105	64922	-65856	0	
Kahin		105	69141	-76312	0	
Kaouara		105	100908	-51948	0	
Katiola		105	81373	-51010	0	
Konéfla	konefla	105	66517	-56050	0	
Korhogo		105	94580	-56296	0	
Koumassi		105	52972	-39675	0	
Lakota		105	58475	-56820	0	
Luénoufla	luenoufla	105	70724	-62412	0	
Mabéhiri	mabehiri	105	56667	-64167	0	
Man		105	74125	-75538	0	
Marcory		105	53120	-39936	0	
Moussadougou		105	61540	-56933	0	
Méagui	meagui	105	54119	-65603	0	
M’Batto		105	64720	-43578	0	
M’Bengué	m’bengue	105	100024	-59004	0	
Ndouci		105	58638	-47609	0	
Niakaramandougou		105	86576	-52911	0	
Niellé	nielle	105	101981	-56234	0	
Odienné	odienne	105	95051	-75643	0	
Ouangolodougou		105	99684	-51488	0	
Oumé	oume	105	63831	-54176	0	
Oupoyo		105	55605	-65900	0	
Para		105	55196	-73276	0	
San-Pédro	san-pedro	105	47485	-66363	0	
Sassandra		105	49538	-60853	0	
Saïoua	saioua	105	64854	-62780	0	
Sinfra		105	66210	-59114	0	
Soubré	soubre	105	57838	-65939	0	
Séguéla	seguela	105	79611	-66731	0	
Tabou		105	44230	-73528	0	
Tafiré	tafire	105	90688	-51640	0	
Tanda		105	78034	-31683	0	
Tengréla	tengrela	105	104812	-64069	0	
Tiassalé	tiassale	105	58984	-48229	0	
Tiébissou	tiebissou	105	71577	-52248	0	
Touba		105	82833	-76833	0	
Toumodi		105	65580	-50177	0	
Vavoua		105	73819	-64778	0	
Yabayo		105	59388	-65983	0	
Yamoussoukro		105	68206	-52767	0	
Zagné	zagne	105	62102	-74828	0	
Zaliohouan		105	67952	-62355	0	
Zou		105	69765	-77983	0	
Zouan-Hounien		105	69194	-82065	0	
Zuénoula	zuenoula	105	74303	-60505	0	
Half Way Tree		106	180125	-767993	107	
Kingston		106	179970	-767936	107	
Linstead		106	181368	-770317	107	
Mandeville		106	180417	-775071	107	
May Pen		106	179645	-772452	107	
Montego Bay		106	184712	-779188	107	
New Kingston		106	180075	-767832	107	
Old Harbour		106	179414	-771090	107	
Portmore		106	179710	-768869	107	
Spanish Town		106	179911	-769574	107	
Abashiri		107	440213	1442697	231	
Abiko		107	358667	1400167	231	
Adachi		107	357632	1398076	231	adachi city
Agano		107	378360	1392233	231	
Ageo		107	359714	1396138	231	
Agui		107	349350	1369130	231	
Aihara		107	356000	1393167	231	
Aioi		107	348036	1344681	231	
Aira		107	317743	1305921	231	
Aisai		107	351635	1367322	231	
Aizu-Wakamatsu		107	374914	1399455	231	
Akaike		107	336919	1307653	231	
Akaiwa		107	348099	1340215	231	
Akashi		107	346552	1350069	231	
Akatsuka		107	357774	1396438	231	
Aki-takata		107	346742	1326819	231	
Akihabara		107	356985	1397725	231	
Akiruno		107	357285	1392318	231	
Akishima		107	357208	1393800	231	
Akita		107	397167	1401167	231	
Akune		107	320167	1302000	231	
Ama		107	351831	1367997	231	
Amagasaki		107	347167	1354167	231	
Amagi		107	334180	1306541	231	
Amakusa		107	324586	1301931	231	
Amami		107	283769	1294938	231	
Ami		107	360333	1402000	231	
Anan		107	339167	1346500	231	
Anjō	anjo	107	349583	1370805	231	
Annaka		107	363301	1388958	231	
Aobadai		107	355465	1395172	231	
Aomori		107	408167	1407333	231	
Aoto		107	357497	1398540	231	
Arai		107	370006	1382259	231	
Arakawa		107	357382	1397805	231	arakawa city
Arao		107	329789	1304457	231	
Arashiyama		107	350148	1356776	231	
Arida		107	340809	1351190	231	
Asagayakita		107	357109	1396372	231	
Asahi		107	357167	1406500	231	
Asahikawa		107	437706	1423649	231	
Asaka		107	358047	1396019	231	
Asakuchi		107	345348	1336030	231	
Asakura		107	334144	1307188	231	
Asakusa		107	357169	1397958	231	
Ashikaga		107	363333	1394500	231	
Ashiya		107	347281	1353026	231	
Aso		107	329373	1310801	231	
Atami		107	350883	1390532	231	
Atsugi		107	354427	1393693	231	
Awa		107	340920	1342845	231	
Awaji		107	344777	1349307	231	
Awara		107	362231	1361924	231	
Ayabe		107	353000	1352500	231	
Ayase		107	354352	1394256	231	
Azumino		107	362882	1378870	231	
Bandō	bando	107	360700	1398670	231	
Beppu		107	332794	1314975	231	
Bibai		107	433247	1418586	231	
Bizen		107	347867	1342354	231	
Bungo-Takada-shi		107	335567	1314451	231	bungotakada
Bunkyo		107	355331	1394217	231	bunkyo city
Buzen		107	336115	1311300	231	
Chatan		107	263095	1277702	231	
Chiba		107	356000	1401167	231	
Chichibu		107	359903	1390764	231	
Chigasaki		107	353364	1394043	231	
Chikugo		107	332054	1304918	231	
Chikuma		107	365272	1380894	231	
Chikusei		107	363160	1399824	231	
Chikushino-shi		107	334963	1305156	231	
Chino		107	359944	1381543	231	
Chiryū	chiryu	107	350000	1370333	231	
Chita		107	350027	1368642	231	
Chitose		107	428194	1416522	231	
Chiyoda		107	356845	1397506	231	chiyoda city
Choshi		107	357333	1408333	231	
Chōfu	chofu	107	356592	1395484	231	
Chūō	chuo	107	356700	1397754	231	
Chūō	chuo	107	355946	1385028	231	
Daisen		107	394412	1404896	231	
Daitō	daito	107	347138	1356203	231	
Date		107	378167	1405000	231	
Date		107	424681	1408681	231	
Dazaifu		107	335128	1305239	231	
Ebara		107	356130	1397032	231	
Ebetsu		107	431081	1415506	231	
Ebina		107	353812	1393965	231	
Echizen		107	358857	1361707	231	
Edogawe		107	356922	1398731	231	edogawa city
Ena		107	354472	1373833	231	
Eniwa		107	428936	1415760	231	
Enzan		107	357000	1387333	231	
Etajima		107	342386	1324797	231	
Fuchū	fuchu	107	356745	1394822	231	
Fuchū	fuchu	107	343879	1325100	231	
Fuchūchō	fuchucho	107	345735	1332351	231	
Fuefuki		107	356353	1386385	231	
Fuji		107	351667	1386833	231	
Fujieda		107	348667	1382667	231	
Fujiidera		107	345676	1355974	231	
Fujikawaguchiko		107	354893	1386883	231	
Fujimino		107	359020	1395249	231	
Fujinomiya		107	352167	1386167	231	
Fujioka		107	362462	1390720	231	
Fujisawa		107	353493	1394767	231	
Fujishiro		107	359167	1401167	231	
Fujiyoshida		107	354403	1387959	231	
Fukagawa		107	437081	1420392	231	
Fukayachō	fukayacho	107	362000	1392833	231	
Fukiage-fujimi		107	361000	1394500	231	
Fukuchiyama		107	353000	1351167	231	
Fukuechō	fukuecho	107	326973	1288456	231	
Fukui-shi		107	360644	1362226	231	
Fukuoka		107	336000	1304167	231	
Fukuroi		107	347500	1379167	231	
Fukushima		107	377500	1404667	231	
Fukutsu		107	337830	1304911	231	
Fukuyama		107	344833	1333667	231	
Funabori		107	356821	1398664	231	
Funaishikawa		107	364667	1405667	231	
Funehikimachi-funehiki		107	374472	1405771	231	
Furukawa		107	385717	1409556	231	
Fushimi		107	351143	1388974	231	
Fussa		107	357367	1393236	231	
Fusō	fuso	107	353578	1369098	231	
Futtsu		107	353108	1398188	231	
Gamagōri	gamagori	107	348333	1372333	231	
Gero		107	358000	1372333	231	
Gifu		107	354229	1367604	231	
Ginan		107	353883	1367848	231	
Ginowan		107	262626	1277615	231	
Gion		107	344333	1324667	231	
Gobō	gobo	107	338815	1351696	231	
Gohyakkoku		107	366641	1373166	231	
Gojō	gojo	107	343500	1357000	231	
Gose		107	344500	1357333	231	
Gosen		107	377333	1391667	231	
Goshogawara		107	408044	1404414	231	
Gotemba		107	353186	1389434	231	
Gotō	goto	107	326842	1288068	231	
Gujō	gujo	107	357369	1369585	231	
Gushikawa		107	263594	1278674	231	
Gyōda	gyoda	107	361407	1394601	231	
Gōtsuchō	gotsucho	107	350086	1322257	231	
Habikino		107	345528	1355910	231	
Hachimantai		107	398998	1411299	231	
Hachinohe		107	405000	1415000	231	
Hachiōji	hachioji	107	356558	1393239	231	
Hadano		107	353711	1392236	231	
Hagi		107	344000	1314167	231	
Hakodate		107	417758	1407367	231	
Hakonegasaki		107	357694	1393511	231	
Hakui		107	368833	1367833	231	
Hamada		107	348833	1320833	231	
Hamakita		107	348000	1377833	231	
Hamamatsu		107	347000	1377333	231	
Hamanoichi		107	317167	1307333	231	
Hamura		107	357623	1393195	231	
Hanamaki		107	393833	1411167	231	
Hanawa		107	401836	1407872	231	
Handa		107	348833	1369333	231	
Hannan		107	343333	1352500	231	
Hannō	hanno	107	358519	1393181	231	
Hanyū	hanyu	107	361667	1395333	231	
Haruta		107	351422	1368121	231	
Hashima		107	353290	1366805	231	
Hashimoto		107	343167	1356167	231	
Hasuda		107	359711	1396491	231	
Hatogaya-honchō	hatogaya-honcho	107	358331	1397425	231	
Hatsukaichi		107	343500	1323333	231	
Hayama		107	352765	1395773	231	
Hayashino		107	350000	1341500	231	
Hekinan		107	348833	1369833	231	
Hida		107	362448	1371732	231	
Hidaka		107	359166	1393623	231	
Higashi-Matsuyama		107	360333	1394167	231	
Higashigō	higashigo	107	331908	1301380	231	
Higashihiroshima		107	344086	1327368	231	
Higashikagawa		107	342102	1343365	231	
Higashikurume		107	357520	1395117	231	
Higashimatsushima		107	384089	1411790	231	
Higashimurayama		107	357546	1394685	231	
Higashine		107	384389	1404006	231	
Higashinozoe		107	347175	1348816	231	
Higashiosaka		107	346667	1355833	231	
Higashiyamato		107	357630	1394458	231	
Hiji		107	333708	1315302	231	
Hikari		107	339550	1319500	231	
Hikarigaoka		107	357574	1396273	231	
Hikiso		107	345442	1357382	231	
Hikone		107	352500	1362500	231	
Himeji		107	348167	1347000	231	
Himi		107	368467	1369836	231	
Himimachi		107	368561	1369885	231	
Hino		107	356731	1394003	231	
Hirado		107	333685	1295525	231	
Hiragi		107	342706	1341307	231	
Hirai		107	357077	1398425	231	
Hirakata		107	348135	1356491	231	
Hirakawa		107	405873	1405711	231	
Hirara		107	248038	1253022	231	
Hiratachō	hiratacho	107	354333	1328167	231	
Hiratsuka		107	353278	1393373	231	
Hirosaki		107	405931	1404725	231	
Hiroshima		107	344000	1324500	231	
Hisai-motomachi		107	346667	1364667	231	
Hita		107	333213	1309410	231	
Hitachi		107	366000	1406500	231	
Hitachi-Naka		107	363966	1405348	231	
Hitachi-ota		107	365513	1405282	231	
Hitachiomiya		107	365645	1404027	231	
Hitokawame		107	406359	1414448	231	
Hitoyoshi		107	322167	1307500	231	
Hizume		107	395500	1411667	231	
Hobaramachi		107	378167	1405500	231	
Hokota		107	361500	1405167	231	
Hokuto		107	358346	1383961	231	
Hokuto		107	418163	1406347	231	
Honchō	honcho	107	357013	1399865	231	funabashi
Honchō	honcho	107	418944	1406939	231	
Hondomachi-hondo		107	324599	1301671	231	
Honjō	honjo	107	362378	1391902	231	
Honmachi		107	325044	1305995	231	
Horikiri		107	357458	1398274	231	
Hotaka		107	363396	1378825	231	
Hyūga	hyuga	107	324227	1316409	231	
Hōfu	hofu	107	340500	1315667	231	
Hōjō	hojo	107	339766	1327777	231	
Hōryūji	horyuji	107	346123	1357375	231	
Hōshakuji	hoshakuji	107	366333	1399833	231	
Ibara		107	346000	1334667	231	
Ibaraki		107	348164	1355683	231	
Ibusuki		107	312333	1306500	231	
Ichihara		107	355167	1400833	231	
Ichikawa		107	357341	1399065	231	
Ichikikushikino		107	317293	1302930	231	
Ichinomiya		107	353000	1368000	231	
Ichinoseki		107	389167	1411333	231	
Iga		107	347580	1361347	231	
Iida		107	355196	1378207	231	
Iizuka		107	336365	1306868	231	
Ijūin	ijuin	107	316167	1304000	231	
Ikaruga		107	348348	1345780	231	
Ikeda		107	348221	1354298	231	
Ikedachō	ikedacho	107	340285	1338062	231	
Ikegami		107	355767	1397052	231	
Ikeno		107	354333	1365833	231	
Iki		107	337829	1297209	231	
Ikoma		107	346833	1357000	231	
Imabari		107	340700	1330002	231	
Imaichi		107	367167	1396833	231	
Imarichō-kō	imaricho-ko	107	332736	1298788	231	
Imizu		107	367684	1371257	231	
Ina		107	358276	1379538	231	
Inabe		107	351134	1365720	231	
Inada		107	364333	1405167	231	
Inagi		107	356330	1394997	231	
Inami		107	347481	1349128	231	
Inashiki		107	359563	1403236	231	
Inazawa		107	352500	1367833	231	
Innoshima		107	342833	1331833	231	
Ino		107	335500	1334333	231	
Inuyama		107	353800	1369430	231	
Inzai		107	358348	1401636	231	
Iruma		107	358180	1393680	231	
Isa		107	320672	1306118	231	
Isahaya		107	328411	1300431	231	
Isawa		107	356500	1386333	231	
Ise		107	344833	1367000	231	
Isehara		107	353993	1393102	231	
Isesaki		107	363167	1392000	231	
Ishigaki		107	243448	1241572	231	
Ishigami		107	362500	1391500	231	
Ishige		107	361167	1399667	231	
Ishii		107	340675	1344421	231	
Ishikari		107	432397	1413539	231	
Ishikawa		107	264233	1278214	231	
Ishiki		107	348000	1370167	231	
Ishinomaki		107	384167	1413000	231	
Ishioka		107	361833	1402667	231	
Isumi		107	352300	1404049	231	
Itabashi		107	357489	1397150	231	tabashi city
Itako		107	359333	1405500	231	
Itami		107	347843	1354013	231	
Itogawa		107	340262	1352528	231	
Itoigawa		107	370333	1378500	231	
Itoman		107	261265	1276692	231	
Itoshima		107	335422	1301842	231	
Itsukaichi		107	357253	1392178	231	
Itō	ito	107	349667	1390833	231	
Iwade		107	342500	1353167	231	
Iwai		107	360500	1399000	231	
Iwaki		107	370500	1408833	231	
Iwakuni		107	341630	1322200	231	
Iwakura		107	352833	1368667	231	
Iwamizawa		107	432003	1417597	231	
Iwanuma		107	381047	1408594	231	
Iwase		107	363500	1401000	231	
Iwata		107	347000	1378500	231	
Iwatsuki		107	359647	1396964	231	
Iyo		107	337514	1327014	231	
Izu		107	349716	1389464	231	
Izumi		107	344833	1354333	231	
Izumi		107	320833	1303667	231	
Izumisano		107	344167	1353167	231	
Izumiōtsu	izumiotsu	107	345000	1354000	231	
Izumo		107	353667	1327667	231	
Izunokuni		107	350391	1389514	231	
Jōetsu	joetsu	107	371483	1382364	231	
Jōsō	joso	107	360355	1399614	231	
Jōyō	joyo	107	348440	1358056	231	
Kachidoki		107	356578	1397749	231	
Kadoma		107	347381	1355744	231	
Kaga		107	363000	1363333	231	
Kagoshima		107	315667	1305500	231	
Kahoku		107	367576	1367116	231	
Kai		107	356846	1385098	231	
Kainan		107	341517	1352140	231	
Kaitaichi		107	343667	1325333	231	
Kaizu		107	352017	1366350	231	
Kaizuka		107	344500	1353500	231	
Kajiki		107	317333	1306667	231	
Kakamigahara		107	354167	1368667	231	
Kakegawa		107	347667	1380167	231	
Kakogawachō-honmachi	kakogawacho-honmachi	107	347694	1348290	231	
Kakuda		107	379745	1407720	231	
Kamagaya		107	357697	1400024	231	
Kamaishi		107	392769	1418680	231	
Kamakura		107	353108	1395470	231	
Kamata		107	355635	1397210	231	
Kameda-honchō	kameda-honcho	107	378721	1391099	231	
Kameoka		107	350000	1355833	231	
Kameyama		107	348500	1364500	231	
Kami		107	335294	1307648	231	
Kamifukuoka		107	358727	1395137	231	
Kamigyō-ku	kamigyo-ku	107	350295	1357567	231	
Kamiiso		107	418201	1406448	231	
Kamikoizumi		107	362643	1394291	231	
Kamimaruko		107	363186	1382733	231	
Kaminokawa		107	364333	1399167	231	
Kaminoma		107	348080	1368644	231	
Kaminoyama		107	381539	1402736	231	
Kamirenjaku		107	356942	1395550	231	
Kamisu		107	358968	1406667	231	
Kamizawa		107	351015	1389540	231	
Kamo		107	376644	1390350	231	
Kamogawa		107	350969	1401003	231	
Kamojimachō-jōgejima	kamojimacho-jogejima	107	340680	1343503	231	
Kanazawa		107	366000	1366167	231	
Kanda		107	337833	1309833	231	
Kanegusuku		107	261970	1277259	231	
Kanekomachi		107	364110	1389962	231	
Kani		107	354044	1370560	231	
Kanie		107	351333	1368000	231	
Kanmaki		107	345642	1357063	231	
Kannabechō-yahiro	kannabecho-yahiro	107	345581	1334180	231	
Kanoya		107	313833	1308500	231	
Kanuma		107	365500	1397333	231	
Kanzakimachi-kanzaki		107	333090	1303738	231	
Kan’onjichō	kan’onjicho	107	341276	1336460	231	
Karatsu		107	334425	1299697	231	
Kariya		107	349833	1369833	231	
Kariya		107	347514	1343873	231	
Kasai		107	349263	1348453	231	
Kasama		107	363833	1402667	231	
Kasamatsuchō	kasamatsucho	107	353667	1367667	231	
Kasaoka		107	345060	1335039	231	
Kaseda-shirakame		107	314167	1303167	231	
Kashiba		107	345347	1357092	231	
Kashihara		107	345833	1356167	231	
Kashihara-shi		107	345090	1357929	231	
Kashima		107	331061	1300906	231	
Kashima-shi		107	359654	1406447	231	
Kashiwa		107	358622	1399773	231	
Kashiwara		107	344500	1357667	231	
Kashiwazaki		107	373667	1385500	231	
Kasuga		107	335259	1304611	231	
Kasugai		107	352476	1369723	231	
Kasukabe		107	359831	1397497	231	
Kasumigaura		107	361533	1402464	231	
Katagami		107	398787	1399977	231	
Katanawa		107	335211	1304244	231	
Katano		107	347933	1356860	231	
Katori-shi		107	358977	1404994	231	
Katsuragi		107	344856	1356970	231	
Katsuren-haebaru		107	263329	1278740	231	
Katsushika		107	357333	1398500	231	katsushika-ku
Katsuta		107	363833	1405333	231	
Katsuyama		107	360617	1365010	231	
Katō	kato	107	349242	1350261	231	
Kawachi-Nagano		107	344411	1355828	231	
Kawagoe		107	359086	1394853	231	
Kawaguchi		107	358052	1397107	231	
Kawanishi		107	348167	1354167	231	
Kawanoechō	kawanoecho	107	340165	1335784	231	
Kawasaki		107	355206	1397172	231	
Kazo		107	361167	1396000	231	
Kesennuma		107	389011	1415775	231	
Kikuchi		107	329833	1308167	231	
Kikugawa		107	347029	1381198	231	
Kimitsu		107	353504	1398703	231	
Kimokawa		107	348797	1353670	231	
Kinokawa		107	342697	1354104	231	
Kinoshita		107	359006	1379878	231	
Kirishima		107	317409	1307629	231	
Kiryū	kiryu	107	364000	1393333	231	
Kisarazu		107	353833	1399325	231	
Kishiwada		107	344667	1353667	231	
Kita		107	357526	1397335	231	kita-ku
Kita-Akita		107	401996	1403939	231	
Kitahama		107	351667	1359167	231	
Kitahiroshima		107	429758	1415672	231	
Kitaibaraki		107	367867	1407490	231	
Kitakami		107	392833	1411167	231	
Kitakata		107	376500	1398667	231	
Kitakyushu		107	338518	1308503	231	
Kitami		107	438031	1438908	231	
Kitamoto		107	360332	1395378	231	
Kitanagoya		107	352470	1368783	231	
Kitsuki		107	334200	1316184	231	
Kiyose		107	357795	1395301	231	
Kiyosu		107	352167	1368333	231	
Kizugawa		107	347367	1358399	231	
Kobayashi		107	319833	1309833	231	
Kobe		107	346913	1351830	231	
Kochi		107	335500	1335333	231	
Kodaira		107	357260	1394851	231	
Kodamachō-kodamaminami	kodamacho-kodamaminami	107	361850	1391319	231	
Kofu		107	356667	1385667	231	
Koga		107	361833	1397167	231	
Koga		107	337333	1304667	231	
Koganei		107	357001	1395111	231	
Kogota-ekimae		107	385333	1410667	231	
Kokubu-matsuki		107	317333	1307667	231	
Kokubunji		107	357022	1394756	231	
Komae		107	356342	1395755	231	
Komagane		107	357166	1379375	231	
Komaki		107	352833	1369167	231	
Komatsu		107	364026	1364509	231	
Komatsushimachō	komatsushimacho	107	340000	1345833	231	
Komono		107	350000	1365167	231	
Komoro		107	363167	1384333	231	
Konan		107	349992	1360967	231	
Kosai		107	347005	1375225	231	
Koshigaya		107	358904	1397892	231	
Kotō	koto	107	327786	1307454	231	koto city
Kozakai-chō	kozakai-cho	107	348000	1373589	231	
Kudamatsu		107	340096	1318664	231	
Kuji		107	401878	1417689	231	
Kukichūō	kukichuo	107	360674	1396750	231	
Kumagaya		107	361350	1393900	231	
Kumamoto		107	328059	1306918	231	
Kumano		107	343328	1325697	231	
Kunisaki		107	335547	1317280	231	
Kunitachi		107	356833	1394385	231	
Kurashiki		107	345833	1337667	231	
Kurayoshi		107	354333	1338167	231	
Kure		107	342322	1325666	231	
Kurihama		107	352280	1397021	231	
Kurihara		107	387500	1410000	231	
Kurihashi		107	361333	1397000	231	
Kurobe-shi		107	369012	1374495	231	
Kuroda		107	353500	1367833	231	
Kuroishi		107	406458	1405835	231	
Kuroiso		107	369667	1400500	231	
Kurono		107	354667	1366333	231	
Kurume		107	333167	1305167	231	
Kusatsu		107	350167	1359667	231	
Kushikino		107	317167	1302667	231	
Kushima		107	314862	1312421	231	
Kushiro		107	429750	1443747	231	
Kuwana		107	350519	1366696	231	
Kyoto		107	350211	1357538	231	
Kyōtanabe	kyotanabe	107	348045	1357668	231	
Kyōtango	kyotango	107	356062	1350443	231	
Kōka	koka	107	349802	1361575	231	
Kōnan	konan	107	353317	1368704	231	
Kōnosu	konosu	107	360687	1395168	231	
Kōriyama	koriyama	107	374000	1403833	231	
Kōshi	koshi	107	328927	1307757	231	
Kōshū	koshu	107	357242	1387711	231	
Kōta	kota	107	348748	1371709	231	
Kōtari	kotari	107	349210	1357055	231	
Machida		107	355403	1394508	231	
Machiya		107	357480	1397813	231	
Maebaru-chūō	maebaru-chuo	107	335592	1302015	231	
Maebashi		107	364000	1390833	231	
Maibara		107	353167	1362833	231	
Maizuru		107	354500	1353333	231	
Maki		107	377500	1388833	231	
Makubetsu		107	453714	1418211	231	
Makuhari		107	356500	1400500	231	
Makurazaki		107	312667	1303167	231	
Maniwa		107	351064	1337201	231	
Marugame		107	342833	1337833	231	
Maruobara		107	347392	1381430	231	
Maruoka		107	361534	1362703	231	
Masaki-chō	masaki-cho	107	337876	1327112	231	
Mashiko		107	364667	1401000	231	
Masuda		107	346667	1318500	231	
Matsubara		107	345667	1355500	231	
Matsubase		107	326500	1306667	231	
Matsubushi		107	359190	1398113	231	
Matsudo		107	357800	1399014	231	
Matsue		107	354833	1330500	231	
Matsumoto		107	362333	1379667	231	
Matsusaka		107	345790	1365371	231	
Matsutō	matsuto	107	365167	1365667	231	
Matsuura		107	333406	1296950	231	
Matsuyama		107	338392	1327657	231	
Meguro		107	356322	1397017	231	meguro city
Menuma		107	362224	1393820	231	
Mibu		107	364167	1398000	231	
Midori		107	364449	1392845	231	
Mie		107	329667	1315833	231	
Mihara		107	344000	1330833	231	
Miki		107	348000	1349833	231	
Mikuni		107	362149	1361483	231	
Mima		107	340549	1341396	231	
Minakuchichō-matoba	minakuchicho-matoba	107	349667	1361667	231	
Minamata		107	322167	1304000	231	
Minami-Alps		107	356160	1384634	231	
Minami-Sōma	minami-soma	107	376291	1409787	231	
Minamiarupusu		107	356086	1384647	231	
Minamiashigara		107	353195	1391096	231	
Minamiawaji		107	342740	1347751	231	
Minamibōsō	minamiboso	107	350313	1399265	231	
Minamikyushu		107	313469	1304561	231	
Minamirinkan		107	354953	1394428	231	
Minamisatsuma		107	313900	1302834	231	
Minamishimabara		107	326733	1302675	231	
Minamiuonuma		107	370826	1388741	231	
Minase		107	348772	1356651	231	
Minato		107	342152	1351501	231	
Minato City		107	356581	1397515	231	
Minawa		107	355228	1393194	231	
Mine		107	341868	1312162	231	
Minoh		107	348269	1354706	231	
Minokamo		107	354820	1370217	231	
Misato, Saitama		107	358437	1398835	231	
Misawa		107	406868	1413897	231	
Mishima		107	351167	1389167	231	
Mito		107	363500	1404500	231	
Mitoyo		107	342105	1336746	231	
Mitsukaidō	mitsukaido	107	360167	1399833	231	
Mitsuke		107	375333	1389333	231	
Miura		107	351400	1396192	231	
Miyako		107	396469	1419406	231	
Miyakojima		107	247902	1253111	231	
Miyakonojō	miyakonojo	107	317333	1310667	231	
Miyama		107	331210	1305001	231	
Miyaodai		107	338466	1307128	231	
Miyashiro		107	360223	1397295	231	
Miyawaka		107	337171	1306412	231	
Miyazaki		107	319167	1314167	231	
Miyoshi		107	350897	1370900	231	
Miyoshi		107	348000	1328500	231	
Miyoshidai		107	358332	1395444	231	
Mizuho		107	353943	1366690	231	
Mizunami		107	353667	1372500	231	
Mizusawa		107	391333	1411333	231	
Mobara		107	354258	1402961	231	
Mochibaru		107	317551	1311298	231	
Mombetsu		107	443525	1433525	231	
Mooka		107	364333	1400167	231	
Moriguchi		107	347333	1355667	231	
Morioka		107	397000	1411500	231	
Moriya		107	359333	1400000	231	
Moriyama		107	350667	1359833	231	
Morohongō	morohongo	107	359356	1393044	231	
Morowa		107	351000	1370667	231	
Motomachi		107	438263	1440964	231	
Motomiya		107	375139	1404006	231	
Motosu		107	354838	1366744	231	
Muikamachi		107	370667	1388833	231	
Mukai-awagasaki		107	366325	1366373	231	
Mukō	muko	107	349654	1357042	231	
Munakata		107	337957	1305590	231	
Murakami		107	382333	1394833	231	
Murata		107	381186	1407243	231	
Murayama		107	384697	1404144	231	
Muroran		107	423172	1409881	231	
Musashimurayama		107	357424	1394264	231	
Musashino		107	357061	1395594	231	
Mutsu		107	412894	1412169	231	
Myoko		107	370253	1382556	231	
Nabari		107	346167	1360833	231	
Nagahama		107	353833	1362667	231	
Nagai		107	381036	1400350	231	
Nagakute		107	351733	1370567	231	
Nagano		107	366500	1381833	231	
Nagaoka		107	374500	1388500	231	
Nagareyama		107	358563	1399027	231	
Nagasaki		107	327500	1298833	231	
Nagato		107	343833	1312000	231	
Nago		107	266150	1279854	231	
Nagoya		107	351815	1369064	231	
Naha		107	262130	1276785	231	
Naka		107	360500	1401667	231	
Naka-niida		107	385686	1408536	231	
Nakagusuku		107	262500	1277833	231	
Nakama		107	338169	1307096	231	
Nakamura		107	329833	1329333	231	
Nakano		107	357045	1396695	231	nakano city
Nakano		107	367500	1383667	231	
Nakashibetsu		107	435485	1449718	231	
Nakatogari		107	351353	1389028	231	
Nakatsu		107	335981	1311883	231	
Nakatsugawa		107	354833	1375000	231	
Nakatsukuma		107	333235	1304422	231	
Namegata		107	360070	1404962	231	
Namerikawa		107	367596	1373622	231	
Namie		107	374833	1410000	231	
Nanao		107	370482	1369680	231	
Nanjō	nanjo	107	261445	1277670	231	
Nankoku		107	335694	1336494	231	
Nantan		107	351098	1354916	231	
Nanto		107	365127	1368935	231	
Nanto-shi		107	365692	1369116	231	
Nanyō	nanyo	107	380432	1401128	231	
Nara-shi		107	346850	1358048	231	
Narashino		107	356818	1400415	231	
Narimasu		107	357836	1396323	231	
Narita		107	357833	1403167	231	
Narutochō-mitsuishi	narutocho-mitsuishi	107	341993	1346093	231	
Narutō	naruto	107	356000	1404167	231	
Nasu		107	370421	1400938	231	
Nasukarasuyama		107	366523	1401608	231	
Nasushiobara		107	369768	1400664	231	
Natori-shi		107	381667	1408833	231	
Nayoro		107	443506	1424578	231	
Naze		107	283667	1294833	231	
Nemuro		107	433236	1455750	231	
Neyagawa		107	347662	1356276	231	
Nichinan		107	316000	1313667	231	
Nihammatsu		107	353728	1393917	231	
Nihommatsu		107	375833	1404333	231	
Niigata		107	379226	1390412	231	
Niihama		107	339605	1333052	231	
Niimi		107	349833	1334667	231	
Niitsu-honchō	niitsu-honcho	107	378002	1391224	231	
Niiza		107	358209	1395579	231	
Nikaho		107	392708	1399395	231	
Nikkō	nikko	107	367500	1396167	231	
Ninohe		107	402908	1413133	231	
Ninomiya		107	353015	1392558	231	
Nirasaki		107	357000	1384500	231	
Nishi-Tokyo-shi		107	357253	1395383	231	
Nishiarai		107	357847	1397788	231	
Nishifukuma		107	337663	1304746	231	
Nishihara		107	262535	1277435	231	
Nishinippori		107	357326	1397696	231	
Nishinomiya		107	347156	1353320	231	
Nishio		107	348667	1370500	231	
Nishishinminato		107	367796	1370758	231	
Nishiwaki		107	349842	1349741	231	
Nisshin		107	351368	1370524	231	
Nobeoka		107	325833	1316667	231	
Noboribetsu		107	424522	1411791	231	
Noborito		107	356220	1395605	231	
Noda		107	359490	1398679	231	
Nogi		107	362279	1397345	231	
Nomimachi		107	364097	1364847	231	
Nonoichi		107	365333	1366167	231	
Noshiro		107	402084	1400274	231	
Numata		107	366333	1390500	231	
Numazu		107	351000	1388667	231	
Nyūzen	nyuzen	107	369374	1375006	231	
Nōgata	nogata	107	337405	1307226	231	
Obama		107	354958	1357460	231	
Obihiro		107	429172	1432044	231	
Obita		107	328167	1298833	231	
Odawara		107	352556	1391597	231	
Oga		107	398710	1398493	231	
Ogawa		107	349667	1369667	231	
Ogawamachi		107	360534	1392661	231	
Ogi		107	332803	1301950	231	
Ogikubo		107	356982	1396237	231	
Ogura		107	364569	1389951	231	
Ogōri	ogori	107	333874	1305486	231	
Ogōri-shimogō	ogori-shimogo	107	341000	1314000	231	
Oji		107	345986	1357021	231	
Ojiya		107	373000	1388000	231	
Okaya		107	360566	1380451	231	
Okayama		107	346500	1339333	231	
Okazaki		107	349500	1371667	231	
Okegawa		107	360000	1395572	231	
Okinawa		107	263358	1278014	231	
Okino		107	328701	1307917	231	
Okunoya		107	362833	1404167	231	
Omaezaki		107	345988	1382193	231	
Omigawa		107	358500	1406167	231	
Omitama		107	362545	1403796	231	
Ono		107	348500	1349333	231	
Ono		107	359811	1364873	231	
Onoda		107	340014	1311836	231	
Onomichi		107	344167	1332000	231	
Osaka		107	346938	1355011	231	
Otaru		107	431894	1410022	231	
Otofuke		107	429917	1432003	231	
Owariasahi		107	352080	1370300	231	
Oyabe		107	366667	1368500	231	
Oyama		107	363000	1398000	231	
Rifu		107	383309	1409769	231	
Rittō	ritto	107	350274	1359997	231	
Rumoi		107	439344	1416428	231	
Ryōgoku	ryogoku	107	357167	1403667	231	
Ryūgasaki	ryugasaki	107	359000	1401833	231	
Ryūō	ryuo	107	356500	1385000	231	
Sabae		107	359465	1361850	231	
Sado		107	380250	1383593	231	
Saga		107	332333	1303000	231	
Sagae		107	383725	1402725	231	
Sagamihara		107	355671	1392417	231	
Sagara		107	346850	1382046	231	
Saijō	saijo	107	339167	1331833	231	
Saikai		107	329839	1296809	231	
Saiki		107	329500	1319000	231	
Saikū	saiku	107	345333	1366333	231	
Saitama		107	359081	1396566	231	
Saito		107	320820	1313996	231	
Sakado		107	359569	1393889	231	
Sakai		107	345822	1354665	231	
Sakai		107	361473	1361941	231	
Sakai		107	361000	1398000	231	
Sakai-nakajima		107	362667	1392500	231	
Sakaidechō	sakaidecho	107	343228	1338356	231	
Sakaiminato		107	355377	1332309	231	
Sakata		107	389167	1398550	231	
Saku		107	362167	1384833	231	
Sakura		107	357167	1402333	231	
Sakura		107	367207	1399878	231	
Sakuradai		107	357440	1396607	231	
Sakurai		107	345000	1358500	231	
Sandachō	sandacho	107	348844	1352269	231	
Sanjō	sanjo	107	376167	1389500	231	
Sanmu		107	356276	1404176	231	
Sano		107	363167	1395833	231	
Sanyōonoda	sanyoonoda	107	340325	1311603	231	
Sapporo		107	430667	1413500	231	
Sarubetsu		107	428724	1433376	231	
Sasaguri		107	336156	1305510	231	
Sasayama		107	350667	1352167	231	
Sasebo		107	331683	1297250	231	
Satte		107	360725	1397262	231	
Sawara		107	358833	1405000	231	
Sayama		107	358530	1394121	231	
Sayama		107	345168	1355630	231	
Sekimachi		107	354833	1369167	231	
Semboku		107	397093	1407465	231	
Sendai		107	382667	1408667	231	
Sendai		107	318167	1303000	231	
Sennan		107	343484	1352684	231	
Setagaya		107	356419	1396472	231	setagaya city
Setakamachi-takayanagi		107	331486	1304655	231	
Seto		107	352333	1371000	231	
Setouchi		107	346592	1341424	231	
Settsu		107	347782	1355951	231	
Shibata		107	379500	1393333	231	
Shibetsu		107	436590	1451320	231	
Shibukawa		107	364833	1390000	231	
Shibushi		107	314760	1311011	231	
Shibuya		107	356589	1397066	231	shibuya city
Shido		107	343233	1341733	231	
Shijōnawate	shijonawate	107	347333	1356833	231	
Shiki		107	358333	1395833	231	
Shikokuchūō	shikokuchuo	107	339754	1335490	231	
Shima		107	343333	1368333	231	
Shimabara		107	327833	1303667	231	
Shimada		107	348167	1381833	231	
Shimada		107	327568	1307904	231	
Shime		107	335870	1304868	231	
Shimo-furano		107	433500	1423833	231	
Shimo-tsuma		107	361833	1399667	231	
Shimoda		107	329458	1329863	231	
Shimoda		107	346765	1389446	231	
Shimodate		107	363000	1399833	231	
Shimonoseki		107	339555	1309371	231	
Shimotoda		107	358150	1396853	231	
Shimotsuke		107	364132	1398662	231	
Shinagawa		107	336363	1330057	231	shinagawa city
Shinden		107	359997	1396249	231	
Shingū	shingu	107	337140	1304313	231	
Shingū	shingu	107	337333	1359833	231	
Shinjuku		107	356912	1397085	231	
Shinjō	shinjo	107	387586	1403008	231	
Shinshiro		107	349000	1375000	231	
Shiogama		107	383167	1410333	231	
Shiojiri		107	361000	1379667	231	
Shirahama		107	336833	1353500	231	
Shirahamachō-usazakiminami	shirahamacho-usazakiminami	107	347833	1347167	231	
Shirakawa		107	371195	1402621	231	
Shiraoka		107	360184	1396603	231	
Shiroi		107	358000	1400667	231	
Shiroishi		107	380033	1406183	231	
Shirone		107	377635	1390220	231	
Shisō	shiso	107	349811	1345640	231	
Shizunai-furukawachō	shizunai-furukawacho	107	423339	1423669	231	
Shizuoka		107	349833	1383833	231	
Shōbara	shobara	107	348500	1330167	231	
Shōbu	shobu	107	360667	1396000	231	
Shūnan	shunan	107	340805	1318256	231	
Sobue		107	352500	1367167	231	
Sodegaura		107	354137	1400214	231	
Soo		107	316464	1309907	231	
Sue		107	335915	1305042	231	
Sugai		107	347548	1357968	231	
Suginami		107	362013	1402841	231	suginami city
Sugita		107	353761	1396171	231	
Sugito		107	360311	1397264	231	
Suita		107	347614	1355157	231	
Sukagawa		107	372833	1403833	231	
Sumida		107	357329	1398208	231	sumida city
Sumiyoshi		107	347500	1382500	231	
Sumoto		107	343432	1348891	231	
Susaki		107	333947	1332913	231	
Susono		107	351739	1389069	231	
Suwa		107	360380	1381131	231	
Suzaka		107	366500	1383167	231	
Suzuka		107	348833	1365833	231	
Sōja	soja	107	346753	1337509	231	
Sōka	soka	107	358364	1397996	231	
Sōma	soma	107	377928	1409294	231	
Sōsa	sosa	107	357154	1405531	231	
Tachikawa		107	357091	1394189	231	
Tadotsu		107	342750	1337500	231	
Tagajō-shi	tagajo-shi	107	383000	1410000	231	
Tagawa		107	336333	1308000	231	
Tahara		107	346680	1372674	231	
Tainai		107	380646	1394056	231	
Taito		107	357075	1397788	231	taito city
Tajimi		107	353167	1371333	231	
Takabō	takabo	107	341283	1345340	231	
Takada		107	353000	1365667	231	
Takahagi		107	367167	1407167	231	
Takahama		107	349167	1369833	231	
Takahashi		107	347833	1336167	231	
Takahata		107	380025	1401911	231	
Takaishi		107	345167	1354333	231	
Takamatsu		107	343333	1340500	231	
Takanawa		107	356321	1397342	231	
Takaoka		107	367500	1370167	231	
Takarazuka		107	347994	1353570	231	
Takasago		107	347630	1347923	231	
Takasaki		107	363333	1390167	231	
Takashima		107	354135	1360161	231	
Takashimadaira		107	357861	1396612	231	
Takatsuki		107	348483	1356168	231	
Takayama		107	361333	1372500	231	
Takefu		107	359039	1361669	231	
Takehara		107	343383	1329167	231	
Takeo		107	331901	1300208	231	
Taketoyo		107	348500	1369167	231	
Takikawa		107	435528	1419064	231	
Takinomiya		107	342464	1339230	231	
Takizawa		107	398028	1411347	231	
Tama		107	356436	1394684	231	
Tamamura		107	363000	1391167	231	
Tamana		107	329472	1305745	231	
Tamano		107	345174	1339457	231	
Tamba		107	351748	1350310	231	
Tamba-Sasayama		107	350732	1352178	231	
Tamura		107	374305	1406034	231	
Tanabe		107	337333	1353667	231	
Tanabe		107	348224	1357660	231	
Tanashichō	tanashicho	107	357292	1395381	231	
Tanba		107	351603	1350391	231	
Tanuma		107	363667	1395833	231	
Tarui		107	353667	1365333	231	
Tatebayashi		107	362500	1395333	231	
Tateyama		107	349833	1398667	231	
Tatsuno		107	348318	1345434	231	
Tatsuno-kita		107	345968	1356928	231	
Tatsunochō-tominaga	tatsunocho-tominaga	107	348644	1345520	231	
Tawaramoto		107	345542	1357930	231	
Tendō	tendo	107	383536	1403697	231	
Tennō	tenno	107	399000	1399667	231	
Tenri		107	345833	1358333	231	
Tochigi		107	363833	1397333	231	
Tochio-honchō	tochio-honcho	107	374764	1389951	231	
Togitsu		107	328333	1298500	231	
Tokai		107	364740	1405636	231	
Toki		107	353500	1371833	231	
Tokoname		107	348833	1368500	231	
Tokorozawa		107	357992	1394690	231	
Tokushima		107	340667	1345667	231	
Tokuyama		107	340500	1318167	231	
Tokyo		107	356895	1396917	231	
Tomakomai		107	426369	1416033	231	
Tome		107	387088	1411558	231	
Tomigusuku		107	261858	1276819	231	
Tomioka		107	362541	1388981	231	
Tomiya		107	383931	1408861	231	
Tomobe		107	363500	1403000	231	
Tonami		107	366205	1369432	231	
Tondabayashichō	tondabayashicho	107	345006	1356021	231	
Toride		107	359000	1400833	231	
Tosa		107	335048	1334448	231	
Tosayamadachō-nakano	tosayamadacho-nakano	107	336000	1336833	231	
Toshima		107	357613	1397449	231	toshima city
Tosu		107	333667	1305167	231	
Tottori-shi		107	355000	1342333	231	
Towada		107	406205	1412107	231	
Toyama		107	367000	1372167	231	
Toyoake		107	350380	1369993	231	
Toyohama		107	347093	1369342	231	
Toyohashi		107	347667	1373833	231	
Toyokawa		107	348167	1374000	231	
Toyonaka		107	347824	1354693	231	
Toyooka		107	355401	1348204	231	
Toyoshina		107	362999	1379011	231	
Toyosu		107	356509	1397916	231	
Toyota		107	350833	1371500	231	
Tsu		107	347333	1365167	231	
Tsubame		107	376645	1389252	231	
Tsubata		107	366701	1367403	231	
Tsuchiura		107	360905	1402105	231	
Tsugaru		107	408036	1404030	231	
Tsukuba		107	360833	1401167	231	
Tsukubamirai		107	359841	1400093	231	
Tsukumiura		107	330754	1318691	231	
Tsuma		107	321000	1314000	231	
Tsuru		107	355473	1389096	231	
Tsuruga		107	356530	1360633	231	
Tsurugashima		107	359600	1394028	231	
Tsurugi-asahimachi		107	364500	1366333	231	
Tsuruoka		107	387217	1398217	231	
Tsurusaki		107	332453	1316916	231	
Tsushima		107	351667	1367167	231	
Tsushima		107	342063	1292908	231	
Tsuyama		107	350522	1339988	231	
Tōgane	togane	107	355500	1403667	231	
Tōin	toin	107	350947	1366006	231	
Tōkai	tokai	107	350227	1369089	231	
Tōkamachi	tokamachi	107	371333	1387667	231	
Tōmi	tomi	107	363558	1383609	231	
Tōno	tono	107	393167	1415333	231	
Tōon	toon	107	337943	1328901	231	
Tōyō	toyo	107	356698	1398146	231	
Ube		107	339431	1312511	231	
Ueda		107	364026	1382816	231	
Uekimachi-mōno	uekimachi-mono	107	328996	1306890	231	
Ueno-ebisumachi		107	347586	1361311	231	
Uenohara		107	356167	1391167	231	
Uji		107	348904	1358032	231	
Ujiie		107	366833	1399667	231	
Uki		107	326222	1306618	231	
Ukiha		107	333563	1307497	231	
Ukima		107	357910	1396978	231	
Umeki		107	316667	1303833	231	
Umi		107	335683	1305101	231	
Unnan		107	352431	1328999	231	
Unzen		107	327711	1302484	231	
Uonuma		107	372449	1389623	231	
Uozu		107	368000	1374000	231	
Urasoe		107	262590	1277301	231	
Urayasu		107	356588	1399006	231	
Ureshinomachi-shimojuku		107	331136	1300029	231	
Uruma		107	263761	1278591	231	
Ushiku		107	359667	1401333	231	
Usuki		107	331234	1318040	231	
Uto		107	326833	1306667	231	
Utsunomiya		107	365667	1398833	231	
Uwa		107	333645	1325127	231	
Uwajima		107	332238	1325600	231	
Wadayama		107	353167	1348667	231	
Wajima		107	374046	1368991	231	
Wakasugi		107	336094	1305262	231	
Wakayama		107	342333	1351667	231	
Wakkanai		107	454094	1416739	231	
Wako		107	357894	1396233	231	
Warabi		107	358219	1396854	231	
Washinomiya		107	360992	1396604	231	
Watari		107	380350	1408511	231	
Yabu		107	354030	1347712	231	
Yachimata		107	356500	1403167	231	
Yachiyo		107	357353	1401244	231	
Yaese		107	261273	1277432	231	
Yahaba		107	396111	1411474	231	
Yaita		107	368000	1399333	231	
Yaizu		107	348688	1383195	231	
Yakami		107	341385	1345018	231	
Yamaga		107	330167	1306891	231	
Yamagata		107	382333	1403667	231	
Yamagata		107	354762	1367721	231	
Yamaguchi		107	341833	1314667	231	
Yamaguma		107	334212	1306136	231	
Yamanashi		107	356715	1386983	231	
Yamashita		107	335655	1337028	231	
Yamato		107	354728	1394510	231	
Yamato-Takada		107	345167	1357500	231	
Yamatokōriyama	yamatokoriyama	107	346066	1357703	231	
Yamazakichō-nakabirose	yamazakicho-nakabirose	107	350000	1345500	231	
Yame		107	332279	1306487	231	
Yamoto		107	384274	1412149	231	
Yanagawa		107	331667	1304000	231	
Yanai		107	339667	1321167	231	
Yao		107	346167	1356000	231	
Yashio		107	358226	1398390	231	
Yashiro		107	349167	1349667	231	
Yasu		107	351005	1360178	231	
Yasugichō	yasugicho	107	354215	1332422	231	
Yatomi		107	351053	1367338	231	
Yatsuomachi-higashikumisaka		107	365667	1371333	231	
Yawata		107	348701	1357027	231	
Yawatahama		107	334574	1324328	231	
Yokkaichi		107	349667	1366167	231	
Yokkaichi		107	335354	1313281	231	
Yokohama		107	354333	1396500	231	
Yokoshiba		107	356500	1404833	231	
Yokosuka		107	352836	1396672	231	
Yokota		107	357500	1393833	231	
Yokote		107	393169	1405503	231	
Yomitan		107	264017	1277450	231	
Yonago		107	354333	1333333	231	
Yonezawa		107	379100	1401167	231	
Yono		107	358833	1396333	231	
Yorii		107	361157	1391943	231	
Yoshida-kasugachō	yoshida-kasugacho	107	376833	1388833	231	
Yoshii		107	362500	1389833	231	
Yoshikawa		107	358923	1398418	231	
Yoshinogawa		107	340386	1342921	231	
Yoshioka		107	384414	1408764	231	
Yotsukaidō	yotsukaido	107	356500	1401667	231	
Yotsuya		107	356897	1397164	231	
Youkaichi		107	351163	1361977	231	
Yoyogi		107	356786	1396915	231	
Yufu		107	331956	1313783	231	
Yugawara		107	351500	1390667	231	
Yukuhashi		107	337287	1309830	231	
Yurigaoka		107	338466	1306296	231	
Yurihonjō	yurihonjo	107	393895	1400581	231	
Yuzawa		107	391667	1405000	231	
Yōkaichiba	yokaichiba	107	357000	1405500	231	
Yūki	yuki	107	363000	1398833	231	
Zama		107	354879	1393910	231	
Zentsujichó	zentsujicho	107	342270	1337779	231	
Zushi		107	352948	1395781	231	
Ōami	oami	107	355167	1403167	231	
Ōamishirasato	oamishirasato	107	355118	1403526	231	
Ōbu	obu	107	350176	1369495	231	
Ōdachō-ōda	odacho-oda	107	351902	1325085	231	
Ōdate	odate	107	402718	1405576	231	
Ōfunato	ofunato	107	390717	1417167	231	
Ōgaki	ogaki	107	353500	1366167	231	
Ōguchi	oguchi	107	353415	1369111	231	
Ōharu	oharu	107	351746	1368201	231	
Ōi	oi	107	358509	1395200	231	
Ōiso	oiso	107	353156	1393162	231	
Ōita	oita	107	332333	1316000	231	
Ōizumi-gakuenchō	oizumi-gakuencho	107	357653	1395888	231	
Ōizumimachi	oizumimachi	107	357648	1396022	231	
Ōji	oji	107	357574	1397372	231	
Ōjima	ojima	107	356892	1398328	231	
Ōkawa	okawa	107	332057	1303753	231	
Ōkawara	okawara	107	380500	1407336	231	
Ōkubo-naka	okubo-naka	107	344045	1353409	231	
Ōkuchi-shinohara	okuchi-shinohara	107	320678	1306244	231	
Ōmachi	omachi	107	365000	1378667	231	
Ōmagari	omagari	107	394500	1404833	231	
Ōmamachō-ōmama	omamacho-omama	107	364318	1392753	231	
Ōme	ome	107	357839	1392431	231	
Ōmihachiman	omihachiman	107	351286	1360976	231	
Ōmiya	omiya	107	365500	1404167	231	
Ōmura	omura	107	329214	1299539	231	
Ōmuta	omuta	107	330333	1304500	231	
Ōno-hara	ono-hara	107	342833	1322667	231	
Ōnojō	onojo	107	335357	1304786	231	
Ōsaki	osaki	107	385887	1409730	231	
Ōshū	oshu	107	391393	1411685	231	
Ōta	ota	107	355613	1397160	231	ota-ku
Ōta	ota	107	363000	1393667	231	
Ōtake	otake	107	342075	1322206	231	
Ōtawara	otawara	107	368667	1400333	231	
Ōtsu	otsu	107	350000	1358667	231	
Ōtsuki	otsuki	107	356185	1389740	231	
Ōuda-yamaguchi	ouda-yamaguchi	107	344592	1359536	231	
Ōwa	owa	107	361994	1394946	231	
Ōyama	oyama	107	346036	1382172	231	
Ōyanomachi-noboritate	oyanomachi-noboritate	107	325965	1304341	231	
Ōzu	ozu	107	335000	1325500	231	
Ōzu	ozu	107	328804	1308716	231	
Saint Helier		108	491880	-21049	275	
Al Jubayhah		109	320107	358980	165	
Amman		109	319552	359450	165	
Aqaba		109	295267	350078	165	
Ar Ramthā	ar ramtha	109	325587	360082	165	
As Salţ	as salt	109	320392	357272	165	
Az̧ Z̧ulayl	az zulayl	109	321208	362801	165	
Aţ Ţafīlah	at tafilah	109	308375	356044	165	
Irbid		109	325556	358500	165	
Jarash		109	322808	358993	165	jerash
Karak City		109	311637	357620	165	
Khuraybat as Sūq	khuraybat as suq	109	318791	359210	165	
Ma'an		109	301962	357341	165	
Mafraq		109	323429	362080	165	al mafraq
Marj Al Hamam		109	319027	358464	165	
Mādabā	madaba	109	317160	357939	165	
Qīr Moāv	qir moav	109	311825	357000	165	
Rukban		109	333140	387034	165	
Russeifa		109	320178	360464	165	
Saḩāb	sahab	109	318703	360048	165	
Wādī as Sīr	wadi as sir	109	319545	358183	165	wadi al seer
Zarqa		109	320728	360880	165	
Ḩayy Khildā	hayy khilda	109	319920	358400	165	
Ḩayy al Quwaysimah	hayy al quwaysimah	109	319104	359498	165	
Ṣuwayliḥ	suwaylih	109	320221	358439	165	
‘Ajlūn	‘ajlun	109	323333	357528	165	ajloun
‘Izrā	‘izra	109	311589	356928	165	
Abay		110	496354	728652	164	
Aksu		110	520402	769275	164	aqsu
Aksu		110	424219	698271	164	
Aktobe		110	502797	572072	167	
Almaty		110	432525	769115	164	
Altay		110	497363	842542	164	zyryanovsk
Aqsay		110	511681	529978	213	aksay
Aral		110	468017	616631	219	
Arkalyk		110	502503	669038	218	arqalyk
Arys		110	424302	688087	164	
Astana		110	511801	714460	164	
Atbasar		110	518085	683582	164	
Atyrau		110	471048	518843	169	
Ayagoz		110	479645	804344	164	
Baikonur		110	456167	633167	218	
Balqash		110	468455	749821	164	
Ekibastuz		110	517237	753229	164	
Esik		110	433552	774524	164	
Kalbatau		110	493301	815728	164	georgievka
Kandyagash		110	494692	574186	167	
Karagandy		110	498019	731021	164	karaganda
Karatau		110	431796	704592	164	
Kentau		110	435167	685046	164	
Khromtau		110	502516	584357	167	
Kokshetau		110	532841	693936	164	
Konayev		110	438668	770630	164	
Kostanay		110	532144	636246	218	
Kyzylorda		110	448528	655092	219	
Lenger		110	421815	698858	164	
Lisakovsk		110	525449	624989	218	
Novokazalinsk		110	458481	621525	219	ayteke bi
Oral		110	512460	514256	213	
Pavlodar		110	522760	769688	164	
Petropavl		110	548734	691506	164	
Qulsary		110	469531	540198	169	
Ridder		110	503452	835156	164	
Rudnyy		110	529724	631106	218	
Saran		110	498024	728319	164	
Sarqant		110	454132	799171	164	sarkand
Saryaghash		110	414604	691679	164	
Satpayev		110	479041	675411	164	
Semey		110	504206	802502	164	
Shakhtinsk		110	497071	725932	164	
Shalkar		110	480333	489000	169	
Shalqar		110	478315	596193	167	
Shardara		110	412583	679699	164	
Shchuchinsk		110	529359	701890	164	
Shevchenko		110	436611	511739	166	aktau
Shiyeli		110	441706	667338	219	
Shu		110	436051	737622	164	
Shymkent		110	423099	696004	164	
Stepnogorsk		110	523506	718816	164	
Taldykorgan		110	450156	783739	164	
Talghar		110	433023	772381	164	
Taraz		110	428980	713733	164	
Tekeli		110	448678	787281	164	
Temirtau		110	500520	729550	164	
Turkestan		110	432946	682568	164	
Ust-Kamenogorsk		110	499714	826059	164	
Zhanaozen		110	433412	528619	166	zhangaozen
Zhangaqorghan		110	439065	672464	219	
Zhangatas		110	435627	697321	164	
Zharkent		110	441662	800074	164	
Zhetysay		110	407763	683277	164	
Zhezqazghan		110	477941	677063	164	
Zhitikara		110	521902	611989	218	zhetikara
Athi River		111	-14563	369783	42	
Bondo		111	-962	342732	42	
Bungoma		111	5635	345606	42	
Busia		111	4600	341117	42	
Chuka		111	-3332	376459	42	
El Wak		111	28092	409288	42	
Elburgon		111	-3004	358094	42	
Eldama Ravine		111	520	357273	42	
Eldoret		111	5204	352699	42	
Embu		111	-5399	374574	42	
Garissa		111	-4528	396460	42	
Gilgil		111	-5040	363184	42	
Githunguri		111	-10575	367762	42	
Githunguri		111	-13000	369905	42	
Habaswein		111	10166	394912	42	
Homa Bay		111	-5273	344571	42	
Imara Daima Estate		111	-13232	368802	42	
Isebania		111	-12251	344638	42	
Isiolo		111	3546	375822	42	
Iten		111	6703	355081	42	
Juja		111	-11015	370132	42	
Kabarnet		111	4919	357430	42	
Kajiado		111	-18524	367768	42	
Kakamega		111	2842	347523	42	
Kakuma		111	37136	348572	42	
Kapenguria		111	12389	351119	42	
Kapsabet		111	2039	351050	42	
Karatina		111	-4841	371266	42	
Karuri		111	-11764	367564	42	
Karuri		111	-7000	371833	42	
Kenol		111	-9373	371228	42	
Kericho		111	-3677	352831	42	
Kerugoya		111	-4989	372803	42	
Khwisero		111	1712	345947	42	
Kiambu		111	-11714	368356	42	
Kihancha		111	-11935	346197	42	
Kikuyu		111	-12463	366629	42	
Kilifi		111	-36304	398499	42	
Kimilili		111	7877	347156	42	
Kinoi		111	-16558	373745	42	
Kiserian		111	-14275	366865	42	
Kisii		111	-6817	347667	42	
Kisumu		111	-1022	347617	42	
Kitale		111	10157	350062	42	
Kitengela		111	-14761	369614	42	
Kitui		111	-13670	380106	42	
Lafey		111	31511	411858	42	
Lamu		111	-22717	409020	42	
Lang'ata		111	-13666	367332	42	
Limuru		111	-11136	366420	42	
Lodwar		111	31199	355964	42	
Lugulu		111	3934	343040	42	
Machakos		111	-15223	372652	42	
Mairo Inya		111	254	364086	42	
Makutano		111	12588	350957	42	
Malindi		111	-32180	401169	42	
Mandera		111	39373	418569	42	
Maralal		111	10967	366981	42	
Mariakani		111	-38626	394746	42	
Marsabit		111	23347	379909	42	
Masalani		111	-16940	401702	42	
Maua		111	2332	379409	42	
Mbale		111	821	347214	42	
Meru		111	463	376559	42	
Migori		111	-10634	344731	42	
Mlolongo		111	-13964	369403	42	
Molo		111	-2485	357319	42	
Mombasa		111	-40547	396636	42	
Moyale		111	35266	390561	42	
Mtwapa		111	-39394	397488	42	
Mumias		111	3347	344880	42	
Murang’a		111	-7210	371526	42	
Nairobi		111	-12833	368167	42	
Naivasha		111	-7138	364326	42	
Nakuru		111	-3072	360722	42	
Nanyuki		111	62	370740	42	
Narok		111	-10808	358711	42	
Ngong		111	-13527	366699	42	
Njoro		111	-3302	359445	42	
Nyahururu		111	381	363634	42	
Nyamira		111	-5633	349358	42	
Nyeri		111	-4201	369476	42	
Ol Kalou		111	-2709	363792	42	
Ongata Rongai		111	-13953	367640	42	
Pumwani		111	-12832	368472	42	
Ramu		111	39315	412230	42	
Rongai		111	-1734	358631	42	
Ruiru		111	-11466	369609	42	
Siaya		111	607	342881	42	
Takaba		111	33553	402228	42	
Taveta		111	-33988	376834	42	
Thika		111	-10333	370693	42	
Ukunda		111	-42929	395640	42	
Upper Gilgil		111	-2121	362725	42	
Voi		111	-33960	385561	42	
Wajir		111	17471	400573	42	
Wanguru		111	-6839	373570	42	
Watamu		111	-33534	400210	42	
Webuye		111	6004	347712	42	
Tarawa		112	13278	1729770	346	
Deçan	decan	113	425402	202879	261	
Dragash		113	420265	206533	261	
Ferizaj		113	423706	211553	261	
Gjakovë	gjakove	113	423803	204308	261	gjakova
Gjilan		113	424604	214699	261	
Glogovac		113	426283	208939	261	
Istok		113	427808	204875	261	
Mitrovicë	mitrovice	113	428833	208667	261	mitrovica
Orahovac		113	423994	206547	261	
Pejë	peje	113	426591	202883	261	peja
Podujeva		113	429106	211931	261	podujevo
Pristina		113	426727	211669	261	
Prizren		113	422139	207397	261	
Shtime		113	424331	210397	261	
Suva Reka		113	423586	208250	261	
Vitina		113	423214	213583	261	
Vushtrri		113	428231	209675	261	
Al Aḩmadī	al ahmadi	114	290769	480839	203	
Al Farwānīyah	al farwaniyah	114	292775	479586	203	
Al Faḩāḩīl	al fahahil	114	290825	481303	203	
Al Finţās	al fintas	114	291739	481211	203	
Al Jahrā’	al jahra’	114	293375	476581	203	
Al Manqaf		114	290961	481328	203	
Ar Riqqah		114	291458	480947	203	
Ar Rumaythīyah	ar rumaythiyah	114	293117	480742	203	
Ar Rābiyah	ar rabiyah	114	292950	479331	203	
As Sālimīyah	as salimiyah	114	293339	480761	203	
Bayān	bayan	114	293032	480488	203	
Kuwait City		114	293670	479743	203	
Salwá	salwa	114	292958	480786	203	
Şabāḩ as Sālim	sabah as salim	114	292572	480572	203	sabah al salem
Ḩawallī	hawalli	114	293328	480286	203	
Balykchy		115	424602	761871	176	
Batken		115	400622	708219	176	
Bazar-Korgon		115	410376	727459	176	
Belovodskoye		115	428294	741083	176	
Bishkek		115	428700	745900	176	
Iradan		115	402667	721000	176	
Jalal-Abad		115	409450	729931	176	manas
Kant		115	428911	748508	176	
Kara Suu		115	407046	728667	176	
Kara-Balta		115	428142	738481	176	
Karakol		115	424892	783936	176	
Kyzyl-Kyya		115	402568	721279	176	kzyl-kiya
Naryn		115	414283	759957	176	
Osh		115	405283	727985	176	
Razzakov		115	398389	695276	176	
Suzak		115	408982	729048	176	
Talas		115	425226	722417	176	
Tash-Kumyr		115	413461	722171	176	
Tokmok		115	428419	753015	176	
Uzgen		115	407699	733007	176	
Ban Napè	ban nape	116	183053	1050718	235	
Ban Xénô	ban xeno	116	166759	1049880	235	
Luang Prabang		116	198933	1021525	235	
Muang Phônsavan	muang phonsavan	116	194494	1031917	235	
Muang Sing		116	211921	1011479	235	
Muang Xay		116	206923	1019837	235	
Pakse		116	151202	1057990	235	
Pakxan		116	183942	1036611	235	
Savannakhet		116	165703	1047622	235	
Sekong		116	153458	1067237	235	
Thakhèk	thakhek	116	174103	1048307	235	
Vang Vieng		116	189235	1024478	235	
Vientiane		116	179667	1026000	235	
Xam Nua		116	204164	1040450	235	
Daugavpils		117	558833	265333	293	
Jelgava		117	566500	237128	293	
Jēkabpils	jekabpils	117	564990	258574	293	
Jūrmala	jurmala	117	569680	237704	293	
Liepāja	liepaja	117	565047	210108	293	
Ogre		117	568162	246140	293	
Riga		117	569460	241059	293	
Rēzekne	rezekne	117	565103	273400	293	
Valmiera		117	575411	254275	293	
Ventspils		117	573948	215612	293	
Aley		118	338053	356000	175	
Baalbek		118	340058	362181	175	
Beirut		118	338933	355016	175	
En Nâqoûra	en naqoura	118	331181	351397	175	
Ghazieh		118	335175	353689	175	
Habboûch	habbouch	118	334073	354817	175	
Jounieh		118	339808	356178	175	
Nabatîyé et Tahta	nabatiye et tahta	118	333789	354839	175	
Ra’s Bayrūt	ra’s bayrut	118	339000	354833	175	
Sidon		118	335575	353715	175	
Tripoli		118	344335	358442	175	
Tyre		118	332733	351939	175	
Zahlé	zahle	118	338468	359020	175	
Butha-Buthe		119	-287666	282494	38	
Hlotse		119	-288718	280450	38	
Mafeteng		119	-298230	272374	38	
Maputsoe		119	-288866	278992	38	
Maseru		119	-293167	274833	38	
Mohale's Hoek		119	-301514	274769	38	
Qacha’s Nek		119	-301154	286894	38	qacha's nek
Quthing		119	-304000	277003	38	
Teyateyaneng		119	-291472	277490	38	
Thaba-Tseka		119	-295220	286084	38	
Buchanan		120	58769	-100496	41	
Foya Kamara		120	83603	-102064	41	
Ganta		120	72350	-89844	41	
Gbarnga		120	69954	-94712	41	
Harbel		120	62468	-103564	41	
Harper		120	43782	-77108	41	
Kakata		120	65310	-103537	41	
Monrovia		120	63005	-107969	41	
New Yekepa		120	75794	-85378	41	
Pleebo City		120	45895	-76722	41	
Tubmanburg		120	68706	-108211	41	
Voinjama		120	84219	-97478	41	
Zwedru		120	60685	-81356	41	
Ajdabiya		121	307554	202262	49	
Al Abyār	al abyar	121	321900	205965	49	
Al Ajaylat		121	327572	123763	49	
Al Aşābi‘ah	al asabi‘ah	121	320333	128667	49	
Al Bayḑā’	al bayda’	121	327627	217551	49	al bayda'
Al Burayqah		121	304062	195739	49	
Al Ghurayfah		121	265216	130107	49	
Al Jadīd	al jadid	121	270500	144000	49	
Al Jawf		121	241989	232909	49	
Al Jumayl		121	328529	120612	49	
Al Khums		121	326486	142619	49	
Al Marj		121	324926	208291	49	
Al Qubbah		121	327568	222411	49	
Al Ḩurshah	al hurshah	121	327647	126739	49	
Al ‘Azīzīyah	al ‘aziziyah	121	325319	130175	49	al 'aziziyah
As Sawānī	as sawani	121	327167	130667	49	
At Tāj	at taj	121	242049	232857	49	
Az Zahrā’	az zahra’	121	326789	128733	49	
Az Zāwīyah	az zawiyah	121	327571	127276	49	
Bani Walid		121	317455	139835	49	
Benghazi		121	321149	200686	49	
Darnah		121	327670	226367	49	
Gharyan		121	321722	130203	49	
Hūn	hun	121	291268	159477	49	
Janzūr	janzur	121	328187	130173	49	
Misratah		121	323754	150925	49	
Msalātah	msalatah	121	325834	140363	49	
Murzuk		121	259155	139184	49	
Nālūt	nalut	121	318685	109812	49	
Qaşr Bin Ghashīr	qasr bin ghashir	121	326833	131833	49	
Qaşr al Qarabūllī	qasr al qarabulli	121	327451	137147	49	
Sabha		121	270377	144283	49	
Shahhat		121	328043	218660	49	
Sirte		121	312089	165887	49	
Sīdī Bin Zīnah	sidi bin zinah	121	328872	119873	49	
Tarhuna		121	324350	136332	49	
Tobruk		121	320896	239538	49	
Tripoli		121	328874	131873	49	
Tājūrā’	tajura’	121	328817	133506	49	
Ubari		121	265903	127751	49	
Yafran		121	320633	125286	49	
Zawiya		121	327522	127278	49	
Zintan		121	319316	122529	49	
Zliten		121	324674	145687	49	
Zuwarah		121	329312	120820	49	
Şabrātah	sabratah	121	327933	124884	49	
Şurmān	surman	121	327567	125716	49	
Vaduz		122	471415	95215	306	
Aleksotas		123	548804	239084	309	
Alytus		123	543964	240414	309	
Antakalnis		123	547078	253171	309	
Dainava (Kaunas)		123	549152	239683	309	
Eiguliai		123	549313	239324	309	
Fabijoniškės	fabijoniskes	123	547333	252417	309	
Jonava		123	550801	242754	309	
Justiniškės	justiniskes	123	547166	252174	309	
Karoliniškės	karoliniskes	123	546903	252190	309	
Kaunas		123	549027	239096	309	
Klaipėda	klaipeda	123	557068	211391	309	
Kėdainiai	kedainiai	123	552878	239728	309	
Lazdynai		123	546682	252068	309	
Marijampolė	marijampole	123	545599	233541	309	
Mazeikiai		123	563167	223333	309	
Naujamiestis		123	546795	252686	309	
Naujininkai		123	546642	252842	309	
Naujoji Vilnia		123	546952	254197	309	
Panevėžys	panevezys	123	557319	243598	309	
Pašilaičiai	pasilaiciai	123	547343	252191	309	
Taurage		123	552522	222897	309	
Telsiai		123	559814	222472	309	
Utena		123	554976	255992	309	
Vilkpėdė	vilkpede	123	546697	252477	309	
Vilnius		123	546892	252798	309	
Šeškinė	seskine	123	547097	252505	309	
Šiauliai	siauliai	123	559333	233167	309	
Šilainiai	silainiai	123	549291	238860	309	
Dudelange		124	494806	60875	282	
Esch-sur-Alzette		124	494958	59806	282	
Luxembourg		124	496098	61327	282	
Lai Chi Van		125	221197	1135511	204	
Luhuan		125	221181	1135519	204	
Macau		125	222006	1135461	204	macao
Taipa		125	221558	1135569	204	
Zhuojiacun		125	221614	1135564	204	
Ambalavao		126	-218333	469333	314	
Ambanja		126	-136690	484530	314	
Ambato Boeny		126	-164667	467167	314	
Ambatofinandrahana		126	-205528	468036	314	
Ambatolampy		126	-193833	474167	314	
Ambatondrazaka		126	-178333	484167	314	
Ambilobe		126	-132000	490500	314	
Amboasary		126	-250333	463833	314	
Ambodifotatra		126	-169833	498500	314	
Ambodimanga II		126	-172667	491667	314	
Ambohidratrimo		126	-188180	474338	314	
Ambositra		126	-205303	472434	314	
Ambovombe		126	-251784	460872	314	
Ampahana		126	-147500	502167	314	
Ampanihy		126	-246937	447458	314	
Amparafaravola		126	-175876	482239	314	
Andapa		126	-146500	496500	314	
Andilamena		126	-170101	485731	314	
Anjozorobe		126	-184000	478667	314	
Ankazoabo		126	-222833	445167	314	
Ankazobe		126	-183167	471167	314	
Antalaha		126	-149003	502788	314	
Antananarivo		126	-189137	475361	314	
Antanifotsy		126	-196500	473167	314	
Antsalova		126	-186667	446167	314	
Antsirabe		126	-198659	470333	314	
Antsiranana		126	-123173	492919	314	
Antsohihy		126	-148796	479875	314	
Antsohimbondrona		126	-130833	488500	314	
Arivonimamo		126	-190167	471833	314	
Bealanana		126	-145433	487498	314	
Belo sur Tsiribihina		126	-196979	445459	314	belon'i tsiribihina
Beloha		126	-251667	450500	314	
Betafo		126	-198333	468500	314	
Betioky		126	-237206	443807	314	
Boriziny		126	-155500	476667	314	
Fandriana		126	-202333	473833	314	
Farafangana		126	-228222	478262	314	
Faratsiho		126	-194000	469500	314	
Fenoarivo Atsinanana		126	-173810	494083	314	
Fianarantsoa		126	-214527	470857	314	
Hell-Ville		126	-133972	482666	314	andoany
Iharan̈a	iharana	126	-133500	500000	314	
Ihosy		126	-224029	461258	314	
Ikongo		126	-218833	474333	314	
Imerintsiatosika		126	-189833	473167	314	
Ivato		126	-188000	474833	314	
Maevatanana		126	-169500	468333	314	
Mahajanga		126	-157167	463167	314	
Mahanoro		126	-199000	488000	314	
Maintirano		126	-180635	440295	314	
Mampikony		126	-160920	476470	314	
Manakara		126	-221486	480106	314	
Mananara		126	-161686	497662	314	
Mananjary		126	-212303	483417	314	
Manjakandriana		126	-189167	478000	314	
Maroantsetra		126	-154353	497379	314	
Marolambo		126	-200500	481167	314	
Marovoay		126	-161106	466438	314	
Miandrarivo		126	-194333	467500	314	
Miandrivazo		126	-195291	454556	314	
Moramanga		126	-189495	482301	314	
Morombe		126	-217450	433606	314	
Morondava		126	-202887	443178	314	
Nosy Varika		126	-205833	485333	314	
Sahavato		126	-206000	483333	314	
Sakaraha		126	-229000	445333	314	
Sambava		126	-142667	501667	314	
Soanierana Ivongo		126	-169167	495833	314	
Soavinandriana		126	-191667	467333	314	
Toamasina		126	-181492	494023	314	
Toliara		126	-233500	436667	314	
Tsaratanana		126	-167971	476516	314	
Tsiombe		126	-253000	454833	314	
Tsiroanomandidy		126	-187697	460465	314	
Tôlanaro	tolanaro	126	-250325	469833	314	
Vangaindrano		126	-233500	476000	314	
Vavatenina		126	-174667	492000	314	
Vohibinany		126	-173500	490333	314	
Vohipaho		126	-235500	475000	314	
Balaka		127	-149793	349558	9	
Blantyre		127	-157850	350085	9	
Dedza		127	-143779	343332	9	
Karonga		127	-99333	339333	9	
Kasungu		127	-130333	334833	9	
Lilongwe		127	-139669	337872	9	
Liwonde		127	-150666	352254	9	
Mangochi		127	-144782	352645	9	
Mchinji		127	-137984	328802	9	
Mponela		127	-135310	337393	9	
Mzimba		127	-119000	336000	9	
Mzuzu		127	-114656	340207	9	
Nkhotakota		127	-129274	342961	9	
Nsanje		127	-169200	352620	9	
Ntcheu		127	-148203	346359	9	
Rumphi		127	-110186	338575	9	
Salima		127	-137804	344587	9	
Zomba		127	-153860	353188	9	
Alam Damai		128	30603	1017408	201	
Alor Setar		128	61210	1003601	201	alor star
Ampang		128	31500	1017667	201	
Ara Damansara		128	31190	1015866	201	
Bahau		128	28079	1024049	201	
Bakri		128	20441	1026527	201	
Balik Pulau		128	53492	1002394	201	
Bandar Baharu		128	51343	1004955	201	
Bandar Baru Salak Tinggi		128	28123	1017356	201	new salak tinggi city
Bandar Bukit Raja		128	30874	1014334	201	
Bandar Country Homes		128	33275	1015311	201	country homes city
Bandar Kinrara		128	30493	1016415	201	
Bandar Labuan		128	52832	1152537	202	
Bandar Mahkota Cheras		128	30542	1017984	201	
Bandar Nabawan		128	50393	1164274	202	
Bandar Puncak Alam		128	32389	1014279	201	
Bandar Saujana Utama		128	32066	1014773	201	saujana utama city
Bandar Seri Alam		128	15043	1038752	201	seri alam city
Bandar Sri Damansara		128	31903	1016106	201	sri damansara city
Bandar Sri Sendayan		128	26738	1018721	201	sri sendayan city
Bandar Sunway		128	30693	1016074	201	sunway city
Bandar Tasik Puteri		128	32853	1014741	201	puteri lake city
Bandar Tun Hussein Onn		128	30547	1017594	201	
Bandar Tun Razak		128	29029	1028877	201	
Bandar Utama		128	31482	1016141	201	
Bangi		128	29000	1017833	201	
Bangsar		128	31294	1016700	201	
Banting		128	28136	1015018	201	
Batu Anam		128	25825	1027110	201	
Batu Arang		128	33167	1014667	201	
Batu Berendam		128	22487	1022460	201	
Batu Caves		128	32380	1016820	201	
Batu Gajah		128	44692	1010411	201	
Batu Kurau		128	49667	1008000	201	
Batu Pahat		128	18548	1029325	201	
Bau		128	14167	1101500	202	
Bayan Lepas		128	52999	1002605	201	
Bedong		128	57274	1005088	201	
Belaga		128	27000	1137833	202	
Beluru		128	39833	1141000	202	
Bentong Town		128	35223	1019087	201	
Bentung		128	35316	1019038	201	bentong
Bercham		128	46411	1011393	201	
Betong		128	14000	1115167	202	
Bidur		128	41167	1012833	201	
Bintulu		128	31667	1130333	202	
Bukit Bintang		128	31466	1017102	201	starhill
Bukit Gambir		128	22110	1026546	201	
Bukit Indah		128	14800	1036596	201	
Bukit Jalil		128	30491	1016804	201	
Bukit Kerinchi		128	31063	1016676	201	bangsar south
Bukit Mertajam		128	53630	1004667	201	
Bukit Rahman Putra		128	32173	1015608	201	
Bukit Tambun		128	52718	1004601	201	
Bukit Tengah		128	53460	1004392	201	
Butterworth		128	53991	1003638	201	
Cangkat Jong		128	39851	1011237	201	
Chemor		128	47211	1011189	201	
Cheras		128	31080	1017260	201	
Cukai		128	42500	1034167	201	
Cyberjaya		128	29228	1016572	201	
Damansara Damai		128	31989	1015918	201	
Denai Alam		128	31603	1015150	201	
Donggongon		128	59070	1161015	202	
Dungun		128	47750	1034162	201	
Durian Tunggal		128	23125	1022805	201	
Elmina		128	31852	1015246	201	
Gelang Patah		128	14484	1035873	201	
Gemas		128	25832	1026117	201	
George Town		128	54112	1003354	201	
Gerik		128	54167	1011333	201	
Gerisek		128	22097	1027095	201	
Hulu Langat		128	31137	1018142	201	
Hutan Melintang		128	38766	1009328	201	
Ijok		128	33167	1014000	201	
Ipoh		128	45841	1010829	201	
Iskandar Puteri		128	13932	1036232	201	
Jawi		128	52152	1004921	201	
Jelutong		128	53900	1003188	201	
Jenjarum		128	28724	1014948	201	
Jerantut		128	39360	1023626	201	
Jitra		128	62681	1004217	201	
Johor Bahru		128	14655	1037578	201	
Johor Jaya		128	15392	1038092	201	
Kajang		128	29942	1017887	201	
Kampong Baharu Cheras Batu Sebelas		128	30500	1017667	201	
Kampong Dungun		128	32167	1013167	201	
Kampong Masjid Tanah		128	23500	1021167	201	
Kampong Pangkal Kalong		128	59167	1022167	201	
Kampong Sidam		128	55333	1005667	201	
Kampung Alor Mengkudu		128	60884	1003917	201	
Kampung Ayer Keroh		128	22654	1022801	201	
Kampung Baharu Nilai		128	28033	1017972	201	
Kampung Baru Balakong		128	30294	1017471	201	
Kampung Baru Subang		128	31500	1015333	201	
Kampung Batu Empat		128	17760	1038736	201	
Kampung Bukit Baharu		128	22152	1022851	201	
Kampung Jelutong Tengah		128	14714	1035675	201	
Kampung Kangkar Teberau		128	15320	1037549	201	
Kampung Kerubong		128	22958	1022537	201	
Kampung Larkin Lama		128	15024	1037440	201	
Kampung Manjoi		128	46192	1010685	201	
Kampung Pasir Gudang Baru		128	14726	1038780	201	
Kampung Perak		128	38682	1025862	201	
Kampung Sedenak		128	17114	1035276	201	
Kampung Setia		128	32418	1015330	201	gombak setia
Kampung Sungai Ara		128	53270	1002735	201	
Kampung Sungai Glugur		128	53697	1003135	201	
Kampung Sungai Kajang		128	34161	1011730	201	
Kampung Tanjung Minyak		128	22666	1022004	201	
Kampung Teluk Kumbar		128	52890	1002470	201	
Kamunting		128	48833	1007333	201	
Kangar		128	64414	1001986	201	
Kanowit		128	21000	1121500	202	
Kapar		128	31333	1013833	201	
Kapit		128	19955	1129325	202	
Kawasan Penempatan Ulu Benut Lima		128	17439	1033207	201	
Kawasan Penempatan Ulu Benut Tiga		128	17497	1032770	201	
Kawasan Penempatan Ulu Sungai Benut		128	17541	1032798	201	
Kempas		128	15489	1036965	201	
Keningau		128	53378	1161602	202	
Kepong		128	32140	1016402	201	
Kertih		128	45141	1034483	201	kerteh
Klang		128	30367	1014433	201	
Klebang Besar		128	22186	1021995	201	
Kluang		128	20305	1033169	201	
Kota Bharu		128	61236	1022433	201	
Kota Damansara		128	31545	1015802	201	
Kota Kinabalu		128	59749	1160724	202	
Kota Kuala Muda		128	55882	1003708	201	
Kota Tinggi		128	17381	1038999	201	
Kuah		128	63265	998432	201	
Kuala Kangsar		128	47667	1009333	201	
Kuala Krai		128	55313	1021993	201	
Kuala Kubu Baharu		128	35638	1016581	201	kuala kubu bharu
Kuala Kurau		128	50182	1004282	201	
Kuala Lumpur		128	31412	1016865	201	
Kuala Nerus		128	53729	1030205	201	
Kuala Penyu		128	55714	1155984	202	
Kuala Selangor		128	33500	1012500	201	
Kuala Terengganu		128	53302	1031408	201	
Kuang		128	32594	1015541	201	
Kuantan		128	38077	1033260	201	
Kubang Semang		128	54037	1004574	201	
Kuchai Lama		128	30847	1016909	201	
Kuching		128	15500	1103333	202	
Kudat		128	68873	1168236	202	
Kulai		128	16561	1036032	201	
Kulim		128	53650	1005618	201	
Labis		128	23850	1030210	201	
Labuan		128	52803	1152475	201	
Ladang Seri Kundang		128	32856	1015190	201	
Lahad Datu		128	50230	1183290	202	
Lahat		128	45388	1010365	201	
Lawas		128	48604	1154090	202	
Limbang		128	47548	1150101	202	
Lumut		128	42323	1006298	201	
Lundu		128	16744	1098517	202	
Malacca		128	21960	1022405	201	
Maran		128	35860	1027730	201	
Marang		128	52056	1032059	201	
Marudi		128	41833	1143167	202	
Masai		128	14907	1038788	201	
Mentakab		128	34854	1023484	201	
Mersing		128	24312	1038405	201	
Miri		128	43993	1139916	202	
Mont Kiara		128	31687	1016508	201	
Muar		128	20442	1025689	201	muar town
Mukah		128	28944	1120914	202	
Mukim Pulai		128	15333	1036667	201	
Niah		128	38620	1137152	202	
Nibong Tebal		128	51659	1004779	201	
Padang Rengas		128	47667	1008500	201	
Padang Serai		128	55131	1005536	201	
Pagoh		128	21495	1027704	201	
Pandamaran		128	30108	1014208	201	
Parit		128	44833	1009167	201	
Parit Buntar		128	51267	1004932	201	
Parit Sulung		128	19760	1028835	201	
Pasir Gudang		128	14620	1039053	201	
Pasir Mas		128	60493	1021399	201	
Pasir Puteh		128	58333	1024000	201	
Paya Terubong		128	53728	1002797	201	
Pekan		128	34836	1033996	201	
Pekan Nenas		128	15100	1035141	201	
Pelentong		128	15243	1038240	201	
Pendang		128	59952	1004788	201	
Perai		128	53833	1003833	201	
Peringat		128	60333	1022833	201	
Perling		128	14806	1036838	201	
Permatang Kuching		128	54634	1003814	201	
Petagas		128	59116	1160499	202	
Petaling Jaya		128	31073	1016067	201	
Pontian Besar		128	15059	1033816	201	
Port Dickson		128	25246	1017965	201	
Puchong		128	30000	1016167	201	
Putatan		128	59258	1160609	202	
Putra Heights		128	29936	1015726	201	
Putrajaya		128	29353	1016911	201	
Raub		128	37899	1018570	201	
Rawang		128	33213	1015767	201	
Rembau		128	25897	1020913	201	
Rompin		128	27083	1025047	201	
SS2		128	31204	1016225	201	
Sandakan		128	58402	1181179	202	
Sarikei		128	21167	1115167	202	
Sebauh		128	31167	1132667	202	
Segamat		128	25148	1028158	201	
Selama		128	52236	1006926	201	
Selayang Baru Utara		128	32549	1016668	201	
Semenyih		128	29516	1018430	201	
Semporna		128	44818	1186112	202	
Sentul		128	31833	1016833	201	
Sepang		128	26931	1017498	201	
Seremban		128	27297	1019381	201	
Seremban 2		128	26898	1019077	201	
Serendah		128	33646	1016041	201	
Seri Kembangan		128	30333	1017167	201	
Seri Manjung		128	41987	1006700	201	
Serian		128	11667	1105667	202	
Setapak		128	32070	1017270	201	
Setia Alam		128	31016	1014556	201	
Setia Tropika		128	15463	1037183	201	
Shah Alam		128	30851	1015328	201	
Sibu		128	23000	1118167	202	
Sibu Jaya		128	22403	1119714	202	
Siburan		128	13667	1104000	202	
Sik		128	58333	1007500	201	
Simpang Empat		128	49500	1006333	201	
Simpang Renggam		128	18250	1033107	201	
Simunjan		128	13833	1107500	202	
Sipitang		128	50790	1155496	202	
Sitiawan		128	42168	1006996	201	
Skudai		128	15374	1036578	201	
Sri Aman		128	12472	1114528	202	
Sri Petaling		128	30688	1016897	201	
Subang Jaya		128	30438	1015806	201	
Sungai Besar		128	36746	1009867	201	
Sungai Buloh		128	32100	1015610	201	
Sungai Dua		128	54427	1004297	201	
Sungai Lalang		128	56998	1005145	201	
Sungai Petani		128	56470	1004877	201	
Sungai Siput		128	43945	1011947	201	
Sungai Udang		128	22690	1021427	201	
Sungkai		128	40000	1013167	201	
Taiping		128	48500	1007333	201	
Taman Desa		128	31059	1016868	201	
Taman Greenwood		128	32321	1017048	201	greenwood park
Taman Melati		128	32212	1017232	201	
Taman Melawati		128	32108	1017482	201	
Taman OUG		128	30729	1016763	201	
Taman Pelangi		128	24280	1026801	201	
Taman Permas Jaya		128	15110	1038198	201	
Taman Petaling		128	31992	1016498	201	
Taman Scientex		128	15122	1039166	201	scientex park
Taman Senai		128	16006	1036419	201	
Taman Senawang Indah		128	26910	1019890	201	
Taman Seremban Jaya		128	26831	1019700	201	
Taman Sri Sinar		128	31868	1016508	201	
Taman Tun Dr Ismail		128	31451	1016262	201	
Taman Universiti		128	15331	1036155	201	
Tambunan		128	57167	1164000	202	
Tampin		128	24701	1022302	201	
Tanah Merah		128	58000	1021500	201	
Tangkak		128	22673	1025453	201	
Tanjong Malim		128	36810	1015198	201	
Tanjung Sepat		128	26579	1015629	201	
Tapah Road		128	41667	1012000	201	
Tasek Glugor		128	54803	1004985	201	tasek gelugor
Tatau		128	28833	1128500	202	
Tawau		128	42448	1178912	202	
Tebedu		128	10266	1103633	202	
Teluk Intan		128	40222	1010208	201	teluk anson
Teluk Panglima Garang		128	29080	1014688	201	
Temerluh		128	34506	1024176	201	
Titiwangsa		128	31782	1017031	201	
Tokai		128	60287	1004069	201	
Ulu Kelang		128	31800	1017730	201	
Ulu Tiram		128	16000	1038167	201	
Val Dor		128	52520	1004905	201	
Wangsa Maju		128	32006	1017397	201	
Yan Besar		128	57989	1003726	201	
Yong Peng		128	20136	1030659	201	
Male		129	41752	735092	320	
Bafoulabé	bafoulabe	130	138065	-108321	5	
Bamako		130	126092	-79752	5	
Banamba		130	135477	-74481	5	
Bandiagara		130	143500	-36104	5	
Bla		130	129501	-57602	5	
Bougouni		130	114177	-74832	5	
Bourem		130	169550	-3486	5	
Dialakorodji		130	127035	-79646	5	
Diourou		130	136872	-58320	5	
Dioïla	dioila	130	124874	-68031	5	
Diré	dire	130	162570	-34013	5	
Diéma	diema	130	145400	-91921	5	
Djenné	djenne	130	139061	-45533	5	
Douentza		130	150060	-29517	5	
Dougabougou		130	138205	-61206	5	
Fana		130	127787	-69564	5	
Gao		130	162717	-447	5	
Kabala		130	125255	-80393	5	
Kadiolo		130	105500	-57667	5	
Kalaban Koro		130	125733	-80291	5	
Kati		130	127441	-80726	5	
Kayes		130	144478	-114439	5	
Kidal		130	184434	14092	5	
Kita		130	130388	-94882	5	
Kolokani		130	135728	-80339	5	
Koro		130	140640	-30754	5	
Koulikoro		130	128627	-75598	5	
Kouri		130	121840	-48028	5	
Koutiala		130	123872	-54651	5	
Markala		130	136843	-60735	5	
Massiogo		130	103064	-61097	5	
Moninnpébougou	moninnpebougou	130	141508	-55209	5	
Mopti		130	144843	-41830	5	
Moribabougou		130	126867	-78638	5	
Nara		130	151693	-72898	5	
Niono		130	142505	-59868	5	
Nioro		130	152307	-95936	5	nioro du sahel
Pèlèngana	pelengana	130	134274	-62220	5	
San		130	132970	-48963	5	
Sangarébougou	sangarebougou	130	127058	-79027	5	
Sikasso		130	113176	-56665	5	
Sirakoro Méguétana	sirakoro meguetana	130	125644	-79155	5	
Siribala Coro		130	140432	-61067	5	
Ségou	segou	130	134403	-62595	5	
Timbuktu		130	167735	-30074	5	
Toubakoura		130	134637	-73828	5	
Yanfolila		130	111833	-81500	5	
Zégoua	zegoua	130	104880	-56494	5	
Birkirkara		131	358972	144611	284	
Mosta		131	359092	144256	284	
Qormi		131	358760	144720	284	
San Pawl il-Baħar	san pawl il-bahar	131	359506	144156	284	
Sliema		131	359125	145019	284	
Valletta		131	358997	145148	284	
Żabbar	zabbar	131	358761	145350	284	
Majuro		132	70897	1713803	333	
Ducos		133	145753	-609745	119	
Fort-de-France		133	146036	-610742	119	
La Trinité	la trinite	133	147381	-609632	119	
Le François	le francois	133	146151	-609031	119	
Le Lamentin		133	146134	-609996	119	
Le Robert		133	146775	-609423	119	
Saint-Joseph		133	146710	-610390	119	
Sainte-Marie		133	147835	-609923	119	
Atar		134	205177	-130486	45	
Ayoun El Atrous		134	166614	-96149	45	
Boutilimit		134	175467	-146944	45	
Dar Naim		134	181081	-159267	45	
Guerou		134	170775	-120387	45	
Kaédi	kaedi	134	161507	-135058	45	
Kiffa		134	166207	-114021	45	
Mbera		134	158562	-57907	45	
Nouadhibou		134	209419	-170384	45	
Nouakchott		134	180858	-159785	45	
Néma	nema	134	166170	-72565	45	
Sélibaby	selibaby	134	151585	-121843	45	
Tevragh Zeina		134	180989	-159885	45	
Tékane	tekane	134	166018	-153487	45	
Zouérat	zouerat	134	227354	-124713	45	
Bambous		135	-202567	574061	321	
Beau Bassin-Rose Hill		135	-202333	574661	321	
Bel Air Rivière Sèche	bel air riviere seche	135	-202578	577498	321	
Centre de Flacq		135	-201897	577144	321	
Curepipe		135	-203163	575259	321	
Goodlands		135	-200384	576506	321	
Port Louis		135	-201619	574989	321	
Quatre Bornes		135	-202638	574791	321	
Triolet		135	-200576	575502	321	
Vacoas		135	-202981	574783	321	
Dzaoudzi		136	-127834	452569	322	
Kaouéni	kaoueni	136	-127712	452242	322	
Koungou		136	-127336	452042	322	
Labattoir		136	-127770	452823	322	
Mamoudzou		136	-127823	452288	322	
Mtsapéré	mtsapere	136	-127864	452173	322	
Abasolo		137	204500	-1015307	123	
Acapulco de Juárez	acapulco de juarez	137	168494	-999089	123	
Acatzingo		137	189820	-977836	123	
Acayucan		137	179498	-949139	123	
Actopan		137	202696	-989438	123	
Acámbaro	acambaro	137	200308	-1007219	123	
Agua Dulce		137	181391	-941453	123	
Agua Prieta		137	313224	-1095425	105	
Aguascalientes		137	218826	-1022843	123	
Ajalpan		137	183791	-972587	123	
Allende		137	181551	-943929	123	
Altamira		137	223931	-979386	126	
Alvarado		137	187714	-957618	123	
Ameca		137	205478	-1040461	123	
Amecameca		137	191238	-987665	123	amecameca de juarez
Amozoc de Mota		137	190461	-980450	123	
Apan		137	197113	-984509	123	
Apaseo el Alto		137	204580	-1006208	123	
Apaseo el Grande		137	205450	-1006846	123	
Apatzingán	apatzingan	137	190886	-1023570	123	
Apizaco		137	194133	-981436	123	
Arandas		137	207055	-1023451	123	
Arriaga		137	162356	-938997	123	
Atlacomulco de Fabela		137	197992	-998750	123	
Atlixco		137	189082	-984361	123	
Atotonilco el Alto		137	205508	-1025082	123	
Atoyac de Álvarez	atoyac de alvarez	137	172067	-1004331	123	
Autlán de Navarro	autlan de navarro	137	197719	-1043664	123	
Azcapotzalco		137	194870	-991859	123	
Benito Juarez		137	193984	-991577	123	
Benito Juárez	benito juarez	137	193727	-991564	123	
Berriozábal	berriozabal	137	167994	-932722	122	
Buenavista		137	196083	-991694	123	
Cabo San Lucas		137	228909	-1099124	121	
Cadereyta		137	255833	-999833	126	
Cadereyta Jiménez	cadereyta jimenez	137	255890	-1000016	126	
Calpulalpan		137	195887	-985697	123	
Camargo		137	276789	-1051716	83	
Campeche		137	198407	-905168	122	
Cananea		137	309835	-1102976	105	
Cancún	cancun	137	211743	-868466	78	
Castaños	castanos	137	267893	-1014321	126	
Catemaco		137	184213	-951140	123	
Celaya		137	205235	-1008157	123	
Centro Familiar la Soledad		137	211350	-1017497	123	
Cerro Azul		137	211920	-977409	123	
Chalco		137	192617	-988978	123	
Champotón	champoton	137	193474	-907204	122	
Chapala		137	202925	-1031896	123	
Chetumal		137	185196	-883040	78	
Chiapa de Corzo		137	167075	-930122	123	
Chicoloapan		137	194169	-989020	123	
Chiconcuac		137	195594	-988988	123	
Chihuahua		137	286353	-1060889	83	chihuahua city
Chilapa de Álvarez	chilapa de alvarez	137	175992	-991739	123	
Chilpancingo		137	175523	-995012	123	
Cholula		137	190641	-983035	123	
Cintalapa de Figueroa		137	166839	-937181	123	
Ciudad Acuña	ciudad acuna	137	293232	-1009522	120	
Ciudad Altamirano		137	183582	-1006696	123	
Ciudad Apodaca		137	257819	-1001884	126	
Ciudad Benito Juárez	ciudad benito juarez	137	256472	-1000958	126	
Ciudad Constitución	ciudad constitucion	137	250321	-1116626	121	
Ciudad Delicias		137	281901	-1054701	83	
Ciudad Fernández	ciudad fernandez	137	219404	-1000115	123	
Ciudad General Escobedo		137	257970	-1003179	126	
Ciudad Guzmán	ciudad guzman	137	197041	-1034638	123	
Ciudad Hidalgo		137	196927	-1005544	123	
Ciudad Juárez	ciudad juarez	137	317202	-1064608	84	
Ciudad Lázaro Cárdenas	ciudad lazaro cardenas	137	179707	-1022212	123	
Ciudad López Mateos	ciudad lopez mateos	137	195579	-992568	123	
Ciudad Madero		137	222475	-978367	126	
Ciudad Mante		137	227428	-989717	126	
Ciudad Melchor Múzquiz	ciudad melchor muzquiz	137	278793	-1015162	126	
Ciudad Mendoza		137	188065	-971787	123	
Ciudad Nezahualcoyotl		137	194006	-990148	123	
Ciudad Obregón	ciudad obregon	137	274864	-1099408	105	
Ciudad Río Bravo	ciudad rio bravo	137	259851	-980896	126	
Ciudad Sabinas Hidalgo		137	265036	-1001819	126	
Ciudad Sahagun		137	197756	-985747	123	
Ciudad Serdán	ciudad serdan	137	189886	-974464	123	
Ciudad Valles		137	219963	-990109	123	
Ciudad Victoria		137	237406	-991436	126	
Ciudad de Allende		137	252767	-1000144	126	
Ciudad de Huajuapan de León	ciudad de huajuapan de leon	137	178079	-977796	123	
Ciudad de Villa de Álvarez	ciudad de villa de alvarez	137	192672	-1037378	123	
Ciudad del Carmen		137	186459	-918299	122	
Coacalco		137	196292	-991069	123	
Coatepec		137	194523	-969615	123	
Coatzacoalcos		137	181490	-944447	123	
Coatzintla		137	204870	-974682	123	
Colima		137	192447	-1037127	123	
Colonia Lindavista		137	194916	-991248	123	
Colonia Nativitas		137	193812	-991368	123	
Colonia del Sol		137	229127	-1099266	121	
Colonia del Valle		137	193861	-991620	123	
Comalcalco		137	182650	-932243	122	
Comitán	comitan	137	162400	-921367	122	
Comonfort		137	207228	-1007595	123	
Contla		137	193293	-981664	123	
Cortazar		137	204836	-1009624	123	
Cosamaloapan		137	183676	-957986	123	
Cosoleacaque		137	179991	-946359	123	
Costa Rica		137	245907	-1073899	121	
Coyoacán	coyoacan	137	193467	-991617	123	
Coyotepec		137	197772	-992130	123	
Coyula		137	206614	-1032285	123	
Cozumel		137	205004	-869427	78	san miguel de cozumel
Cuauhtémoc	cuauhtemoc	137	194451	-991461	123	
Cuauhtémoc	cuauhtemoc	137	284069	-1068666	83	
Cuautitlán	cuautitlan	137	196705	-991799	123	
Cuautitlán Izcalli	cuautitlan izcalli	137	196439	-992160	123	
Cuautla		137	188106	-989352	123	
Cuautlancingo		137	190900	-982732	123	
Cuernavaca		137	189261	-992308	123	
Culiacán	culiacan	137	248021	-1073942	121	
Cárdenas	cardenas	137	180014	-933756	123	
Córdoba	cordoba	137	188842	-969256	123	
Delegación Cuajimalpa de Morelos	delegacion cuajimalpa de morelos	137	193692	-992909	123	
Dolores Hidalgo		137	211561	-1009325	123	
Ecatepec de Morelos		137	196049	-990606	123	
El Pueblito		137	205401	-1004409	123	
El Salto		137	237785	-1053604	126	
El Salto		137	203333	-1045000	123	
El Salto		137	205185	-1031816	123	
Emiliano Zapata		137	188406	-991846	123	
Emiliano Zapata		137	193436	-989747	123	
Empalme		137	279617	-1108141	105	
Encarnación de Díaz	encarnacion de diaz	137	215263	-1022402	123	
Ensenada		137	318715	-1166007	156	
Escuinapa de Hidalgo		137	228347	-1057777	121	
Escárcega	escarcega	137	186089	-907454	122	
Esperanza		137	275805	-1099312	105	
Felipe Carrillo Puerto		137	195775	-880453	78	
Fortín de las Flores	fortin de las flores	137	189081	-970000	123	
Fraccionamiento Real Palmas		137	259042	-1001597	126	
Francisco I. Madero		137	257730	-1032713	126	
Fresnillo		137	231749	-1028678	123	
Frontera		137	269281	-1014521	126	
Frontera		137	185433	-926453	123	
Fuentes del Valle		137	196325	-991386	123	
Gabriel Leyva Solano		137	256616	-1086366	121	
García	garcia	137	258120	-1005987	126	
Guacamayas		137	180193	-1022122	123	
Guadalajara		137	206774	-1033475	123	
Guadalupe		137	256768	-1002565	126	
Guadalupe		137	227468	-1025188	123	
Guamúchil	guamuchil	137	254587	-1080773	121	
Guanajuato		137	210186	-1012591	123	guanajuato city
Guasave		137	255679	-1084695	121	
Gustavo Adolfo Madero		137	194939	-991108	123	
Gómez Palacio	gomez palacio	137	255687	-1034996	126	
Hacienda Santa Fe		137	205181	-1033806	123	
Hermosillo		137	290887	-1109668	105	
Heroica Caborca		137	307183	-1121584	105	
Heroica Guaymas		137	279199	-1108989	105	
Heroica Matamoros		137	258797	-975042	120	
Heróica Zitácuaro	heroica zitacuaro	137	194361	-1003573	123	
Huamantla		137	193145	-979252	123	
Huatabampo		137	268265	-1096421	105	
Huatusco		137	191488	-969676	123	
Huauchinango		137	201738	-980549	123	
Huejotzingo		137	191589	-984082	123	
Huejutla de Reyes		137	211400	-984194	123	
Huetamo de Núñez	huetamo de nunez	137	186293	-1008970	123	
Huimanguillo		137	178350	-933890	122	
Huixquilucan		137	193599	-993502	123	
Huixtla		137	151392	-924634	123	
Hunucmá	hunucma	137	210173	-898756	122	
Iguala de la Independencia		137	183454	-995413	123	
Irapuato		137	206767	-1013563	123	
Isla		137	180278	-955295	123	
Ixmiquilpan		137	204784	-992170	123	
Ixtaczoquitlán	ixtaczoquitlan	137	188536	-970623	123	
Ixtapa		137	207160	-1052051	123	
Ixtapa-Zihuatanejo		137	176434	-1015521	123	
Ixtapaluca		137	193156	-988828	123	
Ixtepec		137	165605	-951038	123	
Ixtlán del Río	ixtlan del rio	137	210391	-1043712	121	
Iztacalco		137	193953	-990978	123	
Iztapalapa		137	193553	-990622	123	
Izúcar de Matamoros	izucar de matamoros	137	186016	-984615	123	
Jacona de Plancarte		137	199523	-1023078	123	
Jalostotitlán	jalostotitlan	137	211681	-1024610	123	
Jardines de la Silla		137	256294	-1001878	126	
Jerez de García Salinas	jerez de garcia salinas	137	226497	-1029898	123	
Jesús María	jesus maria	137	219611	-1023433	123	
Jesús del Monte	jesus del monte	137	193750	-992944	123	
Jiquílpan de Juárez	jiquilpan de juarez	137	199948	-1027197	123	
Jiutepec		137	188814	-991778	123	
José Mariano Jiménez	jose mariano jimenez	137	271308	-1049239	83	
Juan José Ríos	juan jose rios	137	257571	-1088242	121	
Juchitán de Zaragoza	juchitan de zaragoza	137	164360	-950198	123	
Juventino Rosas		137	206434	-1009929	123	
Jáltipan de Morelos	jaltipan de morelos	137	179654	-947140	123	
Kanasín	kanasin	137	209348	-895587	122	
La Barca		137	202899	-1025420	123	
La Isla		137	186000	-961500	123	
La Joya		137	324436	-1170037	156	
La Paz		137	241423	-1103132	121	
La Piedad		137	203424	-1020305	123	
Lagos de Moreno		137	213588	-1019331	123	
Las Choapas		137	179118	-940965	123	
Las Pintas de Arriba		137	205757	-1033244	123	
Las Pintitas		137	205644	-1033022	123	
Lerdo		137	255361	-1035248	126	
Lerma de Villada		137	192888	-995116	123	
León de los Aldama	leon de los aldama	137	211291	-1016737	123	
Licenciado Benito Juárez	licenciado benito juarez	137	246567	-1075450	121	
Linares		137	248580	-995677	126	
Loma Bonita		137	181072	-958790	123	
Loreto		137	222719	-1019860	123	
Los Mochis		137	257910	-1089982	121	
Los Reyes Acaquilpan		137	193636	-989771	123	
Los Reyes de Salgado		137	195904	-1024724	123	
Macuspana		137	177605	-925954	123	
Magdalena Atlicpac		137	193691	-989494	123	
Magdalena Contreras		137	193321	-992112	123	
Magdalena de Kino		137	306268	-1109615	105	
Manuel Ojinaga		137	295644	-1044164	133	
Manzanillo		137	191170	-1043421	123	
Maravatío de Ocampo	maravatio de ocampo	137	198911	-1004444	123	
Marfil		137	209916	-1012843	123	
Martínez de la Torre	martinez de la torre	137	200708	-970608	123	
Matamoros		137	255270	-1032285	126	
Matehuala		137	236482	-1006433	123	
Mazatlán	mazatlan	137	232216	-1064188	121	
Melchor Ocampo		137	197019	-991448	123	
Meoqui		137	282670	-1054809	83	
Metepec		137	192593	-996018	123	
Mexicali		137	326278	-1154545	156	
Mexico City		137	194285	-991277	123	
Miahuatlán de Porfirio Díaz	miahuatlan de porfirio diaz	137	163328	-965956	123	
Miguel Alemán (La Doce)	miguel aleman (la doce)	137	288403	-1114775	105	
Miguel Hidalgo		137	194341	-992002	123	
Minatitlán	minatitlan	137	180001	-945569	123	
Miramar		137	223609	-979000	126	
Misantla		137	199299	-968519	123	
Mixquiahuala de Juarez		137	202303	-992140	123	
Monclova		137	269069	-1014206	126	
Montemorelos		137	251891	-998286	126	
Monterrey		137	256843	-1003172	126	
Morelia		137	197008	-1011844	123	
Moroleón	moroleon	137	201257	-1011921	123	
Motozintla		137	153662	-922467	122	
Motul		137	210957	-892833	122	
Moyotzingo		137	192481	-984049	123	
Mérida	merida	137	209670	-896232	122	
Nanchital de Lázaro Cárdenas del Río	nanchital de lazaro cardenas del rio	137	180712	-944076	123	
Naucalpan de Juárez	naucalpan de juarez	137	194785	-992396	123	
Nava		137	284207	-1007656	126	
Navojoa		137	270706	-1094434	105	
Navolato		137	247668	-1076977	121	
Nicolás Romero	nicolas romero	137	196418	-993068	123	ciudad nicolas romero
Nogales		137	313086	-1109422	105	
Nogales		137	188278	-971631	123	
Nueva Italia de Ruiz		137	190249	-1020932	123	
Nueva Rosita		137	279371	-1012175	126	
Nuevo Casas Grandes		137	304155	-1079117	83	
Nuevo Laredo		137	274763	-995164	120	
Nuevo México	nuevo mexico	137	207565	-1034430	123	
Oaxaca		137	170602	-967254	123	oaxaca city
Ocosingo		137	169063	-920935	123	
Ocotlán	ocotlan	137	203512	-1027683	123	
Ocoyoacac		137	192713	-994579	123	
Ocozocoautla de Espinosa		137	167612	-933743	122	
Ojinaga		137	295669	-1045449	133	
Ojo de Agua		137	196803	-990100	123	
Ometepec		137	166901	-984080	123	
Orizaba		137	188520	-970996	123	
Oxkutzkab		137	203073	-894181	122	oxkutzcab
Pabellón de Arteaga	pabellon de arteaga	137	221464	-1022769	123	
Pachuca de Soto		137	201170	-987333	123	
Palenque		137	175091	-919812	122	palenque/temp
Papalotla		137	191686	-982039	123	
Papantla de Olarte		137	204465	-973249	123	
Paraiso		137	184012	-932141	123	
Parral		137	269302	-1056664	83	
Parras de la Fuente		137	254418	-1021781	126	
Perote		137	195623	-972424	123	
Petatlán	petatlan	137	175377	-1012680	123	
Piedras Negras		137	287001	-1005235	120	
Pinotepa Nacional		137	163401	-980530	123	
Playa del Carmen		137	206274	-870799	78	
Playas del Rosario		137	178529	-929324	123	
Polanco		137	194333	-991992	123	
Poza Rica de Hidalgo		137	205332	-974595	123	
Progreso		137	212830	-896642	122	
Puebla		137	190478	-982072	123	puebla city
Puerto Escondido		137	158628	-970684	123	
Puerto Peñasco	puerto penasco	137	313172	-1135380	105	
Puerto Vallarta		137	206170	-1052302	123	
Puruándiro	puruandiro	137	200889	-1015158	123	
Purísima de Bustos	purisima de bustos	137	210315	-1018783	123	
Pánuco	panuco	137	220538	-981819	123	
Pátzcuaro	patzcuaro	137	195159	-1016089	123	
Pénjamo	penjamo	137	204311	-1017226	123	
Pórticos de San Antonio	porticos de san antonio	137	324425	-1170342	156	
Ramos Arizpe		137	255393	-1009474	126	
Reforma		137	178590	-931538	122	
Reyes Acozac		137	197755	-989808	123	los reyes acozac
Reynosa		137	260800	-982846	120	
Rincón de Romos	rincon de romos	137	222282	-1023222	123	
Rioverde		137	219312	-999949	123	
Rodolfo Sánchez Taboada	rodolfo sanchez taboada	137	317229	-1165720	156	
Rosarito		137	323604	-1170464	156	
Río Blanco	rio blanco	137	188304	-971560	123	
Río Grande	rio grande	137	238273	-1030341	123	
Río de Teapa	rio de teapa	137	177747	-929022	122	
Sabinas		137	278559	-1011174	126	
Sahuayo de Morelos		137	200586	-1027158	123	
Salamanca		137	205720	-1011915	123	
Salina Cruz		137	161754	-951942	123	
Saltillo		137	254260	-1009796	126	
Salvatierra		137	202132	-1008802	123	
San Agustín	san agustin	137	205477	-1034671	123	
San Andrés Cholula	san andres cholula	137	190514	-982953	123	
San Andrés Tuxtla	san andres tuxtla	137	184487	-952133	123	
San Antonio Tecómitl	san antonio tecomitl	137	192178	-989881	123	
San Bernardino Tlaxcalancingo		137	190287	-982770	123	
San Buenaventura		137	193025	-988631	123	
San Cristóbal de las Casas	san cristobal de las casas	137	167301	-926382	122	
San Felipe		137	214783	-1012157	123	
San Fernando		137	248471	-981488	126	
San Francisco Acuautla		137	193456	-988603	123	
San Francisco Cuaxusco		137	192676	-996192	123	
San Francisco Tesistán	san francisco tesistan	137	207973	-1034771	123	
San Francisco del Rincón	san francisco del rincon	137	210184	-1018552	123	
San Isidro		137	193397	-989506	123	
San Jerónimo	san jeronimo	137	192828	-995929	123	
San Jerónimo Cuatro Vientos	san jeronimo cuatro vientos	137	192931	-988417	123	
San Jorge Pueblo Nuevo		137	192542	-996278	123	
San José Guadalupe Otzacatipan	san jose guadalupe otzacatipan	137	193447	-995919	123	
San José Iturbide	san jose iturbide	137	210015	-1003842	123	
San José del Cabo	san jose del cabo	137	230541	-1097037	121	
San José del Valle	san jose del valle	137	207638	-1052281	121	
San Juan Ixtayopan		137	192319	-989987	123	
San Juan de los Lagos		137	212489	-1023304	123	
San Juan del Río	san juan del rio	137	203890	-999964	123	
San Lorenzo Acopilco		137	193300	-993272	123	
San Luis Potosí	san luis potosi	137	221523	-1009714	126	san luis potosi city
San Luis Río Colorado	san luis rio colorado	137	324555	-1147704	105	
San Luis de la Paz		137	212977	-1005174	123	
San Martin Texmelucan de Labastida		137	192843	-984388	123	
San Martín Azcatepec	san martin azcatepec	137	196867	-989728	123	
San Martín Cuautlalpan	san martin cuautlalpan	137	192762	-988317	123	
San Mateo Atenco		137	192676	-995321	123	
San Mateo Otzacatipan		137	193327	-996034	123	
San Miguel Ajusco		137	192220	-992024	123	
San Miguel Coatlinchán	san miguel coatlinchan	137	194500	-988727	123	
San Miguel Topilejo		137	192026	-991419	123	
San Miguel de Allende		137	209153	-1007439	123	
San Miguel el Alto		137	210305	-1024023	123	
San Nicolás de los Garza	san nicolas de los garza	137	257417	-1003022	126	
San Pablo Autopan		137	193564	-996572	123	
San Pablo de las Salinas		137	196666	-990948	123	
San Pedro		137	257560	-1029838	126	
San Pedro		137	254333	-1032167	126	
San Pedro Garza García	san pedro garza garcia	137	256604	-1004065	126	
San Salvador Tizatlalli		137	192603	-995908	123	
San Sebastián el Grande	san sebastian el grande	137	205328	-1034294	123	
Sanctorum		137	190992	-982542	123	
Santa Ana Chiautempan		137	193066	-981877	123	
Santa Catarina		137	256732	-1004581	126	
Santa Cruz Xoxocotlán	santa cruz xoxocotlan	137	170296	-967352	123	
Santa Isabel		137	326308	-1155704	156	
Santa María Atzompa	santa maria atzompa	137	171016	-967769	123	
Santa María Chimalhuacán	santa maria chimalhuacan	137	194216	-989504	123	
Santa Teresa		137	198450	-992333	123	
Santiago		137	254253	-1001520	126	
Santiago Papasquiaro		137	250439	-1054192	126	
Santiago Teyahualco		137	196598	-991249	123	
Santiago de Querétaro	santiago de queretaro	137	205881	-1003881	123	queretaro city
Santo Domingo Tehuantepec		137	163246	-952410	123	
Sayula		137	198837	-1036007	123	
Silao		137	209436	-1014270	123	
Soledad de Graciano Sánchez	soledad de graciano sanchez	137	221891	-1009379	123	
Sombrerete		137	236314	-1036413	123	
Tacámbaro de Codallos	tacambaro de codallos	137	192350	-1014582	123	
Tala		137	206527	-1037015	123	
Tamazunchale		137	212599	-987894	123	
Tampico		137	222852	-978778	126	
Tantoyuca		137	213506	-982257	123	
Tapachula		137	149054	-922589	122	
Taxco de Alarcón	taxco de alarcon	137	185546	-996059	123	
Teapa		137	175560	-929479	122	
Tecamachalco		137	188835	-977334	123	
Tecate		137	325660	-1166319	156	
Tecax		137	202052	-892852	122	tekax
Tecomán	tecoman	137	189161	-1038771	123	
Tehuacán	tehuacan	137	184642	-973974	123	
Tejupilco de Hidalgo		137	189048	-1001528	123	
Teloloapan		137	183666	-998718	123	
Temixco		137	188525	-992254	123	
Tenango de Arista		137	191045	-995898	123	
Tenosique		137	174729	-914236	123	
Teocaltiche		137	214343	-1025743	123	
Teoloyucan		137	197442	-991811	123	
Teotihuacán de Arista	teotihuacan de arista	137	196897	-988608	123	
Tepatitlán de Morelos	tepatitlan de morelos	137	208169	-1027635	123	
Tepeaca		137	189669	-978998	123	
Tepeji del Río de Ocampo	tepeji del rio de ocampo	137	199048	-993438	123	
Tepexpan		137	196139	-989364	123	
Tepic		137	215073	-1048933	121	
Tepotzotlán	tepotzotlan	137	197212	-992239	123	
Tequila		137	208820	-1038360	123	
Tequisquiapan		137	205225	-998917	123	
Tequixquiac		137	199094	-991447	123	
Texcoco de Mora		137	195119	-988829	123	
Teziutlan		137	198173	-973599	123	
Ticul		137	203983	-895354	122	
Tierra Blanca		137	184477	-963591	123	
Tijuana		137	325027	-1170037	156	
Tixtla de Guerrero		137	175673	-993980	123	
Tizayuca		137	198372	-989761	123	
Tizimín	tizimin	137	211427	-881510	122	
Tlajomulco de Zúñiga	tlajomulco de zuniga	137	204742	-1034465	123	
Tlalnepantla		137	195400	-991954	123	
Tlalpan		137	192951	-991621	123	
Tlapa de Comonfort		137	175453	-985760	123	
Tlapacoyan		137	199627	-972114	123	
Tlaquepaque		137	206412	-1032934	123	
Tlaxcala		137	193178	-982385	123	tlaxcala city
Tláhuac	tlahuac	137	192869	-990051	123	
Toluca		137	192879	-996532	123	
Tonalá	tonala	137	206226	-1032417	123	
Tonalá	tonala	137	160901	-937546	123	
Torreón	torreon	137	255439	-1034190	126	
Tula de Allende		137	200516	-993440	123	
Tulancingo		137	200836	-983629	123	
Tultepec		137	196850	-991281	123	
Tultitlán de Mariano Escobedo	tultitlan de mariano escobedo	137	196466	-991679	123	
Tuxpan		137	195556	-1033759	123	
Tuxpan		137	219422	-1052987	121	
Tuxtepec		137	180883	-961254	123	san juan bautista tuxtla
Tuxtla		137	167536	-931158	122	tuxtla gutierrez
Túxpam de Rodríguez Cano	tuxpam de rodriguez cano	137	209578	-974080	123	
Umán	uman	137	208814	-897473	122	
Uriangato		137	201408	-1011825	123	
Uruapan		137	194112	-1020564	123	
Valente Diaz		137	191635	-962165	123	
Valladolid		137	206881	-881994	122	
Valle Hermoso		137	256732	-978127	126	
Valle de Bravo		137	191950	-1001313	123	
Valle de Santiago		137	203914	-1011922	123	
Venustiano Carranza		137	194436	-991050	123	
Veracruz		137	191810	-961429	123	
Victoria de Durango		137	240203	-1046576	126	
Villa Vicente Guerrero		137	191212	-981657	123	
Villaflores		137	162338	-932701	123	
Villagrán	villagran	137	205145	-1009974	123	
Villahermosa		137	179862	-929393	122	
Víctor Rosales	victor rosales	137	229489	-1027022	123	
Xalapa de Enríquez	xalapa de enriquez	137	195312	-969159	123	
Xalisco		137	214510	-1048983	121	
Xico		137	192703	-989509	123	
Xicotepec de Juárez	xicotepec de juarez	137	202761	-979611	123	
Xochimilco		137	192547	-991036	123	
Yautepec		137	188819	-990672	123	
Yuriria		137	202108	-1011321	123	
Yurécuaro	yurecuaro	137	203361	-1022838	123	
Zacapu		137	198219	-1017893	123	
Zacapú	zacapu	137	198140	-1017916	123	
Zacatecas		137	227684	-1025814	123	zacatecas city
Zacatelco		137	192158	-982397	123	
Zacatepec		137	186541	-991898	123	
Zacatlán	zacatlan	137	199355	-979613	123	
Zacualtipán	zacualtipan	137	206500	-986563	123	
Zamora		137	199855	-1022839	123	
Zapopan		137	207211	-1033874	123	
Zapotiltic		137	196275	-1034175	123	
Zapotlanejo		137	206227	-1030681	123	
Zinacantepec		137	192843	-997339	123	
Zumpango		137	197967	-990995	123	
Zumpango del Río	zumpango del rio	137	176544	-995272	123	
Álamo	alamo	137	209115	-976755	123	
Álvaro Obregón	alvaro obregon	137	193587	-992033	123	
Ébano	ebano	137	222181	-983771	123	
Palikir		138	69248	1581611	341	
Bender		139	468316	294777	267	tighina
Bălţi	balti	139	477631	279293	267	
Cahul		139	459042	281993	267	
Ceadîr-Lunga	ceadir-lunga	139	460617	288308	267	
Chisinau		139	470090	288594	267	
Comrat		139	462946	286565	267	
Căuşeni	causeni	139	466367	294111	267	
Dubăsari	dubasari	139	472656	291667	267	
Edineţ	edinet	139	481722	273034	267	
Orhei		139	473849	288245	267	
Rîbniţa	ribnita	139	477682	290100	267	
Soroca		139	481566	282849	267	
Tiraspol		139	468427	296291	267	
Ungheni		139	472108	278005	267	
Monaco		140	437372	74214	287	
Monte-Carlo		140	437398	74273	287	monte carlo
Arvayheer		141	462639	1027750	233	
Bayanhongor		141	461944	1007181	233	
Bogd		141	446702	1021749	233	
Dalandzadgad		141	435708	1044250	233	
Darhan		141	494867	1059228	233	darkhan
Erdenet		141	490333	1040833	233	
Khovd		141	480056	916419	190	
Mörön	moron	141	496342	1001625	233	
Sühbaatar	suhbaatar	141	502314	1062078	233	
Tsetserleg		141	474750	1014542	233	cecerleg
Ulaangom		141	499811	920667	190	
Ulan Bator		141	479077	1068832	233	ulaanbaatar
Undurkhaan		141	473194	1106556	233	
Ölgii	olgii	141	489683	899625	190	
Bar		142	420937	190984	291	
Bijelo Polje		142	430383	197476	291	
Budva		142	422864	188400	291	
Cetinje		142	423906	189142	291	
Herceg Novi		142	424531	185375	291	
Nikšić	niksic	142	427731	189445	291	
Pljevlja		142	433567	193584	291	
Podgorica		142	424412	192631	291	
Brades		143	167918	-622106	128	
Plymouth		143	167056	-622129	128	
Ad Darwa		144	333749	-75356	13	deroua
Agadir		144	304202	-95982	13	
Ahfir		144	349537	-21003	13	
Ain El Aouda		144	338033	-67946	13	
Ait Melloul		144	303416	-95036	13	
Ait Ourir		144	315652	-76616	13	
Al Aaroui		144	350109	-30094	13	
Al Fqih Ben Çalah	al fqih ben calah	144	325021	-66877	13	
Al Hoceïma	al hoceima	144	352516	-39372	13	
Aourir		144	304924	-96355	13	
Arfoud		144	314353	-42326	13	
Asilah		144	354652	-60342	13	
Azemmour		144	332895	-83425	13	
Azilal		144	319616	-65711	13	
Azrou		144	334344	-52213	13	
Aïn Attig	ain attig	144	338876	-69681	13	
Aïn Harrouda	ain harrouda	144	336374	-74497	13	
Aïn Taoujdat	ain taoujdat	144	339358	-52133	13	
Bejaâd	bejaad	144	327713	-63923	13	
Ben Ahmed		144	330664	-72416	13	
Ben Guerir		144	322409	-79540	13	
Ben Jerrar		144	302622	-95038	13	
Beni Enzar		144	352600	-29300	13	
Beni Mellal		144	323372	-63498	13	
Benslimane		144	336160	-71215	13	
Berkane		144	349200	-23200	13	
Berrechid		144	332655	-75875	13	
Bir Jdid		144	333736	-79946	13	
Bouarfa		144	325338	-19621	13	
Bouknadel		144	341185	-67389	13	
Bouskoura		144	334498	-76524	13	
Bouznika		144	337894	-71597	13	
Casablanca		144	335883	-76114	13	
Chefchaouen		144	351688	-52636	13	
Chichaoua		144	315435	-87628	13	
Dakhla		144	304114	-95534	13	
Dar Bouazza		144	335154	-78168	13	
Dchira El Jihadia		144	303734	-95476	13	
Demnate		144	317344	-70050	13	
Echemmaia Est		144	320810	-86246	13	
El Aïoun	el aioun	144	345832	-25061	13	
El Gara		144	332773	-72324	13	
El Hajeb		144	336879	-53710	13	
El Jadida		144	332568	-85088	13	
El Kelaa des Srarhna		144	320512	-74108	13	
El Ksiba		144	325729	-60195	13	
El Mansouria		144	337464	-73019	13	
Errachidia		144	319314	-44266	13	
Essaouira		144	315125	-97700	13	
Fes		144	340331	-50003	13	
Fnidek		144	358491	-53575	13	
Fès al Bali	fes al bali	144	340701	-49547	13	
Guelmim		144	289870	-100574	13	
Guercif		144	342257	-33536	13	
Gueznaia		144	357021	-58904	13	
Had Soualem		144	334197	-78524	13	
Ifrane		144	335267	-51102	13	
Imi-n-Tanout		144	311721	-88473	13	
Imzouren		144	351464	-38506	13	
Inezgane		144	303554	-95364	13	
Jerada		144	343100	-21600	13	
Kasba Tadla		144	325977	-62684	13	
Kenitra		144	342610	-65802	13	
Khemisset		144	338240	-60663	13	
Khenifra		144	329349	-56617	13	
Khouribga		144	328811	-69063	13	
Ksar El Kebir		144	350004	-59038	13	
Lahraouyine		144	335414	-75285	13	
Larache		144	351932	-61557	13	
Laâttaouia	laattaouia	144	318353	-73143	13	
Lqoliaa		144	302976	-94660	13	
Marrakesh		144	316342	-79999	13	
Martil		144	356166	-52752	13	
Mdiq		144	356831	-53287	13	
Mechraa Bel Ksiri		144	345737	-59558	13	
Mediouna		144	334516	-75200	13	
Mehdya		144	342560	-66734	13	
Meknes		144	338935	-55473	13	
Midelt		144	326852	-47451	13	
Missour		144	330489	-39895	13	
Mohammedia		144	336861	-73830	13	
Moulay Ali Cherif		144	312824	-42654	13	
Mrirt		144	331643	-55672	13	
My Drarga		144	303773	-94734	13	
Nador		144	351681	-29335	13	
New Fes		144	340547	-50072	13	
Oadar Temsia		144	303653	-94104	13	
Ouarzazate		144	309189	-68934	13	
Oued Zem		144	328627	-65736	13	
Ouezzane		144	347958	-55785	13	
Ouislane		144	339141	-54897	13	
Oujda		144	346814	-19086	13	
Oulad Ayad		144	322000	-68000	13	
Oulad Barhil		144	306404	-84688	13	
Oulad Teïma	oulad teima	144	303947	-92090	13	
Rabat		144	340132	-68326	13	
Ras el Ma		144	339740	-50961	13	
Rich		144	322564	-45015	13	
Sabaa Aiyoun		144	339033	-53687	13	
Safi		144	322994	-92372	13	
Salé	sale	144	340531	-67985	13	
Salé Al Jadida	sale al jadida	144	339972	-67405	13	
Sefrou		144	338319	-48280	13	
Selouane		144	350731	-29423	13	
Settat		144	330010	-76166	13	
Setti Fatma		144	312251	-76775	13	
Sidi Bennour		144	326524	-84277	13	
Sidi Ifni		144	293798	-101730	13	
Sidi Kacem		144	342215	-57078	13	
Sidi Rahal		144	334774	-79364	13	
Sidi Slimane		144	342648	-59260	13	
Sidi Slimane Echcharaa		144	349082	-23506	13	
Sidi Taibi		144	341870	-66818	13	
Sidi Yahia El Gharb		144	343049	-63040	13	
Skhirate		144	338527	-70317	13	
Smara		144	267384	-116719	13	
Souk El Arbaa		144	346847	-60034	13	
Souk et Tnine Jorf el Mellah		144	344916	-55085	13	
Souq Larb’a al Gharb		144	346866	-60027	13	
Souq Sebt Oulad Nemma		144	322973	-67030	13	
Tabount		144	309032	-69158	13	
Tahla		144	340496	-44216	13	
Tamansourt		144	317550	-81100	13	
Tamesna		144	338181	-69166	13	
Tan-Tan		144	284380	-111032	13	
Tangier		144	357673	-57998	13	
Taounate		144	345366	-46401	13	
Taourirt		144	344073	-28973	13	
Taroudant		144	304703	-88770	13	
Taza		144	342100	-40100	13	
Temara		144	339287	-69066	13	
Tiflet		144	338947	-63065	13	
Tine Biougra		144	302094	-93792	13	
Tinghir		144	315147	-55328	13	
Tirhanimîne	tirhanimine	144	352362	-39545	13	
Tit Mellil		144	335581	-74865	13	
Tiznit		144	296974	-97316	13	
Tétouan	tetouan	144	355784	-53684	13	
Youssoufia		144	322463	-85294	13	
Zagora		144	303324	-58384	13	
Zawyat an Nwaçer	zawyat an nwacer	144	333798	-76193	13	
Zawyat ech Cheïkh	zawyat ech cheikh	144	326444	-59183	13	
Zaïo	zaio	144	349428	-27329	13	
Zeghanghane		144	351556	-30024	13	
Alto Molocue		145	-156356	376883	37	
Angoche		145	-162325	399086	37	
Beira		145	-198436	348389	37	
Boane		145	-260424	323303	37	
Caia		145	-178203	353442	37	
Catandica		145	-180575	331736	37	
Chibuto		145	-246867	335306	37	
Chimoio		145	-191164	334833	37	
Chiúre	chiure	145	-133825	397817	37	
Chokwé	chokwe	145	-245333	329833	37	
Cuamba		145	-148031	365372	37	
Dondo		145	-196094	347431	37	
Gondola		145	-190883	336486	37	
Gorongosa		145	-186756	340728	37	
Gurúè	gurue	145	-154669	369778	37	
Inhambane		145	-238650	353833	37	
Lichinga		145	-133128	352406	37	
Macia		145	-250269	330989	37	
Macomia		145	-122467	401208	37	
Malema		145	-149475	374159	37	
Mandimba		145	-143525	356506	37	
Manhiça	manhica	145	-254022	328072	37	
Manica		145	-189344	328756	37	
Maputo		145	-259655	325832	37	
Marromeu		145	-182908	359453	37	
Massinga		145	-233292	353814	37	
Matola		145	-259622	324589	37	
Maxixe		145	-238597	353472	37	
Micolene		145	-167333	392333	37	
Milange		145	-160986	357700	37	
Moatize		145	-161153	337294	37	
Mocuba		145	-168375	369856	37	
Mocímboa	mocimboa	145	-113167	403500	37	
Mocímboa da Praia	mocimboa da praia	145	-113517	403516	37	
Monapo		145	-149169	403022	37	
Montepuez		145	-131256	389997	37	
Morrumbala		145	-173269	355842	37	
Mossuril		145	-149678	406639	37	
Mozambique		145	-150347	407345	37	
Mueda		145	-116628	395506	37	
Mutuáli	mutuali	145	-148706	370044	37	
Nacala		145	-145626	406854	37	
Namacurra		145	-174919	370289	37	
Namapa-erati		145	-137130	398315	37	
Nametil		145	-157203	393425	37	
Namialo		145	-149206	399836	37	
Nampula		145	-151165	392666	37	
Nhamatanda		145	-192692	342128	37	
Pemba		145	-129740	405178	37	
Quelimane		145	-178786	368883	37	
Ressano Garcia		145	-254428	319953	37	
Ribáuè	ribaue	145	-149447	383236	37	
Songo		145	-155958	327647	37	
Tete		145	-161564	335867	37	
Vilankulo		145	-220000	353167	37	
Xai-Xai		145	-250519	336442	37	
Xilembene		145	-246894	332584	37	
Amarapura		146	219071	960489	238	
Ann		146	197954	940479	238	ann town
Aungban		146	206606	966349	238	
Bago		146	173352	964814	238	
Bhamo		146	242526	972336	238	
Bogale		146	162941	953974	238	
Buthidaung Town		146	208754	925300	238	
Chauk		146	208992	948178	238	
Dawei		146	140823	981915	238	
Gwa		146	175937	945800	238	gwa twon
Heho		146	207232	968228	238	
Hinthada		146	176494	954570	238	
Hpa-An		146	168895	976348	238	
Insein		146	168887	961026	238	
Kalaw		146	206346	965645	238	
Kanbe		146	167073	960017	238	
Kawthoung		146	99824	985503	238	kawthaung
Kayan		146	169080	965604	238	
Kyaikkami		146	160769	975639	238	
Kyaiklat		146	164450	957237	238	
Kyaikto		146	173086	970112	238	
Kyain Seikgyi Township		146	158229	982526	238	
Kyaukse		146	216056	961351	238	
Kyeintali		146	180061	944900	238	kyeintali town
Kēng Tung	keng tung	146	216309	999268	238	
Lakang		146	246605	971892	238	
Lashio		146	229359	977498	238	
Laukkai		146	236961	987621	238	
Letpandan		146	177866	957508	238	
Magway		146	201496	949325	238	
Manaung		146	188548	937291	238	
Mandalay		146	219747	960836	238	
Martaban		146	165283	976157	238	
Maubin		146	167315	956544	238	
Mawlaik		146	236425	944048	238	
Mawlamyine		146	164905	976282	238	
Mawlamyinegyunn		146	163772	952649	238	
Meiktila		146	208778	958584	238	
Minbu		146	201806	948760	238	
Mogok		146	229177	965098	238	
Monywa		146	221086	951358	238	
Mu-se		146	239974	979011	238	
Mudon		146	162562	977246	238	
Myanaung		146	182865	953201	238	
Myawadi		146	166891	985089	238	
Myaydo		146	193684	952151	238	
Myeik		146	124395	986003	238	
Myingyan		146	214600	953884	238	
Myitkyina		146	253833	973964	238	
Möng Yawng	mong yawng	146	211792	1003576	238	
Namhkam		146	238334	976798	238	
Nay Pyi Taw		146	197450	961297	238	
Nyaungdon		146	170446	956396	238	
Nyaunglebin		146	179536	967225	238	
Pakokku		146	213349	950844	238	
Pathein		146	167792	947321	238	
Paungde		146	184917	955059	238	
Pyapon		146	162854	956788	238	
Pyay		146	188200	952156	238	prome
Pyin Oo Lwin		146	220350	964568	238	
Pyinmana		146	197381	962074	238	
Pyu		146	184813	964374	238	
Sagaing		146	218787	959797	238	
Shwebo		146	225692	956982	238	
Sittwe		146	201462	928983	238	
Tachilek		146	204475	998808	238	
Taungdwingyi		146	200065	955453	238	
Taunggyi		146	207892	970378	238	
Taungoo		146	189429	964341	238	
Thanatpin		146	172914	965752	238	
Thanlyin		146	167689	962450	238	
Tharyarwady		146	176540	957881	238	
Thaton		146	169187	973700	238	
Thayetmyo		146	193208	951827	238	
Thongwa		146	167600	965250	238	
Twante		146	167084	959336	238	
Wakema		146	166033	951828	238	
Yamethin		146	204319	961388	238	
Yangon		146	168053	961561	238	
Yawnghwe		146	206597	969338	238	
Ye		146	152464	978551	238	
Yenangyaung		146	204650	948712	238	
Gobabis		147	-224534	189716	51	
Grootfontein		147	-195733	181003	51	
Helao Nafidi		147	-173932	158911	51	
Katima Mulilo		147	-175047	242757	51	
Katutura		147	-225231	170603	51	
Keetmanshoop		147	-265765	181336	51	
Okahandja		147	-219814	169029	51	
Ondangwa		147	-179082	159804	51	
Ongwediva		147	-177720	157656	51	
Oshakati		147	-177883	157044	51	
Otjiwarongo		147	-204637	166477	51	
Rehoboth		147	-233170	170900	51	
Rundu		147	-179180	197731	51	
Swakopmund		147	-226784	145266	51	
Tsumeb		147	-192484	177135	51	
Walvis Bay		147	-229575	145053	51	
Windhoek		147	-225594	170832	51	
Yaren		148	-5508	1669252	334	yaren district
Banepā	banepa	149	276327	855220	198	
Bharatpur		149	276768	844359	198	
Bhimdatta		149	289640	801772	198	mahendranagar
Biratnagar		149	264550	872701	198	
Birendranagar		149	285967	816166	198	
Birgañj	birganj	149	270171	848808	198	birgunj
Butwāl	butwal	149	277006	834484	198	
Bāgluṅ	baglun	149	282673	835996	198	
Dhangaḍhi̇̄	dhangadhi	149	287016	805899	198	
Dhankutā	dhankuta	149	269833	873333	198	
Dharān	dharan	149	268144	872797	198	
Dipayal		149	292608	809400	198	
Gaur		149	267645	852784	198	
Gulariyā	gulariya	149	282058	813453	198	
Hetauda		149	274284	850322	198	
Inaruwa		149	266068	871478	198	
Jaleshwar		149	266492	858002	198	
Janakpur		149	267288	859263	198	janakpur dham
Kathmandu		149	277017	853206	198	
Khā̃dbāri̇̄	khadbari	149	273765	872077	198	
Ki̇̄rtipur	kirtipur	149	276785	852757	198	
Lahān	lahan	149	267202	864826	198	
Madhyapur Thimi		149	276806	853875	198	
Nepalgunj		149	280500	816167	198	
Panauti		149	275847	855212	198	
Panauti̇̄	panauti	149	275845	855149	198	
Pokhara		149	282669	839685	198	
Pātan	patan	149	276766	853142	198	
Rājbirāj	rajbiraj	149	265397	867480	198	
Siddharthanagar		149	275000	834500	198	
Siraha		149	266542	862080	198	
Triyuga		149	267919	866990	198	
Tulsi̇̄pur	tulsipur	149	281333	822980	198	
Tānsen	tansen	149	278666	835459	198	
Wāliṅ	walin	149	279837	837592	198	
Īṭahari̇̄	itahari	149	266637	872740	198	
Ṭikāpur	tikapur	149	285282	811183	198	
Dumbéa	dumbea	150	-221576	1664572	337	
Mont-Dore		150	-222626	1665662	337	
Nouméa	noumea	150	-222741	1664488	337	
Ashburton		151	-438983	1717301	325	
Auckland		151	-368485	1747635	325	
Avondale		151	-368833	1747000	325	
Blenheim		151	-415160	1739528	325	
Christchurch		151	-435333	1726333	325	
Dunedin		151	-458742	1705036	325	
Gisborne		151	-386533	1780042	325	
Hamilton		151	-377833	1752833	325	
Hastings		151	-396381	1768492	325	
Invercargill		151	-464000	1683500	325	
Lower Hutt		151	-412167	1749167	325	
Mangere		151	-369681	1747988	325	
Mangere East		151	-369659	1748239	325	
Manukau City		151	-369928	1748799	325	
Manurewa		151	-370182	1748802	325	
Massey		151	-368382	1746102	325	
Massey East		151	-368282	1746202	325	
Masterton		151	-409597	1756575	325	
Napier		151	-394926	1769123	325	napier city
Nelson		151	-412708	1732840	325	
New Lynn		151	-369069	1746870	325	
New Plymouth		151	-390667	1740833	325	
North Shore		151	-368000	1747500	325	
Otara		151	-369482	1748702	325	
Palmerston North		151	-403564	1756111	325	
Papakura		151	-370646	1749421	325	
Papatoetoe		151	-369682	1748402	325	
Paraparaumu		151	-409167	1750167	325	
Porirua		151	-411333	1748500	325	
Pukekohe East		151	-372000	1749500	325	
Remuera		151	-368804	1747982	325	
Rolleston		151	-435833	1723833	325	
Rotorua		151	-381387	1762452	325	
Taupo		151	-386833	1760833	325	
Tauranga		151	-376861	1761667	325	
Timaru		151	-443967	1712536	325	
Upper Hutt		151	-411383	1750502	325	
Wellington		151	-412866	1747756	325	
Whanganui		151	-399333	1750500	325	
Whangarei		151	-357317	1743239	325	
Bluefields		152	120129	-837645	116	
Boaco		152	124726	-856596	116	
Chichigalpa		152	125776	-870270	116	
Chinandega		152	126295	-871313	116	
Ciudad Sandino		152	121589	-863442	116	
Diriamba		152	118581	-862392	116	
El Viejo		152	126635	-871666	116	
Estelí	esteli	152	130929	-863559	116	
Granada		152	119306	-859537	116	
Jalapa		152	139222	-861235	116	
Jinotega		152	130910	-860023	116	
Jinotepe		152	118483	-861992	116	
Juigalpa		152	121059	-853655	116	
La Paz Centro		152	123400	-866753	116	
León	leon	152	124353	-868786	116	
Managua		152	121328	-862504	116	
Masatepe		152	119144	-861446	116	
Masaya		152	119732	-860959	116	
Matagalpa		152	129279	-859191	116	
Mateare		152	122351	-864281	116	
Nagarote		152	122659	-865647	116	
Nueva Guinea		152	116876	-844562	116	
Ocotal		152	136322	-864740	116	
Puerto Cabezas		152	140351	-833888	116	
Rivas		152	114398	-858275	116	
San Marcos		152	119095	-862035	116	
San Rafael del Sur		152	118485	-864384	116	
Tipitapa		152	121973	-860971	116	
Abalak		153	154509	62793	44	
Agadez		153	169733	79911	44	
Aguié	aguie	153	135060	77786	44	
Alaghsas		153	170187	80168	44	
Arlit		153	187369	73853	44	
Ayorou		153	147308	9174	44	
Baléyara	baleyara	153	137838	29523	44	
Birni N Konni		153	137960	52503	44	
Dakoro		153	145106	67650	44	
Diffa		153	133154	126114	44	
Dogondoutchi		153	136403	40265	44	
Dosso		153	130490	31937	44	
Gaya		153	118844	34492	44	
Gouré	goure	153	139835	102704	44	
Guidan Roumdji		153	136576	66957	44	
Illéla	illela	153	144605	52437	44	
Madaoua		153	140730	59600	44	
Magaria		153	129983	89099	44	
Maradi		153	135000	71017	44	
Matamey		153	134231	84748	44	
Mayahi		153	139553	76712	44	
Mirriah		153	137073	91501	44	
Nguigmi		153	142495	131092	44	
Niamey		153	135137	21098	44	
Tahoua		153	148888	52692	44	
Tanout		153	149709	88879	44	
Tessaoua		153	137574	79874	44	
Tibiri		153	135627	70485	44	
Tillabéri	tillaberi	153	142071	14542	44	
Téra	tera	153	140078	7531	44	
Zinder		153	138072	89881	44	
Aba		154	51066	73667	30	
Abakaliki		154	63248	81137	30	
Abeokuta		154	71557	33451	30	
Abuja		154	90578	74951	30	
Ado-Ekiti		154	76233	52209	30	
Afikpo		154	58926	79353	30	
Agbor		154	62538	61942	30	
Agulu		154	61005	70610	30	
Ajegunle		154	64520	33312	30	
Akowonjo		154	66101	33097	30	
Aku		154	67090	73183	30	
Akure		154	72526	51931	30	
Aliayabiagba		154	64500	33333	30	
Alimosho		154	66066	33024	30	
Amaigbo		154	57892	78383	30	
Apomu		154	73516	41834	30	
Aramoko-Ekiti		154	77048	50405	30	
Argungu		154	127448	45251	30	
Asaba		154	61982	67319	30	
Atani		154	60128	67477	30	
Auchi		154	70676	62636	30	
Awgu		154	60728	74774	30	
Awka		154	62127	70720	30	
Azare		154	116748	101907	30	
Badagry		154	64150	28813	30	
Bama		154	115213	136895	30	
Baro		154	86156	64185	30	
Bauchi		154	103103	98439	30	
Bende		154	55587	76336	30	
Benin City		154	63382	56258	30	
Bida		154	90804	60099	30	
Birnin Kebbi		154	124539	41975	30	
Birnin Kudu		154	114521	94786	30	
Biu		154	106128	121946	30	
Buguma		154	47361	68624	30	
Calabar		154	49589	83270	30	
Chakwama		154	115596	96641	30	
Damaturu		154	117470	119608	30	
Damboa		154	111553	127564	30	
Daura		154	115541	114060	30	
Daura		154	130330	83235	30	
Dikwa		154	120361	139182	30	
Dutsen Wai		154	108501	81990	30	
Ebute Ikorodu		154	66009	34882	30	
Effium		154	66310	80581	30	
Efon-Alaaye		154	76565	49224	30	
Eha Amufu		154	66592	77596	30	
Ejigbo		154	79030	43136	30	
Eket		154	46423	79244	30	
Ekpoma		154	67430	61403	30	
Emure-Ekiti		154	74364	54592	30	
Enugu		154	64413	74988	30	
Enugu-Ukwu		154	61715	70052	30	
Epe		154	65841	39834	30	
Esuk Oron		154	48029	82534	30	
Ezza-Ohu		154	64409	80843	30	
Fiditi		154	77139	39166	30	
Funtua		154	115235	73117	30	
Gamboru		154	123730	142069	30	
Gashua		154	128740	110406	30	
Gboko		154	73228	90011	30	
Gbongan		154	74773	43535	30	
Geidam		154	128944	119265	30	
Gombe		154	102897	111673	30	
Gumel		154	126269	93881	30	
Gummi		154	121448	51178	30	
Gusau		154	121702	66641	30	
Hadejia		154	124535	100412	30	
Ibadan		154	73776	39059	30	
Ibi		154	81812	97443	30	
Idah		154	71134	67387	30	
Idanre		154	71127	51159	30	
Ifo		154	68149	31952	30	
Igbara-Odo		154	75025	50626	30	
Igbeti		154	87492	41311	30	
Igbo-Ora		154	74338	32879	30	
Igbo-Ukwu		154	60180	70203	30	
Igboho		154	88378	37563	30	
Igede-Ekiti		154	76685	51263	30	
Ihiala		154	58548	68594	30	
Ijebu Ode		154	68194	39173	30	
Ijebu-Igbo		154	69720	39994	30	
Ijebu-Jesa		154	76829	48177	30	
Ijero-Ekiti		154	78151	50672	30	
Ikare		154	75259	57534	30	
Ikeja		154	65965	33420	30	
Ikere-Ekiti		154	74975	52304	30	
Ikire		154	73698	41863	30	
Ikirun		154	79128	46674	30	
Ikom		154	59667	87063	30	
Ikot Ekpene		154	51819	77148	30	
Ila Orangun		154	80171	49042	30	
Ilaro		154	68890	30142	30	
Ile-Ife		154	74824	45603	30	
Ilesa		154	76279	47416	30	
Ilobu		154	78388	44867	30	
Ilorin		154	84966	45421	30	
Inisa		154	78486	43298	30	
Ipoti		154	78738	50769	30	
Irewe		154	64169	31406	30	
Ise-Ekiti		154	74648	54233	30	
Iseyin		154	79702	35963	30	
Isieke		154	63819	80374	30	
Itu		154	52013	79837	30	
Iwo		154	76353	41816	30	
Jalingo		154	88937	113596	30	
Jebba		154	91197	48236	30	
Jega		154	122234	43797	30	
Jimeta		154	92795	124582	30	
Jos		154	99285	88921	30	
Kabba		154	78272	60750	30	
Kachia		154	98734	79541	30	
Kaduna		154	105264	74388	30	
Kafanchan		154	95813	82926	30	
Kagoro		154	96078	83904	30	
Kaiama		154	96053	39410	30	
Kamba		154	118517	36548	30	
Kano		154	120001	85167	30	
Katsina		154	129908	76018	30	
Katsina-Ala		154	71694	92846	30	
Kaura Namoda		154	125937	65865	30	
Keffi		154	88465	78735	30	
Kisi		154	90830	38520	30	
Kontagora		154	104032	54708	30	
Kuje		154	88795	72276	30	
Kumo		154	100481	112106	30	
Lafia		154	84939	85153	30	
Lafiagi		154	88530	54164	30	
Lagos		154	64541	33947	30	
Lalupon		154	74679	40659	30	
Lekki		154	64122	40947	30	
Lere		154	103858	85729	30	
Lokoja		154	77969	67405	30	
Maiduguri		154	118469	131571	30	
Makoko		154	64961	33878	30	
Makurdi		154	77338	85214	30	
Malumfashi		154	117894	76206	30	
Minna		154	96152	65478	30	
Modakeke		154	73830	42603	30	
Moriki		154	128740	64875	30	
Mubi		154	102686	132670	30	
Mushin		154	65280	33541	30	
Nafada		154	110960	113326	30	
Nasarawa		154	85390	77082	30	
Nguru		154	128770	104554	30	
Nkpor		154	61504	68304	30	
Nkwerre		154	57592	71038	30	
Nnewi		154	60196	69173	30	
Nsukka		154	68578	73958	30	
Numan		154	94637	120306	30	
Obalende		154	64469	34153	30	
Obonoma		154	47113	67908	30	
Ode		154	77899	57117	30	
Offa		154	81491	47207	30	
Ogaminana		154	75938	62180	30	
Ogbomoso		154	81337	42401	30	
Ogoja		154	66584	87992	30	
Oguta		154	57104	68094	30	
Ogwashi-Uku		154	61781	65246	30	
Ohafia-Ifigh		154	56146	78119	30	
Oke Ila		154	79500	49833	30	
Oke Mesi		154	78167	49167	30	
Okene		154	75512	62359	30	
Okigwe		154	58292	73506	30	
Okrika		154	47422	70837	30	
Okuta		154	92187	32012	30	
Olupona		154	76004	41926	30	
Ondo		154	70932	48353	30	
Onitsha		154	61498	67857	30	
Orita-Eruwa		154	75563	34411	30	
Oshodi		154	65550	33436	30	
Osogbo		154	77710	45570	30	
Otan Ayegbaju		154	79478	47884	30	
Otukpa		154	71017	76594	30	
Owerri		154	54836	70332	30	
Owo		154	71962	55868	30	
Oyan		154	80500	47667	30	
Oyo		154	78537	39324	30	
Ozubulu		154	59575	68530	30	
Pankshin		154	93254	94352	30	
Patigi		154	87285	57556	30	
Pindiga		154	99843	109523	30	
Port Harcourt		154	47774	70134	30	
Potiskum		154	117139	110811	30	
Saki		154	86676	33939	30	
Sapele		154	58940	56767	30	
Shagamu		154	68485	36463	30	sagamu
Shomolu		154	65389	33742	30	
Sofo-Birnin-Gwari		154	110154	67804	30	
Sokoto		154	130627	52432	30	
Suleja		154	91806	71794	30	
Surulere		154	65015	33581	30	
Takum		154	72667	99833	30	
Talata Mafara		154	125684	60622	30	
Tegina		154	100706	61906	30	
Ubiaja		154	66558	63849	30	
Uga		154	59358	70793	30	
Ugep		154	58086	80810	30	
Ughelli		154	54896	60041	30	
Umuahia		154	55249	74946	30	
Uromi		154	67000	63333	30	
Uyo		154	50513	79335	30	
Wamba		154	89415	86032	30	
Warri		154	55174	57501	30	
Wudil		154	118094	88442	30	
Wukari		154	78714	97779	30	
Yenagoa		154	49268	62676	30	
Yola		154	92084	124815	30	
Zaria		154	111113	77227	30	
Zungeru		154	98073	61524	30	
Zuru		154	114352	52349	30	
Alofi		155	-190529	-1699196	335	
Kingston		156	-290546	1679663	336	
Anbyŏn-ŭp	anbyon-up	157	390425	1275239	216	
Anju		157	396178	1256647	216	
Aoji-ri		157	425218	1303957	216	
Chaeryŏng-ni	chaeryong-ni	157	387358	1252308	216	
Chaeryŏng-ŭp	chaeryong-up	157	383992	1256156	216	
Changam-ch’on		157	406061	1287819	216	
Changyŏn	changyon	157	382508	1250961	216	
Chongjin		157	417956	1297758	216	
Chunggang		157	417772	1268736	216	
Chŏngju	chongju	157	396933	1252103	216	
Ch’ŏngdan-ŭp	ch’ongdan-up	157	379703	1259375	216	
Ch’ŏsal-li	ch’osal-li	157	394033	1255089	216	
Haeju		157	380406	1257147	216	
Hamhŭng	hamhung	157	399183	1275364	216	
Hoeryŏng	hoeryong	157	424411	1297460	216	
Hongwŏn	hongwon	157	400253	1279558	216	
Hwadae		157	408381	1294969	216	
Hwangju-ŭp	hwangju-up	157	386703	1257761	216	
Hwasŏng	hwasong	157	412556	1294928	216	
Hyesan		157	414017	1281778	216	
Hyesan-dong		157	413953	1281873	216	
Hŭkkyo-ri	hukkyo-ri	157	387986	1257919	216	
Hŭngnam	hungnam	157	398420	1276321	216	
Iwŏn-ŭp	iwon-up	157	403231	1286553	216	
Kaech’ŏn	kaech’on	157	397006	1258933	216	
Kaesŏng	kaesong	157	379708	1265544	216	
Kangdong-ŭp	kangdong-up	157	391425	1260961	216	
Kanggye		157	409695	1265852	216	
Kangnyŏng	kangnyong	157	379075	1255100	216	
Kilju		157	409642	1293278	216	
Kop’ung		157	406039	1259467	216	
Kosan		157	388558	1274181	216	
Kowŏn-ŭp	kowon-up	157	394381	1272431	216	
Kusŏng	kusong	157	399811	1252447	216	
Kwail-ŭp	kwail-up	157	384461	1250186	216	
Kyŏngsŏng	kyongsong	157	415878	1296061	216	
Manp’o		157	411547	1262894	216	
Man’gyŏngdae-ri	man’gyongdae-ri	157	389918	1256587	216	
Musan-ŭp	musan-up	157	422261	1292078	216	
Myŏngch’ŏn	myongch’on	157	410706	1294292	216	
Myŏnggan-dong	myonggan-dong	157	411372	1294947	216	
Namp’o		157	387375	1254078	216	nampo
Namyang		157	429504	1298557	216	
Ongjin		157	379347	1253619	216	
Paech’ŏn-ŭp	paech’on-up	157	379931	1263014	216	
Paek'ak		157	394628	1256059	216	
Pongch’ŏn-ŭp	pongch’on-up	157	381239	1262047	216	
Puryŏng-ŭp	puryong-up	157	420622	1297046	216	
Pyongyang		157	390338	1257543	216	
P’yŏngsŏng	p’yongsong	157	392464	1258719	216	pyongsong
Rajin		157	422556	1302831	216	
Ranam		157	417136	1296844	216	
Samch’ŏn	samch’on	157	383594	1253259	216	
Sariwŏn-si	sariwon-si	157	385072	1257558	216	
Sijung		157	410789	1263750	216	
Sinch’ŏn-ŭp	sinch’on-up	157	383532	1254842	216	
Sinwŏn-ŭp	sinwon-up	157	382353	1257624	216	
Sinŭiju	sinuiju	157	401006	1243981	216	
Songhwa		157	383603	1251372	216	
Songnim-ni		157	387635	1256410	216	
Songwŏn	songwon	157	403770	1258787	216	
Songwŏn-ŭp	songwon-up	157	403728	1263083	216	
Sunan		157	392032	1256931	216	
Sunch’ŏn	sunch’on	157	394317	1259328	216	
Sŏnbong	sonbong	157	423512	1303831	216	
Sŭngho 1-tong	sungho 1-tong	157	389914	1259778	216	
Tŏkch’ŏn	tokch’on	157	397526	1262580	216	
T’aet’an-ŭp	t’aet’an-up	157	380882	1252983	216	
Uiju		157	401994	1245317	216	
Wŏnsan	wonsan	157	391528	1274436	216	
Yuktae-dong		157	400247	1281597	216	
Yŏch’im-dong	yoch’im-dong	157	403617	1266585	216	
Yŏnan-ŭp	yonan-up	157	379089	1261611	216	
Yŏnggwang-ŭp	yonggwang-up	157	400183	1274547	216	
Yŏnsa-ŭp	yonsa-up	157	419081	1290111	216	
Ŏrang	orang	157	414478	1296556	216	
Ŭllyul	ullyul	157	385139	1251897	216	
Ŭnch’ŏn-ŭp	unch’on-up	157	385656	1254272	216	
Ŭndŏk	undok	157	425188	1303348	216	
Bitola		158	410314	213347	300	
Butel		158	420308	214467	300	
Centar Župa	centar zupa	158	414785	205594	300	
Gjorče Petro	gjorce petro	158	420078	213531	300	
Gostivar		158	417960	209082	300	
Kavadarci		158	414331	220119	300	
Kisela Voda		158	419489	215028	300	
Kičevo	kicevo	158	415127	209589	300	
Kochani		158	419164	224128	300	kocani
Kumanovo		158	421322	217144	300	
Lipkovo		158	421564	215853	300	
Ohrid		158	411172	208019	300	
Prilep		158	413451	215550	300	
Radovis		158	416383	224647	300	
Saraj		158	420000	213278	300	
Shtip		158	417458	221958	300	
Skopje		158	419965	214314	300	
Struga		158	411780	206778	300	
Strumica		158	414375	226433	300	
Tearce		158	420767	210531	300	
Tetovo		158	420097	209716	300	
Veles		158	417156	217756	300	
Zelino		158	419803	210642	300	
Čair	cair	158	420153	214411	300	
Saipan		159	152123	1457545	344	
Arendal		160	584615	87725	289	
Asker		160	598333	104372	289	
Askøy	askoy	160	604430	51524	289	
Bergen		160	603930	53242	289	
Bodø	bodo	160	672827	143751	289	
Drammen		160	597439	102045	289	
Erdal		160	604426	52271	289	
Florvåg	florvag	160	604210	52385	289	
Follese		160	604102	51544	289	
Fredrikstad		160	592181	109298	289	
Grimstad		160	583405	85934	289	
Halden		160	591248	113875	289	
Hamar		160	607945	110680	289	
Haugesund		160	594138	52680	289	
Hetlevik		160	604260	51494	289	
Horten		160	594172	104834	289	
Kleppestø	kleppesto	160	604079	52341	289	
Kristiansand		160	581467	79956	289	
Kristiansund		160	631104	77280	289	
Larvik		160	590533	100352	289	
Lillehammer		160	611151	104663	289	
Lillestrøm	lillestrom	160	599560	110492	289	
Molde		160	627375	71591	289	
Moss		160	594340	106577	289	
Nesttun		160	603182	53532	289	
Oslo		160	599127	107461	289	
Porsgrunn		160	591405	96561	289	
Sandefjord		160	591312	102166	289	
Sandnes		160	588524	57352	289	
Sarpsborg		160	592839	111096	289	
Skien		160	592096	96090	289	
Stavanger		160	589700	57333	289	
Strusshamn		160	604044	51918	289	
Tromsø	tromso	160	696489	189551	289	
Trondheim		160	634305	103951	289	
Tønsberg	tonsberg	160	592675	104076	289	
Ytrebygda		160	603050	52824	289	
Ålesund	alesund	160	624722	61549	289	
Al Buraymī	al buraymi	161	242509	557931	208	buraimi
Al Khābūrah	al khaburah	161	239714	570931	208	
As Suwayq		161	238494	574386	208	
Bahlā’	bahla’	161	229789	573047	208	
Barkā’	barka’	161	236787	578860	208	
Bawshar		161	235777	583998	208	
Bidbid		161	234079	581283	208	
Ibrā’	ibra’	161	226906	585334	208	ibra'
Izkī	izki	161	229333	577667	208	
Liwá	liwa	161	245308	565630	208	
Muscat		161	235841	584078	208	
Nizwá	nizwa	161	229333	575333	208	
Rustaq		161	233908	574244	208	
Seeb		161	236703	581891	208	
Shināş	shinas	161	247426	564670	208	
Sohar		161	243474	567094	208	
Sufālat Samā’il	sufalat sama’il	161	233167	580167	208	
Sur		161	225667	595289	208	
Şalālah	salalah	161	170150	540924	208	
Şaḩam	saham	161	241722	568886	208	
‘Ibrī	‘ibri	161	232257	565157	208	
Abbottabad		162	341463	732117	197	
Ahmadpur East		162	291427	712577	197	ahmedpur east
Ahmadpur Sial		162	306779	717434	197	
Akora		162	340034	721256	197	
Alipur		162	293824	709111	197	
Aman Garh		162	340058	719297	197	amangarh
Arif Wala		162	263248	662959	197	
Arifwala		162	302906	730657	197	
Attock City		162	337667	723598	197	
Badin		162	246560	688370	197	
Bagh		162	339811	737761	197	
Bahawalnagar		162	299984	732527	197	bahawalpur
Bahawalnagar		162	305508	733908	197	
Bahawalpur		162	293978	716752	197	
Bannu		162	329853	706040	197	
Basirpur		162	305776	738391	197	
Bat Khela		162	346178	719725	197	
Battagram		162	346772	730233	197	
Bhakkar		162	316268	710647	197	
Bhalwal		162	322658	728981	197	
Bhera		162	324821	729086	197	
Bhimber		162	329746	740785	197	
Burewala		162	301667	726500	197	
Chak Azam Sahu		162	307520	730283	197	
Chak Five Hundred Seventy-five		162	315451	738289	197	
Chak Jhumra		162	315681	731832	197	
Chak One Hundred Twenty Nine Left		162	304292	730452	197	
Chak Thirty-one -Eleven Left		162	304239	726974	197	
Chakwal		162	329329	728539	197	
Chaman		162	309177	664526	197	
Charsadda		162	341482	717406	197	
Chawinda		162	323443	747051	197	
Chichawatni		162	305301	726916	197	
Chiniot		162	317209	729784	197	
Chishtian		162	297971	728577	197	
Chuhar Kana		162	317500	738000	197	
Chunian		162	309662	739791	197	
Dadu		162	267303	677769	197	
Daska Kalan		162	323242	743504	197	
Daud Khel		162	328753	715712	197	
Dera Ghazi Khan		162	300459	706403	197	
Dera Ismail Khan		162	318313	709017	197	
Digri		162	251566	691110	197	
Dijkot		162	312174	729962	197	
Dinga		162	326410	737204	197	
Dipalpur		162	306698	736531	197	
Dullewala		162	318344	714364	197	
Dunga Bunga		162	297498	732429	197	
Dunyapur		162	298028	717434	197	
Eminabad		162	320424	742600	197	
Faisalabad		162	314155	730897	197	
Faqirwali		162	294680	730349	197	
Faruka		162	318864	724136	197	
Fazilpur		162	321763	750658	197	
Fort Abbas		162	291934	728552	197	
Gambat		162	273517	685215	197	
Garh Maharaja		162	308338	719049	197	
Ghauspur		162	281388	690824	197	
Ghotki		162	280044	693157	197	
Gilgit		162	359187	743124	197	
Gojra		162	311493	726832	197	
Gujar Khan		162	332541	733043	197	
Gujranwala		162	321557	741870	197	
Gujrat		162	325742	740754	197	
Gwadar		162	251216	623254	197	
Hadali		162	326404	745690	197	
Hafizabad		162	320710	736880	197	
Hala		162	258146	684220	197	
Hangu		162	335320	710595	197	
Haripur		162	339978	729349	197	
Harunabad		162	296121	731380	197	
Hasilpur		162	296922	725457	197	
Haveli Lakha		162	304510	736937	197	
Havelian		162	340535	731599	197	
Hazro City		162	339099	724918	197	
Hingorja		162	272109	684160	197	
Hujra Shah Muqim		162	307417	738233	197	
Hyderabad		162	253969	683772	197	
Islamabad		162	337215	730433	197	
Jacobabad		162	282819	684376	197	
Jaglot		162	356884	746241	197	
Jahanian Shah		162	318054	722774	197	
Jalalpur Jattan		162	326412	742056	197	
Jalalpur Pirwala		162	295051	712220	197	
Jampur		162	296424	705952	197	
Jaranwala		162	313332	734187	197	
Jatoi Shimali		162	295183	708447	197	
Jauharabad		162	322902	722818	197	
Jhang Sadr		162	312698	723169	197	jhang sadar
Jhawarian		162	323619	726228	197	
Jhelum		162	329345	737310	197	
Kabirwala		162	304047	718627	197	
Kahna Nau		162	313671	743690	197	
Kahror Pakka		162	296243	719144	197	
Kahuta		162	335918	733874	197	
Kalat		162	290266	665936	197	
Kalur Kot		162	321551	712663	197	
Kamalia		162	307271	726461	197	
Kambar		162	275875	680007	197	qambar
Kamoke		162	319753	742230	197	
Kamra		162	337470	735123	197	
Kandhkot		162	282457	691797	197	
Kandiaro		162	270592	682102	197	
Kanganpur		162	307647	741229	197	
Karachi		162	248608	670104	197	
Karachi University Employees Co-operative Housing Society		162	249628	671194	197	
Karor		162	312246	709515	197	
Kashmor		162	284326	695836	197	
Kasur		162	311187	744502	197	
Khairpur		162	280644	697036	197	
Khairpur Mir’s		162	275295	687592	197	
Khairpur Nathan Shah		162	270906	677349	197	
Khairpur Tamewah		162	295814	722380	197	
Khalabat		162	340600	728896	197	
Khangah Dogran		162	318329	736221	197	
Khanpur		162	286474	706569	197	
Khanpur Mahar		162	278409	694130	197	
Kharan		162	285846	654150	197	
Kharian		162	328161	738870	197	
Khewra		162	326491	730106	197	
Khurarianwala		162	314994	732676	197	
Khushāb	khushab	162	322967	723525	197	
Khuzdar		162	278119	666110	197	
Kohat		162	335820	714493	197	
Kot Addu		162	304691	709670	197	
Kot Diji		162	273416	687082	197	
Kot Malik Barkhurdar		162	302038	669872	197	
Kot Mumin		162	321884	730299	197	
Kot Radha Kishan		162	311707	741013	197	
Kot Samaba		162	285521	704684	197	
Kotli		162	335184	739022	197	
Kotli Loharan		162	325889	744947	197	
Kotri		162	253657	683083	197	
Kulachi		162	319306	704596	197	
Kundian		162	324578	714789	197	
Kunjah		162	325298	739749	197	
Kunri		162	251787	695657	197	
Ladhewala Waraich		162	321569	741156	197	
Lahore		162	315580	743507	197	
Lakki		162	326072	709123	197	
Lala Musa		162	327014	739575	197	lalamusa
Lalian		162	318246	728012	197	
Larkana		162	275590	682120	197	
Layyah		162	309613	709390	197	
Lodhran		162	295339	716324	197	
Loralai		162	303705	685980	197	
Mailsi		162	298012	721740	197	
Malakwal		162	325545	732127	197	
Malakwal City		162	325549	732122	197	
Malir Cantonment		162	249434	672059	197	
Mamu Kanjan		162	308304	727994	197	
Mananwala		162	315880	736893	197	
Mandi Bahauddin		162	325870	734912	197	
Manjhand		162	259083	682368	197	
Mansehra		162	343302	731968	197	
Mardan		162	341979	720496	197	
Mastung		162	297997	668455	197	
Matli		162	250429	686559	197	
Mehar		162	271803	678205	197	
Mehrabpur		162	281077	680255	197	
Mian Channun		162	304407	723568	197	
Mian Sahib		162	281534	686418	197	
Mianke Mor		162	312024	739486	197	
Mianwali		162	325776	715285	197	
Minchianabad		162	301636	735686	197	
Mingora		162	347795	723626	197	
Mirpur Khas		162	255276	690126	197	
Mirpur Mathelo		162	280214	695491	197	
Mitha Tiwana		162	322454	721062	197	
Mithi		162	247370	697971	197	
Model Town		162	314810	743256	197	
Moro		162	266632	680002	197	
Multan		162	301968	714782	197	
Muridke		162	318026	742577	197	
Murree		162	339084	733903	197	
Mustafabad		162	308922	734989	197	
Muzaffargarh		162	300726	711938	197	
Muzaffarābād	muzaffarabad	162	343700	734708	197	
Nankana Sahib		162	314501	737065	197	
Narang Mandi		162	319038	745159	197	
Narowal		162	321020	748730	197	
Nasirabad		162	273814	679164	197	
Naudero		162	276668	683609	197	
Naukot		162	248582	694015	197	
Naushahra Virkan		162	319626	739712	197	
Nawabshah		162	262394	684037	197	
New Badah		162	273417	680319	197	
New Mirpur City		162	331478	737519	197	
Nowshera Cantonment		162	339983	719983	197	
Nushki		162	295522	660229	197	
Okara		162	308103	734516	197	
Pabbi		162	340097	717944	197	
Pakpattan		162	303431	733894	197	
Pano Aqil		162	278562	691111	197	
Pasni		162	252630	634692	197	
Pasrur		162	322629	746633	197	
Pattoki		162	310202	738533	197	
Peshawar		162	340080	715785	197	
Phalia		162	324310	735790	197	
Pind Dadan Khan		162	325866	730446	197	
Pindi Bhattian		162	318984	732734	197	
Pindi Gheb		162	332410	722648	197	
Pir Jo Goth		162	275918	686185	197	
Pir Mahal		162	307666	724346	197	
Pishin		162	305818	669941	197	
Quetta		162	301841	670014	197	
Rabwah		162	317551	729140	197	
Rahim Yar Khan		162	284199	703034	197	
Raiwind		162	312490	742153	197	
Raja Jang		162	312208	742548	197	
Rajanpur		162	291041	703297	197	
Ranipur		162	272872	685062	197	
Ratodero		162	278023	682890	197	
Rawalakot		162	338578	737604	197	
Rawalpindi		162	335973	730479	197	
Renala Khurd		162	308788	735986	197	
Risalpur Cantonment		162	340605	719928	197	
Rohri		162	276920	688950	197	
Saddiqabad		162	283091	701265	197	
Sahiwal		162	306660	731019	197	
Sahiwal		162	319739	723311	197	
Sakrand		162	261384	682744	197	
Sambrial		162	324784	743534	197	
Sanghar		162	260469	689492	197	
Sangla Hill		162	317167	733833	197	
Sarai Alamgir		162	329050	737552	197	
Sargodha		162	320859	726742	197	
Sehwan		162	264250	678613	197	
Setharja Old		162	272127	684688	197	
Shabqadar		162	342160	715548	197	
Shahdad Kot		162	278473	679068	197	
Shahdadpur		162	259254	686228	197	
Shahkot		162	315709	734853	197	
Shahpur Chakar		162	261541	686501	197	
Shakargarh		162	322636	751601	197	
Sharqpur Sharif		162	314612	741009	197	
Shekhupura		162	317129	739856	197	
Shikarpur		162	279556	686382	197	
Shorkot		162	319102	708776	197	
Shujaabad		162	298809	712934	197	
Sialkot		162	324927	745313	197	
Sibi		162	295430	678773	197	
Sillanwali		162	318254	725406	197	
Sita Road		162	270333	678500	197	
Skardu		162	352979	756337	197	
Sukheke Mandi		162	318654	735088	197	
Sukkur		162	277032	688589	197	
Swabi		162	341202	724698	197	
Talagang		162	329277	724159	197	
Talamba		162	305269	722408	197	
Tandlianwala		162	310336	731327	197	
Tando Adam		162	257682	686620	197	
Tando Allahyar		162	254605	687174	197	
Tando Jam		162	254281	685292	197	
Tando Muhammad Khan		162	251238	685368	197	
Tangi		162	343009	716524	197	
Tank		162	322171	703832	197	
Taunsa		162	307036	706505	197	
Thal		162	354784	722438	197	
Thatta		162	247474	679235	197	
Thul		162	282403	687755	197	
Toba Tek Singh		162	309713	724828	197	
Topi		162	340703	726215	197	
Tordher		162	339905	722863	197	
Turbat		162	260012	630485	197	
Ubauro		162	281643	697311	197	
Umarkot		162	253633	697418	197	
Upper Dir		162	352074	718768	197	
Usta Muhammad		162	281772	680437	197	
Utmanzai		162	341878	717627	197	
Vihari		162	300445	723556	197	vehari
Wah Cantt		162	337709	727512	197	
Wazirabad		162	324432	741200	197	
Yazman		162	291212	717446	197	
Zafarwal		162	323446	748999	197	
Zahir Pir		162	288128	705234	197	
Zaida		162	340595	724669	197	
Zhob		162	313408	694493	197	
Ngerulmud		163	75008	1346238	339	
Al Burayj		164	314394	344031	186	
Al Bīrah	al birah	164	319100	352164	187	
An Nuşayrāt	an nusayrat	164	314486	343925	186	
Ar Rām wa Ḑāḩiyat al Barīd	ar ram wa dahiyat al barid	164	318494	352342	187	
Az̧ Z̧āhirīyah	az zahiriyah	164	314097	349733	187	
Banī Suhaylā	bani suhayla	164	313434	343234	186	bani suheila
Battir		164	317000	351167	194	
Bayt Lāhyā	bayt lahya	164	315464	344951	186	beit lahia
Bayt Ḩanīnā	bayt hanina	164	318300	352254	187	beit hanina
Bayt Ḩānūn	bayt hanun	164	315353	345358	186	beit hanoun
Bethlehem		164	317049	352038	187	
Dayr al Balaḩ	dayr al balah	164	314183	343493	186	deir el-balah
East Jerusalem		164	317834	352339	187	
Gaza		164	315016	344667	186	
Hebron		164	315294	350938	187	
Jabālyā	jabalya	164	315272	344835	186	jabalia
Janīn	janin	164	324594	353009	187	jenin
Khān Yūnis	khan yunis	164	313402	343063	186	
Ma‘ale Adummim		164	317774	352988	194	
Nablus		164	322211	352544	187	
Old City		164	317767	352342	187	
Qalqīlyah	qalqilyah	164	321897	349706	187	
Rafaḩ	rafah	164	312972	342436	186	
Ramallah		164	318996	352042	187	
Surif City		164	316508	350644	187	
Yaţţā	yatta	164	314459	350944	187	
Ţūlkarm	tulkarm	164	323116	350269	187	
‘Aţārūt	‘atarut	164	318667	352167	187	
Arraiján	arraijan	165	89398	-796404	134	
Cativá	cativa	165	93622	-798323	134	
Chilibre		165	91540	-796202	134	
Colón	colon	165	93602	-799002	134	
David		165	84273	-824309	134	
Juan Díaz	juan diaz	165	90406	-794408	134	
La Chorrera		165	88776	-797801	134	
Las Cumbres		165	90921	-795390	134	
Nuevo Belén	nuevo belen	165	90893	-793918	134	
Panamá	panama	165	89936	-795197	134	panama city
Parque Lefevre		165	90227	-794786	134	
Pedregal		165	90661	-794258	134	
Río Abajo	rio abajo	165	90240	-794936	134	
San Miguelito		165	90503	-794707	134	
Santiago de Veraguas		165	81000	-809833	134	
Tocumen		165	90894	-793831	134	
Arawa		166	-62298	1555660	326	
Goroka		166	-60850	1453867	342	
Kimbe		166	-55508	1501377	342	
Kokopo		166	-43432	1522687	342	
Lae		166	-67233	1469961	342	
Madang		166	-52215	1457870	342	
Mendi		166	-61476	1436563	342	
Mount Hagen		166	-58575	1442306	342	mt hagen
Popondetta		166	-87654	1482325	342	
Port Moresby		166	-94772	1471509	342	
Asunción	asuncion	167	-252865	-576470	69	
Caacupé	caacupe	167	-253858	-571422	69	
Caaguazú	caaguazu	167	-254710	-560160	69	
Caazapá	caazapa	167	-261966	-563679	69	
Capiatá	capiata	167	-253552	-574454	69	
Ciudad del Este		167	-255036	-546507	69	
Concepción	concepcion	167	-233998	-574324	69	
Coronel Oviedo		167	-254461	-564393	69	
Encarnación	encarnacion	167	-273318	-558666	69	
Fernando de la Mora		167	-253386	-575217	69	
Itauguá	itaugua	167	-253926	-573542	69	
Lambaré	lambare	167	-253468	-576065	69	
Limpio		167	-251661	-574856	69	
Mariano Roque Alonso		167	-252079	-575320	69	
Nemby		167	-253949	-575357	69	
Pedro Juan Caballero		167	-225492	-557387	69	
Pilar		167	-268587	-583064	69	
Presidente Franco		167	-255638	-546110	69	
San Antonio		167	-254213	-575472	69	
San Lorenzo		167	-253397	-575088	69	
Villa Elisa		167	-253676	-575927	69	
Villa Hayes		167	-250930	-575272	69	
Villarrica		167	-257495	-564352	69	
Yby Yaú	yby yau	167	-229661	-565407	69	
Abancay		168	-136343	-728838	112	
Arequipa		168	-163990	-715375	112	
Ayacucho		168	-131638	-742234	112	
Barranca		168	-107500	-777667	112	
Barranco		168	-121430	-770186	112	
Belen		168	-37602	-732497	112	
Breña	brena	168	-120561	-770530	112	
Cajamarca		168	-71638	-785003	112	
Callao		168	-120516	-771345	112	
Carmen De La Legua Reynoso		168	-120535	-770980	112	
Catacaos		168	-52667	-806833	112	
Centenario		168	-95166	-775304	112	
Cerro de Pasco		168	-106658	-762531	112	
Chachapoyas		168	-62317	-778690	112	
Chancay		168	-115714	-772672	112	
Chaupimarca		168	-104070	-764617	112	
Chepén	chepen	168	-72244	-794248	112	
Chiclayo		168	-67701	-798550	112	
Chilca		168	-120863	-752083	112	
Chimbote		168	-90751	-785937	112	
Chincha Alta		168	-134098	-761324	112	
Chocope		168	-77914	-792217	112	
Chosica		168	-119431	-767094	112	
Chulucanas		168	-50925	-801625	112	
Ciudad Satelite		168	-164308	-715292	112	
Cono Norte		168	-163237	-715815	112	
Cusco		168	-135319	-719670	112	
Ferreñafe	ferrenafe	168	-66389	-797889	112	
Guadalupe		168	-72500	-794833	112	
Huacho		168	-111172	-776058	112	
Hualmay		168	-110964	-776139	112	
Huamachuco		168	-78000	-780667	112	
Huancavelica		168	-127869	-749730	112	
Huancayo		168	-120687	-752103	112	
Huaral		168	-114950	-772078	112	
Huaraz		168	-95261	-775287	112	
Huánuco	huanuco	168	-99288	-762399	112	
Ica		168	-140754	-757342	112	
Ilo		168	-176318	-713411	112	
Imperial		168	-130593	-763527	112	
Iquitos		168	-37481	-732529	112	
Jacobo Hunter		168	-164408	-715533	112	
Jaén	jaen	168	-57073	-788078	112	
Jesus Maria		168	-120698	-770450	112	
Juanjuí	juanjui	168	-71770	-767277	112	
Juliaca		168	-155000	-701333	112	
La Banda		168	-64926	-763422	112	
La Oroya		168	-115189	-758994	112	
La Peca		168	-56111	-784350	112	
La Rinconada		168	-146313	-694464	112	
La Unión	la union	168	-54023	-807422	112	
Lambayeque		168	-67011	-799061	112	
Laredo		168	-80896	-789602	112	
Lima		168	-120432	-770282	112	
Marcavelica		168	-48778	-807053	112	
Miraflores		168	-121133	-770327	112	
Moche		168	-81711	-790092	112	
Mollendo		168	-170231	-720147	112	
Monsefú	monsefu	168	-68743	-798687	112	
Moquegua		168	-171975	-709359	112	
Moyobamba		168	-60344	-769742	112	
Nazca		168	-148310	-749390	112	
Nuevo Imperial		168	-130754	-763172	112	
Pacasmayo		168	-74006	-795714	112	
Paita		168	-50892	-811144	112	
Paramonga		168	-106667	-778333	112	
Picsi		168	-67178	-797697	112	
Pisco		168	-137103	-762054	112	
Piura		168	-51819	-806572	112	
Pucallpa		168	-83791	-745539	112	
Puerto Maldonado		168	-125895	-691995	112	
Puno		168	-158400	-700220	112	
Querecotillo		168	-48378	-806456	112	
Rioja		168	-60568	-771665	112	
San Fernando		168	-83982	-745377	112	
San Francisco De Borja		168	-120891	-769988	112	
San Isidro		168	-120966	-770426	112	
San Juan		168	-37761	-732814	112	
San Martin		168	-51859	-806693	112	
San Vicente de Cañete	san vicente de canete	168	-130756	-763853	112	
Santa Ana		168	-128667	-727167	112	
Santa Anita - Los Ficus		168	-120505	-769734	112	
Santiago		168	-135273	-719843	112	
Santiago de Cao		168	-79589	-792392	112	
Santiago de Surco		168	-121359	-770074	112	
Saña	sana	168	-69189	-795820	112	
Sechura		168	-55569	-808222	112	
Selva Alegre		168	-163706	-715272	112	
Sicuani		168	-142694	-712261	112	
Sullana		168	-49039	-806853	112	
Tacna		168	-180146	-702536	112	
Talara		168	-45772	-812719	112	
Tambo Grande		168	-49269	-803447	112	
Tambopata		168	-126719	-693555	112	
Tarma		168	-114190	-756899	112	
Tingo María	tingo maria	168	-92953	-759957	112	
Tocache		168	-81877	-765205	112	
Trujillo		168	-81160	-790300	112	
Tumbes		168	-35559	-804426	112	
Villa Poeta José Gálvez Barrenechea	villa poeta jose galvez barrenechea	168	-122131	-769052	112	
Wanchaq		168	-135249	-719653	112	
Yanacancha		168	-106658	-762552	112	
Yanacancha		168	-102411	-766456	112	
Yauri		168	-147908	-714099	112	
Yurimaguas		168	-59018	-761223	112	
Abucay		169	147335	1205336	207	
Aglipay		169	164889	1216450	207	
Agoo		169	160833	1201000	207	
Al-Barka		169	64862	1221755	207	
Alabel		169	61018	1252905	207	
Alaminos		169	140639	1212465	207	
Aliaga		169	155000	1208430	207	
Alicia		169	167794	1216973	207	
Angat		169	149285	1210300	207	
Angeles City		169	151500	1205833	207	
Angono		169	145266	1211536	207	
Antipolo		169	146258	1211225	207	antipolo city
Apalit		169	149533	1207700	207	
Aparri		169	183566	1216406	207	
Apas		169	103408	1239026	207	
Arayat		169	151505	1207697	207	
Aringay		169	163940	1203545	207	
Asia		169	95506	1225164	207	
Atimonan		169	140027	1219208	207	
Ayala Alabang		169	144060	1210222	207	
Baclaran		169	145319	1209942	207	
Bacolod City		169	106667	1229500	207	
Bacoor		169	144590	1209385	207	
Baggabag B		169	165059	1211901	207	
Bago City		169	105333	1228333	207	
Bagong Pagasa		169	146627	1210328	207	bagong pag-asa
Bagong Silang		169	147783	1210449	207	
Bagong Silangan		169	147060	1211080	207	
Baguio		169	164164	1205931	207	baguio city
Bah-Bah		169	86072	1259144	207	
Bais		169	95911	1231228	207	
Balagtas		169	148167	1208667	207	
Balamban		169	105039	1237156	207	
Balanga		169	146761	1205361	207	
Balayan		169	139371	1207322	207	
Baliuag		169	149547	1208969	207	
Bamban		169	152739	1205668	207	
Bambang		169	163865	1211066	207	
Banco Filipino Homes		169	144338	1210223	207	
Bangued		169	176083	1206381	207	
Bansalan		169	67861	1252133	207	
Batac City		169	180554	1205649	207	
Batangas		169	137567	1210584	207	
Bauan		169	137917	1210085	207	
Bay		169	141837	1212855	207	
Bayawan		169	93649	1228040	207	
Bayombong		169	164812	1211497	207	
Bayugan		169	87561	1257675	207	
Bañga	banga	169	64239	1247783	207	
Bel Air		169	145594	1210258	207	
Bignay Uno		169	138644	1214879	207	
Binalbagan		169	101948	1228581	207	
Binangonan		169	144646	1211929	207	
Binmaley		169	160323	1202690	207	
Binonga		169	107719	1229817	207	
Bislig		169	82153	1263164	207	
Biñan	binan	169	143427	1210807	207	
Bocaue		169	147983	1209261	207	
Bogo		169	110517	1240055	207	
Bongabon		169	156321	1211448	207	
Bongao		169	50292	1197731	207	
Botolan		169	152896	1200245	207	
Brookes Point		169	87720	1178371	207	
Budta		169	72042	1244397	207	
Buenavista		169	89769	1254089	207	
Bugo		169	85083	1247594	207	
Buhi		169	134322	1235170	207	
Bulacan		169	147928	1208789	207	
Bulan		169	126714	1238750	207	
Bulaon		169	150826	1206629	207	
Buluan		169	67203	1248019	207	
Burgos		169	157289	1205722	207	
Bustos		169	149581	1209178	207	
Butuan		169	89492	1255436	207	
Cabadbaran		169	91226	1255355	207	
Cabagan		169	174278	1217696	207	
Cabanatuan City		169	154859	1209665	207	
Cabiao		169	152488	1208548	207	
Cabuyao		169	142726	1211262	207	
Cadiz		169	109465	1232880	207	
Cagayan de Oro		169	84822	1246472	207	
Cainta		169	145786	1211222	207	
Calabanga		169	137068	1232087	207	
Calaca		169	139324	1208133	207	
Calamba		169	142117	1211653	207	
Calapan		169	134117	1211803	207	
Calasiao		169	160111	1203600	207	
Calauan		169	141499	1213152	207	
Calbayog City		169	120668	1245962	207	
Caloocan City		169	146495	1209679	207	
Calumpit		169	149164	1207658	207	
Camiling		169	156866	1204128	207	
Candaba		169	150956	1208267	207	
Candelaria		169	139311	1214233	207	
Canlaon		169	103870	1232227	207	
Capas		169	153312	1205898	207	
Carcar		169	101061	1236402	207	
Cardona		169	144865	1212275	207	
Carmona		169	143132	1210576	207	
Castillejos		169	149336	1201978	207	
Catanauan		169	135926	1223215	207	
Catarman		169	124989	1246377	207	
Catbalogan		169	117753	1248861	207	
Cavite City		169	144837	1208988	207	
Cebu City		169	103167	1238907	207	
City of Isabela		169	67041	1219712	207	
Cogan		169	105931	1240178	207	
Compostela		169	76731	1260889	207	
Concepcion		169	153255	1206572	207	
Concepcion Ibaba		169	139231	1214610	207	
Consolacion		169	103766	1239573	207	
Cordova		169	102439	1239422	207	
Cotabato		169	72236	1242464	207	cotabato city
Cuenca		169	139020	1210521	207	
Culion		169	118904	1200222	207	
Daet		169	141122	1229553	207	
Dagupan		169	160431	1203332	207	
Danao		169	105208	1240272	207	
Dapitan		169	86561	1234227	207	
Dasmariñas	dasmarinas	169	143294	1209367	207	
Davao		169	70731	1256128	207	davao city
Del Pilar		169	150360	1206994	207	
Digos		169	67497	1253572	207	
Dinalupihan		169	148783	1204522	207	
Dipolog		169	85670	1233347	207	dipolog city
Dumaguete		169	93065	1233077	207	
Dupax Del Norte		169	163079	1211062	207	
Dupax del Sur		169	162838	1210896	207	
Enrique B. Magalona		169	108788	1229771	207	
Escalante		169	108403	1234992	207	
Gapan		169	153072	1209464	207	
General Salipada K. Pendatun		169	68263	1247217	207	
General Santos		169	61128	1251717	207	
General Tinio		169	153508	1210477	207	
General Trias		169	143869	1208817	207	
Gerona		169	156065	1205978	207	
Gingoog		169	88278	1250997	207	
Glan		169	58242	1252033	207	
Guiguinto		169	148333	1208833	207	
Guihulñgan	guihulngan	169	101195	1232729	207	
Guimba		169	156605	1207683	207	
Guiset East		169	160667	1206833	207	
Gumaca		169	139210	1221002	207	
Guyong		169	148361	1209784	207	
Hagonoy		169	148341	1207327	207	
Hermosa		169	148314	1205081	207	
Himamaylan		169	100989	1228706	207	
Hinigaran		169	102706	1228507	207	
Iba		169	153276	1199780	207	
Ilagan		169	171485	1218892	207	
Iligan		169	82289	1242434	207	
Iligan City		169	82500	1244000	207	
Iloilo		169	106969	1225644	207	iloilo city
Impasugong		169	83097	1250019	207	
Imus		169	144297	1209367	207	
Inabanga		169	100307	1240671	207	
Indang		169	141953	1208769	207	
Inopacan		169	104997	1247405	207	
Iriga City		169	134324	1234115	207	
Isulan		169	66294	1246050	207	
Itogon		169	163639	1206769	207	
Jaen		169	153275	1209192	207	
Jagna		169	96531	1243697	207	
Jolo		169	60522	1210022	207	
Jose Pañganiban	jose panganiban	169	142906	1226917	207	
Jose Rizal		169	88772	1175042	207	
Kabacan		169	71067	1248292	207	
Kabankalan		169	99839	1228142	207	
Kalibo (poblacion)		169	117061	1223644	207	kalibo town
Kawit		169	144443	1209016	207	
Kidapawan		169	70083	1250894	207	
Koronadal		169	65031	1248469	207	
La Carlota		169	104242	1229212	207	
La Castellana		169	103239	1230215	207	
La Paz		169	154412	1207286	207	
La Trinidad		169	164550	1205875	207	
Lake Sebu		169	62248	1247104	207	
Laoag		169	181978	1205957	207	
Lapu-Lapu City		169	103103	1239494	207	
Las Piñas	las pinas	169	144506	1209828	207	
Legaspi		169	131412	1237407	207	legazpi
Libertad		169	89442	1255019	207	
Libon		169	132997	1234386	207	
Liloan		169	103991	1239992	207	
Limay		169	145619	1205983	207	
Lingayen		169	160218	1202319	207	
Lipa City		169	139411	1211631	207	
Loma de Gato		169	147887	1209989	207	
Lopez		169	138840	1222604	207	
Los Baños	los banos	169	141702	1212418	207	
Lubao		169	149405	1206011	207	
Lucban		169	141136	1215557	207	
Lucena		169	139314	1216172	207	lucena city
Lumbang		169	142973	1214598	207	
Lupon		169	68981	1260096	207	
Maao		169	104896	1229907	207	
Mabalacat City		169	152230	1205712	207	
Magalang		169	152151	1206596	207	
Magugpo Poblacion		169	74475	1258046	207	tagum
Makati City		169	145503	1210327	207	
Malabon		169	146733	1209397	207	
Malanday		169	147069	1211306	207	
Malaybalay		169	81575	1251278	207	
Malilipot		169	133188	1237385	207	
Malingao		169	71608	1244750	207	
Malita		169	64150	1256117	207	
Malolos		169	148443	1208104	207	
Maluso		169	65430	1218753	207	
Maluñgun	malungun	169	62792	1252817	207	
Malvar		169	140447	1211586	207	
Mamatid		169	142349	1211590	207	
Mamburao		169	132233	1205960	207	
Manaoag		169	160438	1204861	207	
Manapla		169	109580	1231230	207	
Mandaluyong		169	145784	1210352	207	
Mandaluyong City		169	145832	1210409	207	
Mandaue City		169	103236	1239222	207	
Mangaldan		169	160700	1204025	207	
Manibaug Pasig		169	150962	1205644	207	
Manila		169	146042	1209822	207	
Manolo Fortich		169	83697	1248644	207	
Mansalay		169	125204	1214385	207	
Mansilingan		169	106311	1229789	207	
Mantampay		169	81667	1242167	207	
Mapun		169	69747	1185144	207	cagayan
Maragondon		169	142733	1207377	207	
Maramag		169	77633	1250053	207	
Marawi City		169	80034	1242840	207	
Mariano		169	88333	1251167	207	
Marikina City		169	146481	1211133	207	
Marilao		169	147578	1209483	207	
Mariveles		169	144338	1204857	207	
Masantol		169	148960	1207092	207	
Masbate		169	123717	1236249	207	
Masinloc		169	155363	1199502	207	
Mati		169	69551	1262166	207	
Mauban		169	141910	1217309	207	
Mendez-Nuñez	mendez-nunez	169	141286	1209058	207	
Mexico		169	150646	1207198	207	
Meycauayan		169	147369	1209608	207	
Midsayap		169	71908	1245303	207	
Minglanilla		169	102450	1237964	207	
Monkayo		169	78153	1260544	207	
Morong		169	145185	1212378	207	
Muricay		169	78275	1234782	207	
Muñoz	munoz	169	157161	1209031	207	
NIA Valencia		169	79064	1250942	207	
Nabua		169	134075	1233724	207	
Naga		169	136192	1231814	207	
Naga		169	102090	1237580	207	
Nagcarlan		169	141364	1214165	207	
Naic		169	143181	1207661	207	
Narra		169	92688	1184043	207	
Nasugbu		169	140669	1206318	207	
Navotas		169	146667	1209500	207	
Norzagaray		169	149109	1210493	207	
Noveleta		169	144292	1208799	207	
Oas		169	132593	1234963	207	
Obando		169	147098	1209362	207	
Olongapo		169	148292	1202828	207	olongapo city
Orani		169	148006	1205371	207	
Orion		169	146206	1205817	207	
Ormoc		169	110064	1246075	207	ormoc city
Oroquieta		169	84859	1238048	207	
Ozamiz City		169	81481	1238405	207	
Paco		169	145880	1209930	207	
Paete		169	143647	1214829	207	
Pagadian		169	78257	1234370	207	
Pagaluñgan	pagalungan	169	71417	1243806	207	
Pagbilao		169	139669	1216984	207	
Palayan City		169	155415	1210848	207	
Panabo		169	73081	1256842	207	
Panalanoy		169	112511	1250064	207	
Pandacaqui		169	151719	1206546	207	
Pandan		169	117448	1221003	207	
Pandi		169	148650	1209572	207	
Paniqui		169	156689	1205806	207	
Pantubig		169	149681	1209547	207	
Paombong		169	148311	1207892	207	
Papaya		169	153202	1208357	207	
Paraiso		169	108849	1233627	207	
Paranaque City		169	144816	1210175	207	
Parang		169	73704	1242697	207	
Pasay		169	145375	1210014	207	
Pasig City		169	145869	1210614	207	
Passi		169	111078	1226419	207	
Pateros		169	145391	1210726	207	
Patuto		169	141167	1209667	207	
Peñaranda	penaranda	169	153512	1210039	207	
Pila		169	142325	1213648	207	
Pililla		169	144854	1213062	207	
Pinamalayan		169	130460	1214620	207	
Pinamungahan		169	102708	1235839	207	
Pio		169	150474	1205189	207	
Plaridel		169	148872	1208572	207	
Polangui		169	132923	1234855	207	
Polomolok		169	62217	1250640	207	
Porac		169	150711	1205423	207	
Port Area		169	145894	1209670	207	
Puerto Princesa		169	97392	1187353	207	puerto princesa city
Pulilan		169	149017	1208492	207	
Pulong Santa Cruz		169	142732	1210764	207	
Pulupandan		169	105178	1228026	207	
Quezon		169	77303	1250989	207	
Quezon City		169	146488	1210509	207	
Ramon		169	167842	1215350	207	
Recodo		169	69519	1219636	207	
Rizal		169	157118	1211061	207	
Rodriguez		169	147601	1211999	207	
Rosario		169	136323	1212207	207	
Roxas City		169	115853	1227511	207	
Sablayan		169	128346	1207690	207	
Sagay		169	109447	1234242	207	
Samal		169	70744	1257083	207	
Samal		169	147678	1205431	207	
San Antonio		169	149466	1200867	207	
San Antonio		169	153062	1208560	207	
San Fernando		169	150342	1206844	207	san fernando city
San Fernando		169	166159	1203166	207	
San Fernando		169	101624	1237076	207	
San Ildefonso		169	150809	1209410	207	
San Jose		169	123528	1210676	207	
San Jose		169	133500	1235500	207	
San Jose		169	101800	1255683	207	
San Jose del Monte		169	148139	1210453	207	
San Juan		169	146000	1210333	207	san juan city
San Leonardo		169	153630	1209639	207	
San Luis		169	150401	1207883	207	
San Mateo		169	146982	1211236	207	
San Miguel		169	151423	1209757	207	
San Nicolas		169	181725	1205953	207	
San Pablo		169	140683	1213256	207	
San Pascual		169	138104	1210220	207	
San Pedro		169	143595	1210473	207	
San Simon		169	149996	1207808	207	
Sanchez-Mira		169	185616	1212319	207	
Santa Ana		169	150955	1207670	207	
Santa Catalina		169	93337	1228637	207	
Santa Cruz		169	146000	1209833	207	
Santa Cruz		169	142814	1214161	207	
Santa Cruz		169	157654	1199092	207	
Santa Maria		169	169518	1204445	207	
Santa Rosa		169	143122	1211114	207	
Santiago		169	166881	1215487	207	
Santo Tomas		169	141079	1211414	207	
Santol		169	151622	1205675	207	
Sariaya		169	139624	1215265	207	
Sibulan		169	93584	1232850	207	
Silang		169	142157	1209714	207	
Sipalay		169	97519	1224042	207	
Solana		169	176528	1216910	207	
Solano		169	165192	1211812	207	
Sorsogon		169	129739	1239933	207	
Subic		169	148787	1202319	207	
Sultan Kudarat		169	72289	1242578	207	
Surallah		169	63753	1247452	207	
Surigao		169	97890	1254950	207	surigao city
Taal		169	138799	1209231	207	
Tabaco		169	133586	1237336	207	
Tabuk		169	174084	1212785	207	
Tabuk		169	174738	1214680	207	
Tacloban		169	112433	1250047	207	tacloban city
Tacurong		169	66925	1246764	207	
Tagaytay		169	140953	1209336	207	
Tagbilaran City		169	96556	1238522	207	
Tagoloan		169	85395	1247541	207	
Tagudin		169	169355	1204442	207	
Taguig		169	145243	1210792	207	city of taguig
Talavera		169	155883	1209192	207	
Talisay		169	102447	1238494	207	talisay city
Talisay		169	107375	1229666	207	
Talisay		169	140925	1210219	207	
Tanauan		169	140863	1211498	207	
Tanay		169	144968	1212846	207	
Tandag		169	90783	1261986	207	
Tangub		169	80618	1237477	207	
Tanjay		169	95162	1231580	207	
Tanza		169	146753	1209389	207	
Tarlac City		169	154802	1205979	207	
Tayabas		169	140259	1215929	207	
Taytay		169	145588	1211328	207	
Telabastagan		169	151185	1206077	207	
Teresa		169	145612	1212195	207	
Tinongan		169	102150	1230353	207	
Toledo		169	103773	1236386	207	toledo city
Tubod		169	80555	1237904	207	
Tuguegarao		169	176158	1217228	207	tuguegarao city
Tunasan		169	143792	1210525	207	
Ualog		169	105740	1233933	207	
Upper Bicutan		169	144996	1210507	207	
Urdaneta		169	159761	1205711	207	
Valenzuela		169	147000	1209667	207	
Victoria		169	142277	1213292	207	
Victorias		169	109015	1230705	207	victorias city
Vigan		169	175747	1203869	207	
Zamboanga		169	69103	1220739	207	zamboanga city
Zaragoza		169	154490	1207963	207	
Adamstown		170	-250660	-1301015	340	
Andrychów	andrychow	171	498550	193383	311	
Augustów	augustow	171	538432	229798	311	
Bartoszyce		171	542535	208082	311	
Bemowo		171	522546	209084	311	
Bełchatów	belchatow	171	513688	193567	311	
Biała Podlaska	biala podlaska	171	520324	231165	311	
Białogard	bialogard	171	540070	159875	311	
Białołeka	bialoleka	171	523213	209720	311	
Białystok	bialystok	171	531333	231643	311	
Bielany		171	522924	209353	311	
Bielawa		171	506908	166230	311	
Bielsk Podlaski		171	527651	231865	311	
Bielsko-Biala		171	498225	190469	311	
Bieńczyce	bienczyce	171	500881	200279	311	
Biłgoraj	bilgoraj	171	505411	227220	311	
Bochnia		171	499690	204303	311	
Bolesławiec	boleslawiec	171	512642	155697	311	
Brodnica		171	532597	193965	311	
Brzeg		171	508608	174674	311	
Bydgoszcz		171	531235	180076	311	
Bytom		171	503480	189328	311	
Będzin	bedzin	171	503261	191256	311	
Chełm	chelm	171	511431	234716	311	
Chełm	chelm	171	543405	186192	311	
Chojnice		171	536955	175570	311	
Chorzów	chorzow	171	503058	189742	311	
Chrzanów	chrzanow	171	501355	194020	311	
Ciechanów	ciechanow	171	528814	206200	311	
Cieszyn		171	497513	186321	311	
Czechowice-Dziedzice		171	499134	190048	311	
Czeladź	czeladz	171	503154	190782	311	
Czerwionka-Leszczyny		171	501501	186776	311	
Częstochowa	czestochowa	171	507965	191241	311	
Drzetowo-Grabowo		171	534489	145792	311	
Dzierżoniów	dzierzoniow	171	507282	166514	311	
Dąbrowa Górnicza	dabrowa gornicza	171	503339	192048	311	
Dębica	debica	171	500515	214114	311	
Elbląg	elblag	171	541522	194088	311	
Ełk	elk	171	538282	223647	311	
Fordon		171	531482	181704	311	
Gdańsk	gdansk	171	543523	186491	311	
Gdynia		171	545189	185319	311	
Gierłoż	gierloz	171	540813	214955	311	
Giżycko	gizycko	171	540381	217644	311	
Gliwice		171	502976	186766	311	
Gniezno		171	525348	175826	311	
Goleniów	goleniow	171	535639	148285	311	
Gorlice		171	496556	211604	311	
Gorzów Wielkopolski	gorzow wielkopolski	171	527368	152288	311	
Grajewo		171	536473	224554	311	
Grodzisk Mazowiecki		171	521039	206337	311	
Grudziądz	grudziadz	171	534841	187537	311	
Gryfino		171	532524	144883	311	
Grzegórzki	grzegorzki	171	500642	199676	311	
Głogów	glogow	171	516636	160845	311	
Hajnówka	hajnowka	171	527433	235812	311	
Inowrocław	inowroclaw	171	527989	182639	311	
Iława	ilawa	171	535960	195685	311	
Jarocin		171	519727	175026	311	
Jarosław	jaroslaw	171	500162	226778	311	
Jastrzębie Zdrój	jastrzebie zdroj	171	499554	185748	311	
Jasło	jaslo	171	497451	214725	311	
Jawor		171	510513	161935	311	
Jaworzno		171	502053	192750	311	
Jelenia Góra	jelenia gora	171	508997	157290	311	
Kabaty		171	521301	210815	311	
Kalisz		171	517611	180910	311	
Kamienna Góra	kamienna gora	171	507831	160304	311	
Katowice		171	502584	190275	311	
Kielce		171	508703	206275	311	
Kluczbork		171	509728	182182	311	
Knurów	knurow	171	502197	186507	311	
Konin		171	522234	182512	311	
Koszalin		171	541944	161722	311	
Koło	kolo	171	522002	186386	311	
Kołobrzeg	kolobrzeg	171	541756	155834	311	
Kościan	koscian	171	520883	166487	311	
Kościerzyna	koscierzyna	171	541223	179812	311	
Kraków	krakow	171	500614	199366	311	
Kraśnik	krasnik	171	509236	222271	311	
Krosno		171	496887	217706	311	
Krotoszyn		171	516987	174374	311	
Kutno		171	522306	193641	311	
Kwidzyn		171	537250	189311	311	
Kędzierzyn-Koźle	kedzierzyn-kozle	171	503498	182261	311	
Kętrzyn	ketrzyn	171	540768	213753	311	
Kłodzko	klodzko	171	504349	166614	311	
Legionowo		171	524015	209266	311	
Legnica		171	512101	161619	311	
Leszno		171	518403	165749	311	
Lubartów	lubartow	171	514603	226095	311	
Lubań	luban	171	511201	152877	311	
Lubin		171	514009	162015	311	
Lublin		171	512500	225667	311	
Lubliniec		171	506690	186844	311	
Luboń	lubon	171	523471	168927	311	
Lębork	lebork	171	545392	177501	311	
Malbork		171	540359	190266	311	
Marki		171	523206	211047	311	
Mielec		171	502871	214239	311	
Mikołów	mikolow	171	501710	189041	311	
Mińsk Mazowiecki	minsk mazowiecki	171	521794	215725	311	
Mokotów	mokotow	171	521934	210349	311	
Mrągowo	mragowo	171	538644	213051	311	
Myszków	myszkow	171	505752	193246	311	
Mysłowice	myslowice	171	502074	191667	311	
Mława	mlawa	171	531128	203841	311	
Nowa Ruda		171	505801	165016	311	
Nowa Sól	nowa sol	171	518033	157170	311	
Nowy Dwór Mazowiecki	nowy dwor mazowiecki	171	524302	207165	311	
Nowy Sącz	nowy sacz	171	496218	206970	311	
Nowy Targ		171	494778	200323	311	
Nysa		171	504738	173344	311	
Ochota		171	522210	209853	311	
Oleśnica	olesnica	171	512134	173899	311	
Olkusz		171	502813	195650	311	
Olsztyn		171	537800	204942	311	
Opoczno		171	513757	202783	311	
Opole		171	506721	179253	311	
Ostrowiec Świętokrzyski	ostrowiec swietokrzyski	171	509294	213852	311	
Ostrołęka	ostroleka	171	530862	215757	311	
Ostróda	ostroda	171	536967	199649	311	
Ostrów Mazowiecka	ostrow mazowiecka	171	528024	218951	311	
Ostrów Wielkopolski	ostrow wielkopolski	171	516550	178069	311	
Otwock		171	521058	212613	311	
Oława	olawa	171	509466	172926	311	
Oświęcim	oswiecim	171	500344	192104	311	
Pabianice		171	516645	193547	311	
Piaseczno		171	520814	210240	311	
Piastów	piastow	171	521844	208395	311	
Piecki-Migowo		171	543570	185817	311	
Piekary Śląskie	piekary slaskie	171	503802	189265	311	
Piotrków Trybunalski	piotrkow trybunalski	171	514055	197032	311	
Piła	pila	171	531514	167378	311	
Police		171	535521	145718	311	
Polkowice		171	515039	160726	311	
Poznań	poznan	171	524069	169299	311	
Praga Południe	praga poludnie	171	522442	210855	311	
Praga Północ	praga polnoc	171	522544	210347	311	
Prudnik		171	503212	175746	311	
Pruszcz Gdański	pruszcz gdanski	171	542622	186362	311	
Pruszków	pruszkow	171	521707	208121	311	
Przemyśl	przemysl	171	497850	227673	311	
Przymorze Wielkie		171	544117	185984	311	
Pszczyna		171	499804	189538	311	
Puławy	pulawy	171	514166	219694	311	
Płock	plock	171	525468	197064	311	
Płońsk	plonsk	171	526235	203755	311	
Racibórz	raciborz	171	500920	182193	311	
Radom		171	514025	211471	311	
Radomsko		171	510671	194448	311	
Rawicz		171	516095	168585	311	
Rejon placu Grunwaldzkiego		171	511167	170613	311	
Rejon placu Świętego Macieja	rejon placu swietego macieja	171	511206	170376	311	
Rembertów	rembertow	171	522606	211636	311	
Ruda Śląska	ruda slaska	171	502584	188563	311	
Rumia		171	545709	183880	311	
Rybnik		171	500971	185418	311	
Rydułtowy	rydultowy	171	500586	184170	311	
Rzeszów	rzeszow	171	500413	219990	311	
Sandomierz		171	506826	217490	311	
Sanok		171	495557	222056	311	
Siedlce		171	521677	222901	311	
Siemianowice Śląskie	siemianowice slaskie	171	503274	190290	311	
Sieradz		171	515958	187302	311	
Skarżysko-Kamienna	skarzysko-kamienna	171	511131	208716	311	
Skawina		171	499752	198287	311	
Skierniewice		171	519548	201584	311	
Sochaczew		171	522294	202384	311	
Sopot		171	544418	185600	311	
Sosnowiec		171	502868	191038	311	
Stalowa Wola		171	505829	220533	311	
Starachowice		171	510374	210713	311	
Stargard		171	533367	150499	311	
Starogard Gdański	starogard gdanski	171	539640	185264	311	
Suwałki	suwalki	171	541118	229309	311	
Swarzędz	swarzedz	171	524129	170850	311	
Szczecin		171	534289	145530	311	
Szczecinek		171	537079	166994	311	
Szczytno		171	535626	209875	311	
Słupsk	slupsk	171	544640	170287	311	
Targówek	targowek	171	522918	210484	311	
Tarnobrzeg		171	505730	216794	311	
Tarnowskie Góry	tarnowskie gory	171	504455	188615	311	
Tarnów	tarnow	171	500138	209870	311	
Tczew		171	540924	187779	311	
Tomaszów Mazowiecki	tomaszow mazowiecki	171	515313	200086	311	
Toruń	torun	171	530138	185981	311	
Turek		171	520155	185006	311	
Tychy		171	501372	189664	311	
Ujeścisko-Łostowice	ujescisko-lostowice	171	543244	186027	311	
Ursus		171	521952	208842	311	
Ursynów	ursynow	171	521505	210504	311	
Warsaw		171	522298	210118	311	
Wawer		171	521966	211775	311	
Wałbrzych	walbrzych	171	507714	162843	311	
Wałcz	walcz	171	532779	164712	311	
Wejherowo		171	546057	182356	311	
Wieluń	wielun	171	512210	185696	311	
Wodzisław Śląski	wodzislaw slaski	171	500038	184720	311	
Wola		171	522348	209600	311	
Wołomin	wolomin	171	523401	212421	311	
Wrocław	wroclaw	171	511000	170333	311	
Wrzeszcz		171	543765	186075	311	
Wrzeszcz Dolny		171	543847	186127	311	
Września	wrzesnia	171	523251	175652	311	
Wyszków	wyszkow	171	525928	214584	311	
Wągrowiec	wagrowiec	171	528084	171996	311	
Włochy	wlochy	171	521794	209461	311	
Włocławek	wloclawek	171	526482	190678	311	
Zabrze		171	503249	187858	311	
Zakopane		171	492990	199488	311	
Zambrów	zambrow	171	529855	222432	311	
Zamość	zamosc	171	507231	232520	311	
Zawiercie		171	504877	194168	311	
Zduńska Wola	zdunska wola	171	515992	189397	311	
Zgierz		171	518556	194062	311	
Zgorzelec		171	511494	150084	311	
Zielona Góra	zielona gora	171	519355	155064	311	
Ząbki	zabki	171	522927	211054	311	
Łaziska Górne	laziska gorne	171	501495	188422	311	
Łomża	lomza	171	531781	220593	311	
Łowicz	lowicz	171	521071	199453	311	
Łuków	lukow	171	519290	223796	311	
Łódź	lodz	171	517706	194739	311	
Łęczna	leczna	171	513012	228814	311	
Śrem	srem	171	520887	170151	311	gmina srem
Środa Wielkopolska	sroda wielkopolska	171	522284	172762	311	
Środmieście	srodmiescie	171	543505	186556	311	
Śródmieście	srodmiescie	171	522290	210164	311	
Świdnica	swidnica	171	508438	164886	311	
Świdnik	swidnik	171	512190	226962	311	
Świebodzice	swiebodzice	171	508597	163197	311	
Świebodzin	swiebodzin	171	522475	155336	311	gmina swiebodzin
Świecie	swiecie	171	534095	184474	311	gmina swiecie
Świnoujście	swinoujscie	171	539105	142471	311	
Świętochłowice	swietochlowice	171	502964	189173	311	
Żagań	zagan	171	516176	153149	311	
Żary	zary	171	516420	151373	311	
Żoliborz	zoliborz	171	522690	209864	311	
Żory	zory	171	500452	187006	311	
Żyrardów	zyrardow	171	520488	204460	311	
Żywiec	zywiec	171	496853	191924	311	
Afurada de Baixo		172	411439	-86464	279	
Alcabideche		172	387337	-94093	279	
Aldoar		172	411671	-86691	279	
Alfornelos		172	387610	-92051	279	
Algueirão	algueirao	172	387976	-93437	279	
Almada		172	386790	-91569	279	
Alvalade		172	387533	-91440	279	
Amadora		172	387538	-92308	279	
Amora		172	386296	-91156	279	
Arcos de Valdevez		172	418467	-84190	279	
Arrentela		172	386250	-91015	279	
Aveiro		172	406443	-86455	279	
Azambuja		172	390703	-88682	279	
Bairro Novo		172	415432	-84072	279	
Barreiro		172	386631	-90724	279	
Beja		172	380151	-78632	279	
Benfica		172	387509	-92028	279	
Bomfim		172	411542	-85869	279	
Bougado		172	413398	-85518	279	
Braga		172	415503	-84200	279	
Bragança	braganca	172	418058	-67572	279	
Cacém	cacem	172	387670	-92979	279	
Caldas da Rainha		172	394033	-91384	279	
Campanhã	campanha	172	411571	-85747	279	
Campo De Ourique		172	387213	-91674	279	
Canidelo		172	411231	-86465	279	
Caniço	canico	172	326508	-168375	245	
Carnaxide		172	387271	-92467	279	
Cascais		172	386968	-94215	279	
Castelo Branco		172	398222	-74909	279	
Charneca de Caparica		172	386203	-91943	279	
Cidade Universitária	cidade universitaria	172	387520	-91592	279	
Coimbra		172	402056	-84195	279	
Corroios		172	386400	-91508	279	
Câmara de Lobos	camara de lobos	172	326504	-169772	245	
Damaia		172	387514	-92123	279	
Ermesinde		172	412165	-85532	279	
Espinho		172	410076	-86412	279	
Esposende		172	415361	-87820	279	
Estoril		172	387057	-93977	279	
Faro		172	370187	-79272	279	
Felgueiras		172	413681	-81940	279	
Figueira da Foz		172	401508	-88618	279	figueira da foz municipality
Funchal		172	326657	-169255	245	
Fânzeres	fanzeres	172	411675	-85298	279	
Gondomar		172	411445	-85322	279	
Guarda		172	405373	-72658	279	
Guimarães	guimaraes	172	414444	-82962	279	
Lagos		172	371020	-86742	279	
Lavradio		172	386681	-90520	279	
Leiria		172	397436	-88070	279	
Lisbon		172	387251	-91498	279	
Lordelo do Ouro		172	411506	-86484	279	
Loures		172	388309	-91684	279	
Lumiar		172	387748	-91560	279	
Maia		172	412357	-86199	279	
Marinha Grande		172	397477	-89323	279	
Marvila		172	387398	-91016	279	
Massamá	massama	172	387528	-92811	279	
Matosinhos		172	411821	-86891	279	matosinhos municipality
Monsanto		172	394620	-87118	279	
Monte Estoril		172	387064	-94060	279	
Montijo		172	387068	-89739	279	
Moscavide e Portela		172	387793	-91022	279	
Odivelas		172	387927	-91838	279	
Oeiras		172	386910	-93108	279	
Olhão	olhao	172	370286	-78411	279	
Olivais		172	387699	-91067	279	
Olival		172	387708	-92502	279	
Oliveira do Douro		172	411247	-85846	279	
Paranhos		172	411729	-85993	279	
Parque das Nações	parque das nacoes	172	387691	-90963	279	
Paço de Arcos	paco de arcos	172	386957	-92914	279	
Pinhal Novo		172	386311	-89138	279	
Ponte de Lima		172	417672	-85839	279	
Pontinha		172	387677	-91994	279	
Portimão	portimao	172	371386	-85378	279	
Porto		172	411496	-86110	279	
Porto de Mós	porto de mos	172	370853	-86837	279	
Póvoa de Santa Iria	povoa de santa iria	172	388610	-90645	279	
Póvoa de Varzim	povoa de varzim	172	413834	-87636	279	
Quarteira		172	370695	-81006	279	
Queluz		172	387566	-92545	279	
Quinta Do Conde		172	385653	-90432	279	
Rio Tinto		172	411787	-85595	279	
Rio de Mouro		172	387661	-93280	279	
Santarém	santarem	172	392333	-86833	279	
Santo António	santo antonio	172	326614	-169348	245	
Santo António dos Olivais	santo antonio dos olivais	172	402180	-84052	279	
Santo Ovídio	santo ovidio	172	411138	-86024	279	
Senhora da Hora		172	411864	-86517	279	
Sequeira		172	405536	-72259	279	
Sesimbra		172	384445	-91015	279	
Sete Rios		172	387413	-91613	279	
Setúbal	setubal	172	385244	-88882	279	
Sintra		172	388010	-93783	279	
São Domingos de Rana	sao domingos de rana	172	387019	-93408	279	
São Jorge de Arroios	sao jorge de arroios	172	387289	-91381	279	
São João da Madeira	sao joao da madeira	172	409007	-84902	279	
São Mamede de Infesta	sao mamede de infesta	172	411918	-86110	279	
São Martinho	sao martinho	172	326448	-169384	245	
Torres Vedras		172	390911	-92586	279	
Valadares		172	410929	-86322	279	
Valongo		172	411888	-84986	279	
Viana do Castelo		172	416932	-88329	279	
Vila Nova de Gaia		172	411240	-86124	279	
Vila do Conde		172	413533	-87452	279	
Vilar		172	406273	-86323	279	
Viseu		172	406610	-79097	279	
Águas Santas	aguas santas	172	412102	-85760	279	
Évora	evora	172	385667	-79000	279	
Arecibo		173	184724	-667157	140	
Barceloneta		173	184505	-665385	140	
Bayamón	bayamon	173	183986	-661557	140	
Caguas		173	182341	-660485	140	
Carolina		173	183808	-659574	140	
Cataño	catano	173	184413	-661182	140	
Fajardo		173	183258	-656524	140	
Guayama		173	179841	-661138	140	
Guaynabo		173	183574	-661110	140	
Levittown		173	184500	-661816	140	
Mayagüez	mayaguez	173	182011	-671396	140	
Ponce		173	180103	-666240	140	
San Juan		173	184663	-661057	140	
Trujillo Alto		173	183547	-660074	140	
Vega Baja		173	184444	-663877	140	
Al Manşūrah	al mansurah	174	252681	515322	217	
Al Maţār al ‘Atīq	al matar al ‘atiq	174	252514	515557	217	
Al Wakrah		174	251715	516034	217	
Al ‘Unayzah		174	253376	515095	217	
An Najmah		174	252670	515432	217	
Ar Rayyān	ar rayyan	174	252919	514244	217	al rayyan
As Sadd		174	252862	515007	217	
As Sulţah al Jadīdah	as sultah al jadidah	174	252604	515140	217	
Ath Thumāmah Khamsūn	ath thumamah khamsun	174	252196	515532	217	
Ath Thumāmah Sab‘ah wa Arba‘ūn	ath thumamah sab‘ah wa arba‘un	174	252390	515633	217	
Ath Thumāmah Sittah wa Arba‘ūn	ath thumamah sittah wa arba‘un	174	252340	515405	217	
Doha		174	252854	515310	217	
Farīj Kulayb	farij kulayb	174	253131	514929	217	
Farīj al Amīr	farij al amir	174	252873	514714	217	
Madīnat Khalīfah	madinat khalifah	174	253205	514779	217	
Mu‘aydhir Rawḑat Rāshid	mu‘aydhir rawdat rashid	174	252617	513968	217	
Umm Ghuwaylīnah	umm ghuwaylinah	174	255872	511499	217	
Umm Şalāl Muḩammad	umm salal muhammad	174	254152	514065	217	
Bouansa		175	-42186	137617	10	
Brazzaville		175	-42661	152832	10	
Dolisie		175	-41983	126666	10	
Gamboma		175	-18764	158644	10	
Impfondo		175	16180	180598	10	
Kayes		175	-42049	132861	10	
Loandjili		175	-47561	118578	10	
Loutété	loutete	175	-42961	138508	10	
Mossaka		175	-12198	167992	10	
Nkayi		175	-41840	132859	10	
Ouésso	ouesso	175	16136	160517	10	
Owando		175	-4819	158999	10	
Pointe-Noire		175	-47761	118635	10	
Sibiti		175	-36819	133498	10	
La Possession		176	-209291	553348	323	
Le Port		176	-209375	552942	323	
Le Tampon		176	-212766	555177	323	
Piton Saint-Leu		176	-212196	553151	323	
Saint-André	saint-andre	176	-209633	556503	323	
Saint-Benoît	saint-benoit	176	-210380	557155	323	
Saint-Denis		176	-208823	554504	323	
Saint-Joseph		176	-213777	556169	323	
Saint-Leu		176	-211706	552882	323	
Saint-Louis		176	-212858	554112	323	
Saint-Paul		176	-210096	552713	323	
Saint-Pierre		176	-213393	554781	323	
Sainte-Marie		176	-208969	555506	323	
Sainte-Suzanne		176	-209062	556079	323	
Aiud		177	463101	237213	265	
Alba Iulia		177	460667	235833	265	
Alexandria		177	439833	253333	265	
Arad		177	461833	213167	265	
Bacău	bacau	177	465672	269138	265	
Baia Mare		177	476573	235681	265	
Bistriţa	bistrita	177	471332	245001	265	
Borşa	borsa	177	476553	246633	265	
Botoşani	botosani	177	477500	266667	265	
Braşov	brasov	177	456486	256061	265	
Brăila	braila	177	452715	279743	265	
Bucharest		177	444323	261063	265	
Buzău	buzau	177	451500	268333	265	
Bârlad	barlad	177	462318	276691	265	
Caracal		177	441167	243500	265	
Caransebeş	caransebes	177	454167	222167	265	
Cluj-Napoca		177	467667	236000	265	
Comăneşti	comanesti	177	464213	264364	265	
Constanţa	constanta	177	441807	286343	265	
Craiova		177	443167	238000	265	
Cugir		177	458365	233700	265	
Curtea de Argeş	curtea de arges	177	451342	246741	265	
Câmpia Turzii	campia turzii	177	465500	238833	265	
Câmpina	campina	177	451262	257350	265	
Dej		177	471500	238667	265	
Deva		177	458833	229000	265	
Dorohoi		177	479500	264000	265	
Drobeta-Turnu Severin		177	446269	226529	265	
Feteşti	fetesti	177	443833	278333	265	
Fetești-Gară	fetesti-gara	177	444196	278254	265	
Focșani	focsani	177	457000	271833	265	
Făgăraș	fagaras	177	458500	249667	265	
Fălticeni	falticeni	177	474500	263000	265	
Galaţi	galati	177	454369	280503	265	
Gherla		177	470333	239167	265	
Giurgiu		177	438866	259627	265	
Hunedoara		177	457500	229000	265	
Huşi	husi	177	466736	280594	265	
Iaşi	iasi	177	471667	276000	265	
Lugoj		177	456886	219031	265	
Lupeni		177	453603	232383	265	
Mangalia		177	438162	285766	265	
Medgidia		177	442500	282833	265	
Mediaş	medias	177	461667	243500	265	
Miercurea-Ciuc		177	463500	258000	265	
Mioveni		177	449590	249420	265	
Moineşti	moinesti	177	464752	264891	265	
Motru		177	448033	229719	265	
Năvodari	navodari	177	443167	286000	265	
Odorheiu Secuiesc		177	463000	253000	265	
Olteniţa	oltenita	177	440833	266333	265	
Oradea		177	470458	219183	265	
Paşcani	pascani	177	472469	267229	265	
Petrila		177	454500	234167	265	
Petroşani	petrosani	177	454167	233667	265	
Piatra Neamţ	piatra neamt	177	469167	263333	265	
Piteşti	pitesti	177	448500	248667	265	
Ploieşti	ploiesti	177	449500	260167	265	
Reghin-Sat		177	467833	247167	265	
Reşiţa	resita	177	453008	218892	265	
Roman		177	469212	269265	265	
Roșiorii de Vede	rosiorii de vede	177	441167	249833	265	
Râmnicu Sărat	ramnicu sarat	177	453833	270500	265	
Râmnicu Vâlcea	ramnicu valcea	177	451000	243667	265	
Rădăuți	radauti	177	478500	259167	265	
Satu Mare		177	477993	228626	265	
Sebeş	sebes	177	459565	235710	265	
Sector 1		177	444924	260483	265	
Sector 2		177	444528	261332	265	
Sector 3		177	444234	261687	265	
Sector 4		177	443757	261208	265	
Sector 5		177	443881	260714	265	
Sector 6		177	444358	260165	265	
Sfântu Gheorghe	sfantu gheorghe	177	458667	257833	265	
Sibiu		177	458000	241500	265	
Sighetu Marmaţiei	sighetu marmatiei	177	479320	238860	265	
Sighișoara	sighisoara	177	462214	247928	265	
Slatina		177	444333	243667	265	
Slobozia		177	445647	273633	265	
Suceava		177	476333	262500	265	
Săcele	sacele	177	456167	257110	265	
Tecuci		177	458497	274344	265	
Timişoara	timisoara	177	457537	212257	265	
Tulcea		177	451787	288050	265	
Turda		177	465667	237833	265	
Turnu Măgurele	turnu magurele	177	437469	248685	265	
Târgovişte	targoviste	177	449254	254567	265	
Târgu Jiu	targu jiu	177	450500	232833	265	
Târgu Mureş	targu mures	177	465424	245575	265	
Târnăveni	tarnaveni	177	463319	242966	265	
Vaslui		177	466333	277333	265	
Voluntari		177	444900	261734	265	
Zalău	zalau	177	472000	230500	265	
Zărnești	zarnesti	177	455609	253179	265	
Abakan		178	537154	914264	200	
Abdulino		178	536858	536555	239	
Abinsk		178	448706	381576	288	
Achinsk		178	562679	905014	200	
Adler		178	434290	399239	288	
Admiralteisky		178	599230	303000	288	
Akademgorodok		178	548523	831060	211	
Akademicheskoe		178	600138	303947	288	
Akhtubinsk		178	482834	461652	259	
Aksay		178	472633	398690	288	
Alapayevsk		178	578500	616941	239	
Alatyr’		178	548421	465813	288	alatyr'
Aldan		178	586123	1254000	237	
Aleksandrov		178	563973	387140	288	
Aleksandrovskoye		178	447142	430008	288	
Alekseyevka		178	556300	378000	288	
Aleksin		178	545048	370670	288	
Alexeyevka		178	506309	386903	288	
Aleysk		178	524963	827747	174	
Altuf’yevskiy		178	558833	375833	288	
Al’met’yevsk		178	549044	523154	288	al'met'yevsk
Amin’yevo		178	557000	374667	288	
Amursk		178	502322	1368970	236	
Anapa		178	448950	373162	288	
Angarsk		178	525597	1039141	191	
Annino		178	555833	376000	288	
Annino		178	555832	372602	288	
Anzhero-Sudzhensk		178	560757	860243	210	
Apatity		178	675827	334134	288	
Apsheronsk		178	444599	397300	288	
Argun		178	432929	458669	288	
Arkhangel’sk		178	645472	405529	288	arkhangelsk
Armavir		178	449985	411147	288	
Arsen’yev		178	441570	1332733	236	arsen'yev
Artëm	artem	178	433576	1321914	236	artyom
Artëmovskiy	artemovskiy	178	573542	618712	239	artyomovskiy
Arzamas		178	553956	438381	288	
Asbest		178	570082	614634	239	
Asha		178	549998	572549	239	
Asino		178	569992	861552	232	
Astrakhan		178	463497	480408	259	
Atkarsk		178	518806	450061	298	
Avtovo		178	598717	302658	288	
Aznakayevo		178	548500	531000	288	
Azov		178	471069	394149	288	
Babushkin		178	558693	377297	288	
Bakal		178	549417	588083	239	
Baksan		178	436837	435351	288	
Balabanovo		178	551816	366606	288	
Balakovo		178	520264	477967	298	
Balashikha		178	557948	379479	288	
Balashov		178	515510	431707	298	
Baltiysk		178	546546	199093	276	
Barabinsk		178	553507	783587	211	
Barnaul		178	533598	837456	174	
Bataysk		178	471375	397571	288	
Bavly		178	543930	532602	288	
Belaya Kalitva		178	481793	407792	288	
Belebey		178	541077	541174	239	
Belgorod		178	506107	365802	288	
Belogorsk		178	509124	1285124	237	
Belorechensk		178	447700	398725	288	
Beloretsk		178	539621	584000	239	
Belovo		178	544212	862991	210	
Berdsk		178	547535	830962	211	
Berezniki		178	594091	568204	239	
Beryozovsky		178	569083	608019	239	
Berëzovskiy	berezovskiy	178	556695	862748	210	
Beslan		178	431928	445327	288	
Bezenchuk		178	529806	494320	295	
Bezhetsk		178	577842	367008	288	
Bibirevo		178	558833	376000	288	
Birobidzhan		178	487928	1329239	236	
Birsk		178	554202	555421	239	
Biryulëvo	biryulevo	178	555864	376778	288	
Biryulëvo Zapadnoye	biryulevo zapadnoye	178	555877	376428	288	
Biysk		178	525342	851966	174	
Blagodarnyy		178	450978	434364	288	
Blagoveshchensk		178	502796	1275405	237	
Blagoveshchensk		178	550352	559770	239	
Bogdanovich		178	567768	620507	239	
Bogoroditsk		178	537717	381230	288	
Bogorodsk		178	561015	435101	288	
Bogorodskoye		178	558135	377162	288	
Bogotol		178	562045	895332	200	
Bologoye		178	578859	340532	288	
Bol’shoy Kamen’		178	431112	1323502	236	bolshoy kamen
Bor		178	563594	440730	288	
Borisoglebsk		178	513689	420980	288	
Borovichi		178	583942	339186	288	
Borzya		178	503886	1165306	178	
Brateyevo		178	556376	377644	288	
Bratsk		178	561325	1016142	191	
Bryansk		178	532521	343717	288	
Bryukhovetskaya		178	457996	389967	288	
Budyonnovsk		178	447839	441658	288	
Bugulma		178	545378	527985	288	
Buguruslan		178	536554	524420	239	
Buturlinovka		178	508262	405980	288	
Buy		178	584796	415359	288	
Buynaksk		178	428180	471268	288	
Buzuluk		178	527782	522585	239	
Centralniy		178	599311	303607	288	
Chapayevsk		178	529771	497086	295	
Chaykovskiy		178	567632	541126	239	chaykovsky
Chebarkul’		178	549776	603658	239	chebarkul'
Cheboksary		178	561322	472519	288	
Chekhov		178	551455	374619	288	
Chelyabinsk		178	551540	614292	239	
Cheremkhovo		178	531474	1030819	191	
Cherepovets		178	591333	379000	288	
Cherkessk		178	442233	420578	288	
Chernaya Rechka		178	599859	303034	288	
Chernogorsk		178	538288	913095	200	
Chernushka		178	565072	560771	239	
Chernyakhovsk		178	546334	218156	276	
Chertanovo Yuzhnoye		178	555907	375952	288	
Cherëmushki	cheremushki	178	556647	375614	288	
Chishmy		178	545902	553820	239	
Chistopol’		178	553631	506424	288	chistopol'
Chita		178	520317	1135009	178	
Chusovoy		178	582892	578126	239	
Dachnoye		178	598417	302558	288	
Dagestanskiye Ogni		178	421158	481919	288	
Dalnegorsk		178	445574	1356209	236	
Dalnerechensk		178	459315	1337391	236	
Dankov		178	532498	391441	288	
Davlekanovo		178	542176	550306	239	
Davydkovo		178	557182	374727	288	
Dedovsk		178	558686	371222	288	
Derbent		178	420662	482876	288	
Desnogorsk		178	541508	332815	288	
Dimitrovgrad		178	542139	496184	305	
Dinskaya		178	452167	392259	288	
Divnogorsk		178	559392	923751	200	
Dmitrov		178	563448	375204	288	
Dobryanka		178	584648	564130	239	
Dolgoprudnyy		178	559496	375018	288	
Domodedovo		178	554422	377537	288	
Donetsk		178	483375	399542	288	
Donskoy		178	539680	383315	288	
Dorogomilovo		178	557500	375667	288	
Drozhzhino		178	555281	375992	288	
Dubna		178	567405	371865	288	
Dudinka		178	694058	861778	200	
Dyat’kovo		178	535978	343382	288	dyatkovo
Dyurtyuli		178	554873	548618	239	
Dzerzhinsk		178	562442	434554	288	
Dzerzhinskiy		178	556287	378443	288	
Dzerzhinsky		178	556274	378580	288	
Ekazhevo		178	432122	448231	288	
Elektrostal’		178	557865	384571	288	
Elista		178	463078	442558	288	
Engels		178	514839	461053	298	engel's
Ezhva		178	618128	507283	288	
Fedorovskiy		178	616063	737142	239	
Fili		178	557482	374797	288	
Finlyandskiy		178	599682	303642	288	
Fokino		178	429710	1324104	236	
Frolovo		178	497688	436542	310	
Fryazevo		178	557332	384646	288	
Fryazino		178	559613	380464	288	
Furmanov		178	572542	411112	288	
Gagarin		178	555533	349968	288	
Gatchina		178	595764	301283	288	
Gay		178	514727	584516	239	
Gelendzhik		178	445801	380665	288	
Georgiyevsk		178	441494	434702	288	
Glazov		178	581400	526562	295	
Gol’yanovo		178	558230	378131	288	
Gorelovo		178	597723	301346	288	
Gorno-Altaysk		178	519606	859189	174	
Gorod Shebekino		178	504167	369167	288	
Gorodets		178	566550	434727	288	
Goryachevodskiy		178	440236	430922	288	
Goryachiy Klyuch		178	446339	391358	288	
Grazhdanka		178	600170	304170	288	
Grozny		178	433120	456890	288	
Gryazi		178	524954	399403	288	
Gubakha		178	588386	575532	239	
Gubkin		178	512838	375351	288	
Gudermes		178	433508	461010	288	
Gukovo		178	480621	399355	288	
Gul’kevichi		178	453538	406946	288	gul'kevichi
Gur’yevsk		178	542841	859481	210	guryevsk
Gusev		178	545922	221997	276	
Gusinoozyorsk		178	512833	1065000	191	
Gus’-Khrustal’nyy		178	556117	406502	288	gus'-khrustal'nyy
Igra		178	575549	530544	295	
Il’skiy		178	448422	385669	288	il'skiy
Inozemtsevo		178	440926	430911	288	
Ipatovo		178	457180	429061	288	
Irbit		178	576686	630707	239	
Irkutsk		178	522980	1042958	191	
Isakogorka		178	644460	406531	288	
Ishim		178	561125	694872	239	
Ishimbay		178	534477	560387	239	
Iskitim		178	546426	833035	211	
Istra		178	559198	368688	288	
Ivanovo		178	569972	409714	288	
Ivanovskoye		178	557667	378333	288	
Ivanteyevka		178	559711	379208	288	
Izberbash		178	425670	478755	288	
Izhevsk		178	568498	532045	295	
Izmaylovo		178	557868	378016	288	
Izobil’nyy		178	453665	417091	288	izobil'nyy
Kabanovo		178	557482	389351	288	
Kachkanar		178	587002	594839	239	
Kalach-na-Donu		178	486910	435264	310	
Kalachinsk		178	550522	745787	212	
Kaliningrad		178	547065	205110	276	
Kalininskiy		178	599968	303899	288	
Kaltan		178	535278	872758	210	
Kaluga		178	545293	362754	288	
Kamenka		178	531814	440494	288	
Kamensk-Shakhtinsky		178	483178	402595	288	
Kamensk-Ural’skiy		178	564063	619335	239	kamensk-uralsky
Kamen’-na-Obi		178	537890	813320	174	kamen'-na-obi
Kamyshin		178	500885	454128	310	
Kamyshlov		178	568466	627121	239	
Kanash		178	555096	474913	288	
Kandalaksha		178	671512	324128	288	
Kanevskaya		178	460953	389769	288	
Kansk		178	562022	957185	200	
Kapotnya		178	556381	377931	288	
Karabulak		178	433051	448995	288	
Karasuk		178	537395	780439	211	
Karpinsk		178	597683	600062	239	
Kartaly		178	530596	606412	239	
Kashira		178	548476	381821	288	
Kasimov		178	549438	414034	288	
Kaspiysk		178	428816	476392	288	
Kayyerkan		178	693786	877439	200	
Kazan		178	557887	491221	288	kazan’
Kemerovo		178	553333	860833	210	
Khabarovsk		178	484803	1350882	236	
Khabarovsk Vtoroy		178	484379	1351299	236	
Khadyzhensk		178	444258	395362	288	
Khanty-Mansiysk		178	610042	690019	239	
Khasavyurt		178	432487	465857	288	
Khimki		178	559001	374285	288	
Kholmsk		178	470461	1420494	221	
Khoroshëvo-Mnevniki	khoroshevo-mnevniki	178	557836	374714	288	
Kimovsk		178	539731	385350	288	
Kimry		178	568746	373596	288	
Kinel’		178	532266	506261	295	kinel'
Kineshma		178	574366	421277	288	
Kingisepp		178	593763	286141	288	
Kireyevsk		178	539297	379215	288	
Kirishi		178	594742	320401	288	
Kirov		178	585966	496601	277	
Kirov		178	540689	342989	288	
Kirovgrad		178	574313	600617	239	
Kirovo-Chepetsk		178	585509	500310	277	
Kirovsk		178	676148	336727	288	
Kirovsk		178	598800	309955	288	
Kirzhach		178	561527	388551	288	
Kiselëvsk	kiselevsk	178	539900	866621	210	kiselyovsk
Kisilevsk		178	539962	866485	210	
Kislovodsk		178	439133	427208	288	
Kizel		178	590471	576477	239	
Kizilyurt		178	432028	468659	288	
Kizlyar		178	438469	467098	288	
Klimovsk		178	553635	375298	288	
Klin		178	563317	367292	288	
Klintsy		178	527603	322390	288	
Kochubeyevskoye		178	446442	418453	288	
Kogalym		178	622654	744791	239	
Kokhma		178	569321	410947	288	
Kolomenskoye		178	556667	376833	288	
Kolomna		178	550711	387840	288	
Kolomyagi		178	600243	302849	288	
Kolpashevo		178	583201	829030	232	
Kolpino		178	597507	305886	288	
Kol’chugino		178	563045	393766	288	kol'chugino
Komendantsky aerodrom		178	600045	302752	288	
Komsomolsk-on-Amur		178	505503	1370100	236	
Konakovo		178	567015	367730	288	
Kondopoga		178	622041	342693	288	
Kopeysk		178	551169	616181	239	
Korenovsk		178	454672	394492	288	
Korkino		178	548915	613920	239	
Korolev		178	559142	378256	288	korolyov
Korsakov		178	466353	1427758	221	
Koryazhma		178	613124	471483	288	
Kostomuksha		178	645710	305767	288	
Kostroma		178	577665	409269	288	
Kotel’nich		178	583035	483374	277	kotel'nich
Kotlas		178	612566	466537	288	
Kotlovka		178	556593	376040	288	
Kotovo		178	503157	448100	310	
Kotovsk		178	525905	415025	288	
Kovrov		178	563575	413189	288	
Kovylkino		178	540372	439187	288	
Kozeyevo		178	558667	376167	288	
Kozhukhovo		178	557000	376667	288	
Koz’modem’yansk		178	563321	465606	288	koz'modem'yansk
Krasnaya Glinka		178	537383	529392	239	
Krasnoarmeysk		178	510235	456966	298	
Krasnoarmeysk		178	561000	381333	288	
Krasnoarmeyskaya		178	453655	382119	288	
Krasnodar		178	450448	389760	288	
Krasnogorsk		178	558190	373298	288	
Krasnogvargeisky		178	599730	304761	288	
Krasnokamensk		178	500978	1180387	178	
Krasnokamsk		178	580787	557562	239	
Krasnoturinsk		178	597666	602086	239	krasnotur'insk
Krasnoufimsk		178	566140	577690	239	
Krasnoural’sk		178	583638	600407	239	krasnouralsk
Krasnoyarsk		178	560267	929076	200	
Krasnoye Selo		178	597383	300894	288	
Krasnoznamensk		178	555952	370523	288	
Krasnyy Sulin		178	478925	400718	288	
Kronstadt		178	599920	297762	288	
Kropotkin		178	454372	405704	288	
Krymsk		178	449263	379903	288	
Kstovo		178	561475	441986	288	
Kubinka		178	555796	367039	288	
Kudrovo		178	599035	305106	288	
Kudymkar		178	590152	546532	239	
Kulebaki		178	554133	425325	288	
Kumertau		178	527649	557878	239	
Kungur		178	574144	569716	239	
Kupchino		178	598590	303880	288	
Kurchatov		178	516536	356865	288	
Kurgan		178	554500	653333	239	
Kurganinsk		178	448845	405889	288	
Kurortnyy		178	601656	299080	288	
Kursk		178	517376	361871	288	
Kur’yanovo		178	556500	377000	288	
Kushchyovskaya		178	465599	396321	288	
Kushva		178	582873	597475	239	
Kuskovo		178	557342	378262	288	
Kuvandyk		178	514848	573579	239	
Kuybyshev		178	554478	783191	211	
Kuznetsk		178	531168	466004	288	
Kuz’minki		178	557000	378000	288	
Kyshtym		178	557163	605510	239	
Kyzyl		178	517091	944334	200	
Labinsk		178	446360	407357	288	
Labytnangi		178	666572	664183	239	
Langepas		178	612544	752124	239	
Lazarevskoye		178	439089	393314	288	
Lebedyan’		178	530153	391446	288	lebedyan'
Lefortovo		178	557667	377000	288	
Leningradskaya		178	463214	393855	288	
Leninogorsk		178	546026	524609	288	
Leninsk-Kuznetsky		178	546567	861737	210	
Leninskiye Gory		178	557000	375667	288	
Lensk		178	607238	1149345	237	
Leonovo		178	558500	376500	288	
Lermontov		178	441072	429780	288	
Lesnoy		178	576198	630784	239	
Lesnoy		178	586394	597896	239	
Lesosibirsk		178	582354	924835	200	
Lesozavodsk		178	454717	1333983	236	
Levoberezhnyy		178	558500	374833	288	
Lianozovo		178	558978	375868	288	
Likhobory		178	558500	375667	288	
Likino-Dulevo		178	557083	389542	288	
Linëvo	linevo	178	544589	833764	211	
Lipetsk		178	526031	395708	288	
Liski		178	509824	395041	288	
Livny		178	524243	375996	288	
Lobnya		178	560271	374679	288	
Lodeynoye Pole		178	607256	335606	288	
Lomonosov		178	599061	297725	288	
Losino-Petrovskiy		178	558701	381932	288	
Luchegorsk		178	464446	1342934	236	
Luga		178	587388	298476	288	
Lukhovitsy		178	549766	390444	288	
Luzhniki		178	557160	375538	288	
Lyantor		178	616194	721555	239	
Lyskovo		178	560293	450423	288	
Lys’va		178	581074	578106	239	lys'va
Lytkarino		178	555765	379124	288	
Lyubertsy		178	556772	378932	288	
Lyublino		178	556774	377600	288	
Lyudinovo		178	538664	344478	288	
L’govskiy		178	516307	352775	288	l'govskiy
Magadan		178	595638	1508035	205	
Magnitogorsk		178	533981	590066	239	
Makhachkala		178	429764	475024	288	
Malgobek		178	435112	445905	288	
Maloyaroslavets		178	550146	364719	288	
Mariinsk		178	562098	877316	210	
Marks		178	517102	467455	298	
Mar’ino		178	556500	377167	288	
Matveyevskoye		178	557111	374750	288	
Maykop		178	446078	401058	288	
Mednogorsk		178	514057	575875	239	
Megion		178	610343	761068	239	
Meleuz		178	529647	559328	239	
Mendeleyevsk		178	559082	522905	288	
Metallostroy		178	598008	305478	288	
Metrogorodok		178	558096	377874	288	
Mezhdurechensk		178	536899	880622	210	
Miass		178	550455	601076	239	
Michurinsk		178	529076	404823	288	
Mikhalkovo		178	556833	374333	288	
Mikhaylovka		178	500619	432334	310	
Mikhaylovsk		178	451310	420270	288	
Millerovo		178	489252	403998	288	
Mineralnye Vody		178	442103	431353	288	
Minusinsk		178	537012	917080	200	
Mirny		178	625353	1139611	237	
Mirnyy		178	627644	403386	288	
Monchegorsk		178	679397	328739	288	
Morozovsk		178	483510	418290	288	
Morshansk		178	534432	418106	288	
Moscow		178	557522	376156	288	
Mostovskoy		178	444115	407928	288	
Mozdok		178	437398	446516	288	
Mozhaysk		178	555019	360272	288	
Mozhga		178	564458	522156	295	
Mtsensk		178	532788	365805	288	
Muravlenko		178	637898	745230	239	
Murmansk		178	689740	330975	288	
Murom		178	555685	420239	288	
Myski		178	537163	877965	210	
Mytishchi		178	559110	377296	288	
Naberezhnyye Chelny		178	557254	524112	288	naberezhnye chelny
Nadym		178	655333	725167	239	
Nagornyy		178	556500	376167	288	
Nakhabino		178	558485	371779	288	
Nakhodka		178	428436	1329183	236	
Nalchik		178	434981	436189	288	nal'chik
Naro-Fominsk		178	553875	367331	288	
Nartkala		178	435544	438550	288	
Nazarovo		178	560114	904166	200	
Nazran		178	432260	447732	288	
Neftekamsk		178	560888	542638	239	
Neftekumsk		178	447558	449925	288	
Nefteyugansk		178	610998	726035	239	
Nelidovo		178	562276	327747	288	
Nerekhta		178	574580	405717	288	
Neryungri		178	566584	1247250	237	
Nevinnomyssk		178	446333	419444	288	
Nev’yansk		178	574923	602142	239	nev'yansk
Nikolayevsk-on-Amure		178	531466	1407229	236	
Nikol’sk		178	537189	460712	288	nikol'sk
Nikol’skoye		178	556833	374833	288	
Nikulino		178	556694	374660	288	
Nizhnekamsk		178	556366	518245	288	
Nizhneudinsk		178	549072	990340	191	
Nizhnevartovsk		178	609344	765531	239	
Nizhniy Lomov		178	535304	436766	288	
Nizhniy Novgorod		178	563287	440020	288	nizhny novgorod
Nizhny Tagil		178	579194	599650	239	
Nizhnyaya Tura		178	586237	598523	239	
Noginsk		178	558649	384485	288	
Norilsk		178	693535	882027	200	noril'sk
Novaya Balakhna		178	564899	436011	288	
Novaya Usman’		178	516436	394114	288	novaya usman'
Novo-Peredelkino		178	556453	373358	288	
Novoaleksandrovsk		178	454974	412253	288	
Novoaltaysk		178	534143	839411	174	
Novocheboksarsk		178	561110	474776	288	
Novocherkassk		178	474222	400937	288	
Novodvinsk		178	644164	408167	288	
Novogireyevo		178	557538	378188	288	
Novokhovrino		178	558667	375000	288	
Novokubansk		178	451133	410365	288	
Novokuybyshevsk		178	530971	499400	295	
Novokuznetsk		178	537575	871360	210	
Novokuz’minki		178	557167	377833	288	
Novomoskovsk		178	540110	382908	288	
Novopavlovsk		178	439594	436316	288	
Novorossiysk		178	447319	377618	288	
Novoshakhtinsk		178	477604	399334	288	
Novosibirsk		178	550344	829434	211	
Novotitarovskaya		178	452376	389806	288	
Novotroitsk		178	512010	583132	239	
Novoural’sk		178	572548	600905	239	novoural'sk
Novovladykino		178	558500	375833	288	
Novovoronezh		178	513153	392187	288	
Novozybkov		178	525371	319366	288	
Novyy Urengoy		178	660833	766333	239	novy urengoy
Novyye Cherëmushki	novyye cheremushki	178	557000	375833	288	
Novyye Kuz’minki		178	557000	377500	288	
Noyabrsk		178	631931	754373	239	
Nurlat		178	544277	508051	288	
Nyagan		178	621406	653936	239	
Nyandoma		178	616718	402122	288	
Obninsk		178	551099	366124	288	
Obruchevo		178	556591	375229	288	
Obukhovo		178	598439	304511	288	
Ob’		178	549888	827134	211	ob'
Ochakovo-Matveyevskoye		178	556843	374465	288	
Odintsovo		178	556698	372772	288	
Okha		178	535940	1429528	221	
Oktyabrsky		178	544815	534710	239	
Oktyabr’sk		178	531668	486972	295	oktyabr'sk
Olenegorsk		178	681432	332529	288	
Omsk		178	549924	733686	212	
Omutninsk		178	586702	521931	277	
Onega		178	639057	380994	288	
Orekhovo-Borisovo		178	556125	377264	288	
Orekhovo-Borisovo Severnoye		178	556167	376833	288	
Orekhovo-Zuyevo		178	558124	389915	288	
Orenburg		178	517727	550988	239	
Orsk		178	512321	584880	239	
Orël	orel	178	529593	360780	288	oryol
Osa		178	572836	554588	239	
Osinniki		178	536036	873320	210	
Ostankinskiy		178	558296	376160	288	
Ostrogozhsk		178	508659	390781	288	
Ostrov		178	573438	283536	288	
Otradnaya		178	443932	415193	288	
Otradnoye		178	597775	308181	288	
Otradnyy		178	533760	513452	295	
Ozerki		178	600395	303113	288	
Ozersk		178	557556	607028	239	
Ozëry	ozery	178	548600	385506	288	ozyory
Parnas		178	600696	303487	288	
Partizansk		178	431199	1331232	236	
Pashkovskiy		178	450237	391044	288	
Pavlovo		178	559686	430912	288	
Pavlovsk		178	504543	401237	288	
Pavlovskaya		178	461390	397862	288	
Pavlovskiy Posad		178	557819	386502	288	pavlovsky posad
Pechora		178	651472	572244	288	
Penza		178	532007	450046	288	
Pereslavl’-Zalesskiy		178	567391	388597	288	pereslavl'-zalesskiy
Perm		178	580105	562502	239	
Pervouralsk		178	569053	599436	239	
Peterhof		178	598833	299000	288	petergof
Petrodvorets		178	598956	298014	288	
Petrogradka		178	599657	303115	288	
Petropavlovsk-Kamchatsky		178	530639	1586275	196	petropavlovsk-kamchatskiy
Petrovsk		178	523088	453899	298	
Petrovskaya		178	555500	377833	288	
Petrozavodsk		178	617849	343469	288	
Pikalëvo	pikalevo	178	595183	341664	288	pikalyovo
Podolsk		178	554242	375547	288	
Pokhvistnevo		178	536524	521274	295	
Pokrovskoye-Streshnëvo	pokrovskoye-streshnevo	178	558080	374581	288	
Polevskoy		178	564422	601878	239	
Polysayevo		178	546034	862758	210	
Poykovskiy		178	612333	733333	239	
Presnenskiy		178	557500	375500	288	
Primorsko-Akhtarsk		178	460485	381790	288	
Privolzhskiy		178	514094	460483	298	
Prokhladnyy		178	437574	440297	288	
Prokop’yevsk		178	539152	867189	210	prokopyevsk
Protvino		178	548682	372158	288	
Pskov		178	578140	283449	288	
Pugachëv	pugachev	178	520166	487990	298	
Pushkin		178	597142	303964	288	
Pushkino		178	559946	378290	288	
Pyatigorsk		178	440500	430504	288	
Pyt-Yakh		178	607498	728582	239	
Raduzhny		178	620961	774750	239	
Ramenki		178	557000	375000	288	
Ramenskoye		178	555634	382415	288	
Rasskazovo		178	526638	418892	288	
Raychikhinsk		178	497957	1294035	237	
Reutov		178	557627	378630	288	
Revda		178	568024	599377	239	
Rezh		178	573712	614040	239	
Rodniki		178	571050	417356	288	
Roshal’		178	556685	398749	288	roshal'
Roslavl’		178	539539	328641	288	roslavl'
Rossosh’		178	511209	385116	288	
Rossosh’		178	501964	395663	288	rossoh'
Rostokino		178	558333	376667	288	
Rostov		178	571908	394131	288	rostov veliky
Rostov-na-Donu		178	472314	397233	288	rostov-on-don
Rtishchevo		178	522597	437868	298	
Rubtsovsk		178	515147	812061	174	
Ruzayevka		178	540600	449490	288	
Ryazanskiy		178	557333	377667	288	
Ryazan’		178	546269	396916	288	
Ryazhsk		178	537059	400804	288	
Rybatskoye		178	598393	304987	288	
Rybinsk		178	580456	388381	288	
Rzhev		178	562629	343289	288	
Safonovo		178	551109	332373	288	
Saint Petersburg		178	599386	303141	288	st petersburg
Salavat		178	533828	559109	239	
Salekhard		178	665300	666019	239	
Sal’sk		178	464749	415416	288	sal'sk
Samara		178	532001	501500	295	
Sampsonievskiy		178	599850	303430	288	
Saransk		178	541838	451749	288	
Sarapul		178	564763	537978	295	
Saratov		178	515406	460086	298	
Sarov		178	549480	433152	288	
Sasovo		178	543537	419199	288	
Satka		178	550410	590475	239	
Sayanogorsk		178	530998	914074	200	
Sayansk		178	541129	1021777	191	
Segezha		178	637455	343161	288	
Semikarakorsk		178	475168	408083	288	
Semiluki		178	516821	390302	288	
Semënov	semenov	178	567876	444962	288	semyonov
Semënovskoye	semenovskoye	178	556833	375500	288	
Serdobsk		178	524586	442169	288	
Sergach		178	555277	454568	288	
Sergiyev Posad		178	563120	381387	288	
Serov		178	595974	605861	239	
Serpukhov		178	549198	374162	288	
Sertolovo		178	601444	302016	288	
Sestroretsk		178	600980	299638	288	
Severnyy		178	559358	375489	288	
Severobaykal’sk		178	556383	1093271	191	severobaykalsk
Severodvinsk		178	645582	398297	288	
Severomorsk		178	690694	334081	288	
Severoural’sk		178	601533	599520	239	severouralsk
Seversk		178	566006	848864	232	
Severskaya		178	448539	386792	288	
Shadrinsk		178	560862	636382	239	
Shakhty		178	477192	402160	288	
Shakhun’ya		178	576760	466117	288	shakhun'ya
Shali		178	431481	459019	288	
Sharypovo		178	555400	892006	200	
Shar’ya		178	583685	455162	288	shar'ya
Shatura		178	555726	395342	288	
Shcherbinka		178	554997	375597	288	
Shchukino		178	558000	374500	288	
Shchyolkovo		178	559250	379722	288	
Shchëkino	shchekino	178	540073	375065	288	shchyokino
Shebekino		178	504134	369254	288	
Sheksna		178	592100	385107	288	
Shelekhov		178	522159	1040993	191	
Shimanovsk		178	520032	1276762	237	
Shumerlya		178	555005	464129	288	
Shuya		178	568486	413869	288	
Sibay		178	527179	586667	239	
Skopin		178	538250	395531	288	
Slantsy		178	591179	280883	288	
Slavgorod		178	530000	786473	174	
Slavyansk-na-Kubani		178	452514	381213	288	
Slobodskoy		178	587313	501712	277	
Smolensk		178	547794	320437	288	
Snezhinsk		178	560783	607478	239	
Sochi		178	435970	397248	288	
Sokol		178	558000	375167	288	
Sokol		178	594617	401206	288	
Sokol’niki		178	558020	376716	288	
Solikamsk		178	596669	567427	239	
Solnechnogorsk		178	561753	369708	288	
Solntsevo		178	556371	373812	288	
Sol’-Iletsk		178	511624	549916	239	sol'-iletsk
Sorochinsk		178	524288	531502	239	
Sosnogorsk		178	635967	538918	288	
Sosnovaya Polyana		178	598353	301467	288	
Sosnovka		178	600167	303500	288	
Sosnovoborsk		178	561218	933381	200	
Sosnovyy Bor		178	598996	290857	288	sosnovy bor
Sovetsk		178	550839	218785	276	
Sovetskaya Gavan’		178	489722	1402888	236	sovetskaya gavan'
Sovetskiy		178	613614	635842	239	
Spassk-Dal’niy		178	446006	1328204	236	spassk-dal'niy
Staraya Derevnya		178	599883	302430	288	
Staraya Kupavna		178	558080	381805	288	
Staraya Russa		178	579962	313600	288	
Starominskaya		178	465309	390516	288	
Staryy Malgobek		178	435444	445959	288	
Staryy Oskol		178	513025	378461	288	stary oskol
Stavropol’		178	450428	419734	288	
Sterlitamak		178	536379	559533	239	
Strezhevoy		178	607333	775889	232	
Strogino		178	558184	374122	288	
Stupino		178	548974	380680	288	
Sukhoy Log		178	569083	620343	239	
Sunzha		178	433206	450490	288	
Surgut		178	612576	734178	239	
Svetlanovskiy		178	600028	303305	288	
Svetlograd		178	453274	428562	288	
Svetlyy		178	546750	201347	276	
Sviblovo		178	558500	376333	288	
Svobodnyy		178	513763	1281364	237	
Syktyvkar		178	616852	508082	288	
Sysert’		178	565017	608198	239	sysert'
Syzran		178	531585	484681	295	
Taganrog		178	472363	389053	288	
Taganskiy		178	557333	376667	288	
Talnakh		178	694865	883972	200	
Tambov		178	527317	414433	288	
Tara		178	568960	743694	212	
Tashtagol		178	527680	878880	210	
Tatarsk		178	552213	759815	211	
Tavda		178	580420	652716	239	
Tayga		178	560654	856218	210	
Tayshet		178	559328	979896	191	
Tbilisskaya		178	453645	401968	288	
Tekstil’shchiki		178	557003	377427	288	
Temryuk		178	452688	373975	288	
Terek		178	434833	441378	288	
Teykovo		178	568585	405403	288	
Tikhoretsk		178	458531	401187	288	
Tikhvin		178	596394	335297	288	
Timashyovsk		178	456169	389453	288	
Tobolsk		178	581981	682546	239	
Toguchin		178	552380	844028	211	
Tolyatti		178	535303	493461	295	
Tomilino		178	556562	379471	288	
Tomsk		178	565003	849820	232	
Topki		178	552770	856135	210	
Torzhok		178	570436	349622	288	
Tosno		178	595400	308775	288	
Troitsk		178	540922	615676	239	
Troitsk		178	554850	373074	288	
Troitskaya		178	433066	449840	288	
Troparëvo	troparevo	178	556562	374850	288	
Trëkhgornyy	trekhgornyy	178	548172	584475	239	
Tsaritsyno		178	556254	376503	288	
Tuapse		178	441008	390833	288	
Tula		178	541961	376182	288	
Tulun		178	545676	1005766	191	
Tutayev		178	578729	395297	288	
Tuymazy		178	546064	537118	239	
Tver		178	568584	359006	288	tver'
Tynda		178	551494	1247368	237	
Tyoply Stan		178	556205	374934	288	
Tyumen		178	571522	655272	239	
Uchaly		178	543581	594361	239	
Udomlya		178	578760	350070	288	
Ufa		178	547431	559678	239	
Uglich		178	575232	383226	288	
Ukhta		178	635690	536914	288	
Ulan-Ude		178	518272	1076063	191	
Ulyanovsk		178	543282	483866	305	
Unecha		178	528429	326876	288	
Untolovo		178	600122	302090	288	
Uray		178	601304	647890	239	
Uritsk		178	598389	301753	288	
Urus-Martan		178	431305	455379	288	
Uryupinsk		178	508060	420092	310	
Usinsk		178	660087	575305	288	
Usol’ye-Sibirskoye		178	527519	1036453	191	usolye-sibirskoye
Ussuriysk		178	438047	1319573	236	
Ust’-Dzheguta		178	440834	419763	288	ust'-dzheguta
Ust’-Ilimsk		178	580006	1026619	191	ust'-ilimsk
Ust’-Katav		178	549366	581757	239	ust'-katav
Ust’-Kut		178	567979	1057866	191	ust'-kut
Ust’-Labinsk		178	452144	396884	288	ust'-labinsk
Uvarovo		178	519820	422618	288	
Uzlovaya		178	539839	381598	288	
Vagonoremont		178	559000	375500	288	
Valuyki		178	501966	381167	288	
Vasyl'evsky Ostrov		178	599409	302538	288	
Vatutino		178	558844	376906	288	vatutine
Velikiy Novgorod		178	585213	312710	288	veliky novgorod
Velikiy Ustyug		178	607619	463135	288	
Velikiye Luki		178	563406	305438	288	
Vel’sk		178	610692	420992	288	velsk
Vereshchagino		178	580782	546565	239	
Verkhniy Ufaley		178	560549	602257	239	
Verkhnyaya Pyshma		178	569705	605822	239	
Verkhnyaya Salda		178	581915	606549	239	
Veshnyaki		178	557239	378195	288	
Vichuga		178	572145	419256	288	
Vidnoye		178	555523	377088	288	
Vikhorevka		178	561213	1011777	191	
Vilyuchinsk		178	529320	1584058	196	
Vladikavkaz		178	430367	446678	288	
Vladimir		178	561366	403966	288	
Vladivostok		178	431056	1318735	236	
Volgodonsk		178	475114	421527	288	
Volgograd		178	487194	445018	310	
Volkhov		178	599234	323397	288	
Vologda		178	592239	398840	288	
Volokolamsk		178	560336	359694	288	
Volzhsk		178	558666	483593	288	
Volzhsky		178	487858	447797	310	
Vol’sk		178	520417	473827	298	vol'sk
Vorkuta		178	675087	640667	288	
Vorob’yovo		178	557167	375333	288	
Voronezh		178	516720	391843	288	
Voskresensk		178	552909	386756	288	
Vostochnoe Degunino		178	558801	375576	288	
Vostryakovo		178	556667	374500	288	
Votkinsk		178	570487	539872	295	
Vsevolozhsk		178	600151	306731	288	
Vyatskiye Polyany		178	562291	510610	277	
Vyazniki		178	562423	421491	288	
Vyaz’ma		178	552100	342970	288	vyazma
Vyborg		178	607076	287528	288	
Vykhino-Zhulebino		178	557020	378118	288	
Vyksa		178	553206	421740	288	
Vyshniy Volochëk	vyshniy volochek	178	575888	345685	288	vyshny volochyok
Yablonovskiy		178	449890	389432	288	yablonovsky
Yagry		178	645942	398103	288	
Yakutsk		178	620339	1297331	237	
Yalutorovsk		178	566532	663005	239	
Yanaul		178	562723	549296	239	
Yaroslavl		178	576299	398737	288	
Yaroslavskiy		178	558833	377167	288	
Yarovoye		178	529266	785751	174	
Yartsevo		178	550649	326969	288	
Yasenevo		178	556069	375199	288	
Yefremov		178	531376	381186	288	
Yegor’yevsk		178	553795	390412	288	yegor'yevsk
Yekaterinburg		178	568519	606122	239	
Yelabuga		178	557613	520649	288	
Yelets		178	526144	385094	288	
Yelizovo		178	531894	1583828	196	
Yemanzhelinsk		178	547547	613208	239	
Yershov		178	513560	482727	298	
Yessentuki		178	440483	428564	288	
Yeysk		178	466926	382791	288	
Yoshkar-Ola		178	566388	478908	288	
Yubileyny		178	559333	378333	288	
Yugorsk		178	613123	633307	239	
Yurga		178	557231	848861	210	
Yushkovo		178	555574	369718	288	
Yuzhno-Sakhalinsk		178	469541	1427360	221	
Yuzhnoural’sk		178	544484	612643	239	yuzhnoural'sk
Zagor’ye		178	555766	376671	288	
Zainsk		178	553195	520694	288	
Zamoskvorech’ye		178	557333	376333	288	
Zaraysk		178	547633	388808	288	
Zarechnyy		178	532036	451923	288	
Zarechnyy		178	531333	465833	288	
Zarechnyy		178	568110	613254	239	
Zarinsk		178	537082	849431	174	
Zarya		178	557553	380958	288	
Zavodoukovsk		178	565033	665467	239	
Zavolzh’ye		178	566405	433945	288	zavolzh'ye
Zelenodolsk		178	558438	485178	288	
Zelenogorsk		178	561092	945870	200	
Zelenograd		178	559825	371814	288	
Zelenokumsk		178	444104	438801	288	
Zernograd		178	468486	403116	288	
Zeya		178	537359	1272560	237	
Zheleznodorozhnyy		178	557440	380168	288	
Zheleznogorsk		178	523420	353592	288	
Zheleznogorsk		178	562511	935314	200	
Zheleznogorsk-Ilimskiy		178	565766	1041297	191	
Zheleznovodsk		178	441432	430048	288	
Zhigulëvsk	zhigulevsk	178	534033	495106	295	
Zhukovsky		178	555953	381203	288	
Zhulebino		178	557000	378500	288	
Zima		178	539202	1020442	191	
Zlatoust		178	551718	596547	239	
Znamensk		178	485842	457338	259	
Zverevo		178	480271	401230	288	
Zyablikovo		178	556167	377667	288	
Zyuzino		178	556561	375685	288	
Bugarama		179	-26924	290077	28	
Bushekeri		179	-24195	290908	28	
Bushenge		179	-24421	289824	28	
Busogo		179	-15584	295434	28	
Butare		179	-25967	297394	28	
Byumba		179	-15763	300675	28	
Cyangugu		179	-24846	289075	28	
Cyato		179	-23871	291929	28	
Gihombo		179	-22190	292343	28	
Gisenyi		179	-17028	292564	28	
Gitarama		179	-20744	297567	28	
Kagano		179	-23429	290912	28	
Karambi		179	-23170	292441	28	
Karengera		179	-25169	290326	28	
Kayonza		179	-19509	305205	28	
Kibungo		179	-21597	305427	28	
Kibuye		179	-20603	293478	28	
Kigali		179	-19500	300588	28	
Kirambo		179	-23155	291415	28	
Kirimbi		179	-22647	291964	28	
Macuba		179	-22933	291877	28	
Muhanga		179	-20227	297069	28	
Musanze		179	-14998	296350	28	ruhengeri
Ndera		179	-19495	301697	28	
Ngororero		179	-18628	296254	28	
Nyabitekeli		179	-23541	290298	28	
Nyagatare		179	-12952	303226	28	
Nyamata		179	-22042	301449	28	
Nyanza		179	-23519	297509	28	
Nzega		179	-24790	295564	28	
Ruhango		179	-22246	297909	28	
Rwamagana		179	-19487	304347	28	
Shangi		179	-24036	290059	28	
Shyorongi		179	-18544	299624	28	
Gustavia		180	178962	-628498	149	
Jamestown		181	-159249	-57182	248	
Basseterre		182	172955	-627250	151	
Castries		183	139957	-610061	152	
Gros Islet		183	140667	-609500	152	
Marigot		184	180682	-630830	118	
Saint-Pierre		185	467791	-561773	124	
Calliaqua		186	131287	-611918	154	
Kingstown		186	131553	-612274	154	
Apia		187	-138333	-1717667	324	
San Marino		188	439367	124464	296	
São Tomé	sao tome	189	3376	67299	48	
Abha		190	182164	425053	220	
Abqaiq		190	259340	496688	220	
Abū ‘Arīsh	abu ‘arish	190	169689	428325	220	
Ad Dawādimī	ad dawadimi	190	245077	443924	220	
Ad Dilam		190	239910	471618	220	
Ad Dir‘īyah	ad dir‘iyah	190	247519	465387	220	
Afif		190	239065	429172	220	
Al Badā’i‘ al Wusţá	al bada’i‘ al wusta	190	259855	437366	220	
Al Bahah		190	200129	414677	220	
Al Bukayrīyah	al bukayriyah	190	261392	436578	220	
Al Hufūf	al hufuf	190	253647	495876	220	hofuf
Al Jubayl		190	270174	496225	220	jubail
Al Jumūm	al jumum	190	216195	396966	220	
Al Khafjī	al khafji	190	284390	484913	220	
Al Kharj		190	241554	473346	220	
Al Līth	al lith	190	201480	402722	220	
Al Mithnab		190	258601	442223	220	
Al Mubarraz		190	254077	495903	220	
Al Qaţīf	al qatif	190	265654	500089	220	
Al Wajh		190	262309	364649	220	
Al ‘Awwāmīyah	al ‘awwamiyah	190	265914	499795	220	
Al-`Ula		190	266085	379232	220	
An Nimas		190	191455	421201	220	
Ar Rass		190	258694	434973	220	
Arar		190	309753	410381	220	
As Sulayyil		190	204607	455779	220	
Ash Shafā	ash shafa	190	210727	403184	220	
Az Zulfī	az zulfi	190	262994	448154	220	
Aţ Ţaraf	at taraf	190	253623	497276	220	
Badr Ḩunayn	badr hunayn	190	237829	387905	220	
Bariq		190	189297	419295	220	
Buraydah		190	263260	439750	220	buraidah
Dammam		190	264344	501033	220	
Dhahran		190	262886	501140	220	
Duba		190	273513	356901	220	
Fayfā’	fayfa’	190	172806	431374	220	
Ha'il		190	275219	416907	220	
Hafar Al-Batin		190	284328	459708	220	
Jeddah		190	214901	391862	220	
Jizan		190	168892	425511	220	
Khamis Mushait		190	183000	427333	220	
Khobar		190	262794	502083	220	
Laylá	layla	190	222921	467238	220	
Madinah		190	244686	396142	220	medina
Makkah		190	214266	398256	220	mecca
Najrān	najran	190	174933	441277	220	
Qal‘at Bīshah	qal‘at bishah	190	200005	426052	220	
Qurayyat		190	313318	373428	220	
Raḩīmah	rahimah	190	267079	500619	220	
Riyadh		190	246877	467219	220	
Riyāḑ al Khabrā’	riyad al khabra’	190	260667	435534	220	
Rumāḩ	rumah	190	255639	471641	220	
Rābigh	rabigh	190	227986	390349	220	
Sabt Alalayah		190	195773	419636	220	sabt al alaya
Sakakah		190	299697	402064	220	
Sayhāt	sayhat	190	264834	500485	220	
Shaqra		190	252402	452510	220	
Sulţānah	sultanah	190	244926	395857	220	
Tabuk		190	283998	365715	220	
Ta’if		190	212703	404158	220	ta'if
Thuqbah		190	262602	502049	220	
Thuwal		190	222827	391124	220	
Turabah		190	212141	416331	220	
Turaif		190	316725	386637	220	
Turubah		190	282585	429246	220	
Tārūt	tarut	190	265733	500403	220	
Umluj		190	250213	372685	220	
Unaizah		190	261000	440000	220	
Yanbu		190	240895	380618	220	
Şabyā	sabya	190	171495	426254	220	
Şafwá	safwa	190	266497	499552	220	
Şāmitah	samitah	190	165960	429444	220	
Ţubarjal	tubarjal	190	304999	382160	220	
‘Irqah		190	246803	466111	220	
Bambey		191	147007	-164591	16	
Bargny		191	146971	-172301	16	
Bargny Guèdj	bargny guedj	191	146870	-172281	16	
Bargny Ngoude		191	146941	-172353	16	
Bignona		191	128103	-162264	16	
Dagana		191	164767	-156000	16	
Dakar		191	146937	-174441	16	
Dara		191	153484	-154799	16	dahra
Diamniadio		191	147205	-171816	16	
Diaoubé	diaoube	191	129167	-141667	16	
Diourbel		191	146479	-162436	16	
Dougnane		191	149586	-168700	16	
Fatick		191	143324	-164051	16	
Guédiawaye	guediawaye	191	147745	-174021	16	
Jaxaay Parcelle Niakoul Rap		191	147747	-172802	16	
Joal		191	141731	-168493	16	
Kaffrine		191	141059	-155508	16	
Kahone		191	141584	-160357	16	
Kaolack		191	141520	-160726	16	
Kayar		191	149189	-171198	16	
Kolda		191	128939	-149412	16	
Koungheul		191	139833	-148000	16	
Kédougou	kedougou	191	125556	-121808	16	
Le Plateau		191	146622	-174397	16	
Louga		191	156187	-162244	16	
Matam		191	156559	-132554	16	
Mbaké	mbake	191	147903	-159080	16	mbacke
Mboro		191	151405	-168868	16	
Mbour		191	144220	-169638	16	
Médina Gounas	medina gounas	191	131361	-137557	16	
Mékhé	mekhe	191	151097	-166218	16	
Méri Mbaké	meri mbake	191	147500	-159167	16	
Ndibène Dahra	ndibene dahra	191	153338	-154766	16	
Nguékhokh	nguekhokh	191	145126	-170045	16	
Niakoul Rab		191	147842	-172736	16	
N’diareme limamoulaye		191	147815	-173841	16	
Ouro Sogui		191	156059	-133223	16	
Pikine		191	147646	-173907	16	
Poukham Un		191	143575	-164124	16	
Pout		191	147710	-170611	16	
Richard-Toll		191	164625	-157008	16	
Rufisque		191	147154	-172733	16	
Rufisque est		191	147162	-172728	16	
Saint-Louis		191	160179	-164896	16	
Sali		191	144411	-170194	16	
Sébikhotane	sebikhotane	191	147452	-171378	16	sebikotane
Sédhiou	sedhiou	191	127081	-155569	16	
Tambacounda		191	137707	-136673	16	
Thiès	thies	191	147894	-169260	16	
Thiès Nones	thies nones	191	147833	-169667	16	
Tivaouane		191	149519	-168152	16	
Tiébo	tiebo	191	146333	-162333	16	
Touba		191	148500	-158833	16	
Vélingara	velingara	191	131500	-141167	16	
Ziguinchor		191	125680	-162733	16	
Aranđelovac	arandelovac	192	443069	205600	261	
Bačka Palanka	backa palanka	192	452497	193966	261	
Belgrade		192	448040	204651	261	
Bečej	becej	192	456163	200333	261	
Bor		192	440749	220959	261	
Gornji Milanovac		192	440260	204615	261	
Inđija	indija	192	450482	200816	261	indjija
Jagodina		192	439771	212612	261	
Kikinda		192	458297	204653	261	
Knjazevac		192	435663	222570	261	
Kragujevac		192	440167	209167	261	
Kraljevo		192	437258	206894	261	
Kruševac	krusevac	192	435800	213339	261	
Lazarevac		192	443853	202557	261	
Leskovac		192	429981	219461	261	
Niš	nis	192	433247	219033	261	
Novi Pazar		192	431367	205122	261	
Novi Sad		192	452517	198369	261	
Pančevo	pancevo	192	448718	206417	261	
Pirot		192	431531	225861	261	
Požarevac	pozarevac	192	446213	211878	261	
Prokuplje		192	432342	215881	261	
Ruma		192	450081	198222	261	
Smederevo		192	446644	209276	261	
Smederevska Palanka		192	443655	209589	261	
Sombor		192	457742	191122	261	
Sremska Mitrovica		192	449764	196122	261	
Sremčica	sremcica	192	446765	203923	261	
Subotica		192	461000	196667	261	
Trstenik		192	436169	210025	261	
Užice	uzice	192	438586	198488	261	
Valjevo		192	442751	198982	261	
Vranje		192	425514	219003	261	
Vrbas		192	455714	196408	261	
Vršac	vrsac	192	451167	213036	261	
Zaječar	zajecar	192	439036	222640	261	
Zemun		192	448458	204012	261	
Zrenjanin		192	453836	203819	261	
Čačak	cacak	192	438914	203497	261	
Šabac	sabac	192	447467	196900	261	
Victoria		193	-46200	554550	319	
Bo		194	79647	-117383	21	
Freetown		194	84871	-132356	21	
Goderich		194	84276	-132860	21	
Kenema		194	78769	-111902	21	
Koidu		194	86439	-109714	21	
Lunsar		194	86844	-125350	21	
Makeni		194	88860	-120442	21	
Njala		194	82323	-120156	21	
Port Loko		194	87661	-127870	21	
Waterloo		194	83389	-130709	21	
Anak Bukit		195	13407	1037730	225	
Ang Mo Kio New Town		195	13803	1038397	225	
Bedok New Town		195	13264	1039417	225	
Bishan New Town		195	13504	1038488	225	
Bukit Batok New Town		195	13590	1037637	225	
Bukit Merah Estate		195	12842	1038231	225	
Bukit Panjang New Town		195	13797	1037647	225	
Bukit Timah		195	13280	1037910	225	
Choa Chu Kang New Town		195	13825	1037497	225	
Clementi Housing Estate		195	13158	1037647	225	
Eunos		195	13225	1038982	225	
Fajar		195	13844	1037706	225	
Geylang		195	13195	1038869	225	
Hong Kah		195	13594	1037228	225	
Hougang New Town		195	13567	1038908	225	
Jelebu		195	13795	1037629	225	
Jurong East		195	13289	1037399	225	
Jurong Town		195	13342	1037228	225	
Jurong West		195	13503	1037228	225	
Kaki Bukit Estate		195	13375	1039092	225	
Kallang		195	13333	1038667	225	
Kampong Pasir Ris		195	13783	1039319	225	
Kangkar		195	13761	1039017	225	
Keat Hong Village		195	13778	1037442	225	
Kembangan		195	13223	1039114	225	
MacPherson		195	13271	1038841	225	
Margaret Drive		195	12968	1038084	225	
Marine Parade		195	13031	1039078	225	
Marsiling		195	14325	1037741	225	
Matilda Estate		195	13994	1039028	225	
Novena		195	13170	1038438	225	
Pasir Ris New Town		195	13722	1039478	225	
Peng Siang		195	13800	1037407	225	
Punggol		195	14144	1039069	225	
Queenstown Estate		195	12942	1038025	225	
Saujana		195	13825	1037679	225	
Sembawang Estate		195	14508	1038286	225	
Sengkang New Town		195	13917	1038944	225	
Senja		195	13852	1037607	225	
Serangoon		195	13628	1038975	225	
Serangoon Garden		195	13639	1038575	225	
Serangoon New Town		195	13508	1038708	225	
Simei New Town		195	13411	1039561	225	
Singapore		195	12897	1038501	225	
Tampines Estate		195	13581	1039403	225	
Tampines New Town		195	13492	1039497	225	
Tanglin		195	13167	1038167	225	
Teck Whye		195	13803	1037520	225	
Thomson		195	13492	1038436	225	
Toa Payoh New Town		195	13361	1038500	225	
Ulu Bedok		195	13333	1039333	225	
Woodlands		195	14380	1037888	225	
Yew Tee		195	13966	1037474	225	
Yio Chu Kang		195	13911	1038514	225	
Yishun New Town		195	14333	1038311	225	
Philipsburg		196	180260	-630458	114	
Banská Bystrica	banska bystrica	197	487395	191535	263	
Bardejov		197	492918	212727	263	
Bratislava		197	481482	171067	263	
Brezno		197	488043	196363	263	
Dlhé diely	dlhe diely	197	481545	170461	263	
Dubnica nad Váhom	dubnica nad vahom	197	489598	181663	263	
Dunajská Streda	dunajska streda	197	479927	176121	263	
Dúbravka	dubravka	197	481887	170352	263	
Hlohovec		197	484317	178031	263	
Humenné	humenne	197	489371	219163	263	
Karlova Ves		197	481534	170552	263	
Komárno	komarno	197	477636	181226	263	
Košice	kosice	197	487139	212581	263	
Levice		197	482156	186070	263	
Liptovský Mikuláš	liptovsky mikulas	197	490806	196222	263	
Lučenec	lucenec	197	483325	196671	263	
Martin		197	490665	189240	263	
Michalovce		197	487543	219195	263	
Nitra		197	483076	180845	263	
Nové Zámky	nove zamky	197	479854	181620	263	
Partizánske	partizanske	197	486286	183846	263	
Petržalka	petrzalka	197	481233	171287	263	
Pezinok		197	482899	172666	263	
Piešťany	piestany	197	485948	178259	263	
Podunajské Biskupice	podunajske biskupice	197	481325	172096	263	
Poprad		197	490614	202980	263	
Považská Bystrica	povazska bystrica	197	491215	184217	263	
Prešov	presov	197	489984	212339	263	
Prievidza		197	487745	186275	263	
Rimavská Sobota	rimavska sobota	197	483828	200224	263	
Ružomberok	ruzomberok	197	490748	193075	263	
Senica		197	486792	173670	263	
Snina		197	489886	221510	263	
Spišská Nová Ves	spisska nova ves	197	489446	205615	263	
Staré Mesto	stare mesto	197	481504	170900	263	old town
Trebišov	trebisov	197	486286	217195	263	
Trenčín	trencin	197	488945	180444	263	
Trnava		197	483774	175872	263	
Vranov nad Topľou	vranov nad toplou	197	488884	216848	263	
Zvolen		197	485744	191532	263	
Čadca	cadca	197	494350	187890	263	
Šaľa	sala	197	481513	178806	263	
Žilina	zilina	197	492231	187394	263	
Celje		198	462309	152604	280	
Koper		198	455469	137294	280	
Kranj		198	462389	143556	280	
Ljubljana		198	460511	145051	280	
Maribor		198	465547	156467	280	
Novo Mesto		198	458040	151689	280	
Ptuj		198	464201	158702	280	
Trbovlje		198	461550	150533	280	
Velenje		198	463592	151103	280	
Honiara		199	-94333	1599500	330	
Afgooye		200	21381	451212	40	
Baardheere		200	23446	422764	40	
Baidoa		200	31138	436498	40	
Balanbale		200	57690	457630	2	
Beled Hawo		200	39284	418800	40	
Beledweyne		200	47358	452036	40	
Berbera		200	104396	450143	40	
Borama		200	99361	431828	40	boorama
Bosaso		200	112842	491816	40	
Burao		200	95221	455336	40	
Buurhakaba		200	28026	440780	40	
Cabudwaaq		200	62458	462247	2	
Ceeldheer		200	38488	471806	40	
Ceerigaabo		200	106162	473680	40	erigavo
Dhabad		200	64317	464619	40	
Gaalkacyo		200	67697	474308	40	
Garoowe		200	84021	484828	40	
Gebiley		200	97003	436244	40	
Hargeysa		200	95600	440650	40	hargeisa
Jamaame		200	697	427450	40	
Jawhar		200	27809	455005	40	giohar
Jilib		200	4883	427854	40	
Kismayo		200	-3582	425454	40	
Laascaanood		200	84774	473597	40	las anod
Luuq		200	38032	425442	40	
Marka		200	17159	447717	40	merca
Mogadishu		200	20371	453438	40	
Qoryooley		200	17878	445300	40	
Ruqi		200	99729	434276	40	
Saaxo		200	67729	467969	40	
Tog Wajaale		200	95997	433350	40	
Wanlaweyn		200	26185	448938	40	
Alberton		201	-262679	281222	24	
Alexandra		201	-261053	280988	24	
Aliwal North		201	-306937	267114	24	
Allanridge		201	-277543	266438	24	
Amandelbult		201	-248181	272966	24	
Athlone		201	-339672	185021	24	
Atlantis		201	-335667	184834	24	
Balfour		201	-266633	285902	24	
Ballitoville		201	-295390	312144	24	
Barberton		201	-257884	310532	24	
Beaufort West		201	-323567	225830	24	
Bela Bela		201	-248833	282833	24	
Benoni		201	-261885	283208	24	
Bethal		201	-264579	294655	24	
Bethlehem		201	-282308	283071	24	
Bhisho		201	-328472	274422	24	
Bloemfontein		201	-291211	262140	24	
Bloemhof		201	-276468	256070	24	
Boksburg		201	-262120	282596	24	
Bothaville		201	-273887	266170	24	
Botshabelo		201	-292674	267260	24	
Brakpan		201	-262366	283694	24	
Brits		201	-256347	277802	24	
Bronkhorstspruit		201	-258102	287425	24	
Bultfontein		201	-282876	261500	24	
Butterworth		201	-323308	281498	24	
Cape Town		201	-339258	184232	24	
Carletonville		201	-263609	273977	24	
Centurion		201	-258589	281858	24	
Ceres		201	-333689	193109	24	
Christiana		201	-279140	251611	24	
Cradock		201	-321642	256192	24	
Cullinan		201	-256709	285236	24	
De Aar		201	-306497	240123	24	
Delmas		201	-261466	286832	24	
Deneysville		201	-268908	280971	24	
Diepsloot		201	-259331	280121	24	
Dimbaza		201	-328348	272174	24	
Driefontein		201	-269650	304357	24	
Duiwelskloof		201	-236934	301400	24	
Dundee		201	-281668	302337	24	
Durban		201	-298579	310292	24	
Dwarsloop		201	-247946	311028	24	
East London		201	-330153	279116	24	
Edenvale		201	-261410	281525	24	
Ekangala		201	-256680	287300	24	
Emalahleni		201	-258713	292332	24	
Empangeni		201	-287620	318933	24	
Ermelo		201	-265333	299833	24	
Estcourt		201	-290127	298662	24	
Etwatwa		201	-261252	284547	24	
Evaton		201	-265333	278500	24	
Ficksburg		201	-288720	278751	24	
Fochville		201	-264886	274939	24	
Folweni		201	-299957	308072	24	
Fort Beaufort		201	-327748	266338	24	
Frankfort		201	-272789	284970	24	
Ga-Rankuwa		201	-256169	279947	24	
George		201	-339630	224617	24	
Giyani		201	-233025	307187	24	
Gonubie		201	-329443	280150	24	
Graaff Reinet		201	-322522	245308	24	
Grabouw		201	-341515	190151	24	
Grahamstown		201	-333042	265328	24	makhanda
Greytown		201	-290642	305928	24	
Hammanskraal		201	-254089	282870	24	
Harrismith		201	-282728	291295	24	
Hartbeesfontein		201	-267657	264202	24	
Hartbeespoort		201	-257287	278700	24	
Hartbeestfontein-A		201	-254414	275111	24	
Heidelberg		201	-265048	283592	24	
Heilbron		201	-272812	279709	24	
Hendrina		201	-261588	297153	24	
Hennenman		201	-279765	270242	24	
Hermanus		201	-344187	192345	24	
Howick		201	-294780	302306	24	
Humansdorp		201	-340290	247691	24	
Itsoseng		201	-260816	258812	24	
Ivory Park		201	-259957	281971	24	
Jeffreys Bay		201	-340453	249215	24	
Johannesburg		201	-262023	280436	24	
Kamaqhekeza		201	-256703	318629	24	
Kariega		201	-337556	254007	24	uitenhage
Kimberley		201	-287323	247623	24	
Klerksdorp		201	-268521	266667	24	
Knysna		201	-340363	230471	24	
Kokstad		201	-305472	294241	24	
Koster		201	-258630	268976	24	
Kraaifontein		201	-338481	187172	24	
Kroonstad		201	-276504	272349	24	
Krugersdorp		201	-260858	277752	24	
Kutloanong		201	-278333	267500	24	
KwaDukuza		201	-293282	312895	24	
Kwaggafontein		201	-253273	289422	24	
Lady Frere		201	-317031	272329	24	
Ladybrand		201	-291945	274574	24	
Ladysmith		201	-285587	297790	24	
Lebohang		201	-263794	289211	24	
Lebowakgomo		201	-243146	295008	24	
Leslie		201	-263674	289189	24	
Letlhabile		201	-254824	278392	24	
Lichtenburg		201	-261520	261597	24	
Louis Trichardt		201	-230438	299032	24	
Lukwatini		201	-260550	308229	24	
Lydenburg		201	-250960	304439	24	
Mabopane		201	-255090	280640	24	
Mafikeng		201	-258652	256442	24	mahikeng
Malmesbury		201	-334608	187271	24	
Mandeni		201	-291469	314140	24	
Mankweng		201	-238838	297056	24	
Marapong		201	-236551	276250	24	
Margate		201	-308636	303705	24	
Marikana		201	-256990	274748	24	
Matsulu		201	-255230	313569	24	
Mbombela		201	-254751	309694	24	
Mdantsane		201	-329332	277766	24	
Middelburg		201	-257751	294648	24	
Middelburg		201	-314928	250063	24	
Midrand		201	-259760	281180	24	
Midstream		201	-259185	281988	24	
Mkhuhlu		201	-249878	312385	24	
Mmabatho		201	-258500	256333	24	
Modimolle		201	-247000	284000	24	
Mokopane		201	-241944	290097	24	
Moloto South		201	-254628	286504	24	
Mondlo		201	-279830	307177	24	
Mooi River		201	-292082	299946	24	
Mookgophong		201	-245167	287167	24	
Mossel Bay		201	-341831	221460	24	
Mpophomeni		201	-295682	301862	24	
Mpumalanga		201	-298129	306365	24	
Mthatha		201	-315889	287844	24	
Mtubatuba		201	-284179	321848	24	
Musina		201	-223488	300407	24	
Newcastle		201	-277580	299318	24	
Nhlazatje		201	-260403	307927	24	
Nigel		201	-264314	284771	24	
Nkowakowa		201	-238878	302871	24	
Ntuzuma		201	-297390	309490	24	
Odendaalsrus		201	-278739	266907	24	
Orkney		201	-269802	266727	24	
Ottosdal		201	-268091	260054	24	
Oudtshoorn		201	-336005	221996	24	
Paarl		201	-337338	189752	24	
Pampierstad		201	-277832	246877	24	
Parys		201	-269033	274573	24	
Phalaborwa		201	-239430	311411	24	
Phola		201	-260020	290340	24	
Phomolong		201	-280127	270823	24	
Phuthaditjhaba		201	-285242	288158	24	
Piet Retief		201	-270071	308132	24	
Pietermaritzburg		201	-296168	303928	24	
Pinetown		201	-298207	308867	24	
Plettenberg Bay		201	-340527	233716	24	
Polokwane		201	-239045	294688	24	
Port Alfred		201	-335860	268833	24	
Port Elizabeth		201	-339611	256149	24	
Port Shepstone		201	-307414	304550	24	
Postmasburg		201	-283339	230654	24	
Potchefstroom		201	-267167	271000	24	
Praktiseer		201	-245840	303168	24	
Pretoria		201	-257449	281878	24	
Qonce		201	-328808	273938	24	
Queenstown		201	-318976	268753	24	
Randburg		201	-260941	280012	24	
Randfontein		201	-261844	277020	24	
Redhill		201	-262607	308254	24	
Reitz		201	-278014	284273	24	
Retreat		201	-340552	184762	24	
Richards Bay		201	-287830	320377	24	
Richmond		201	-298720	302724	24	
Robertson		201	-338034	198854	24	
Roodepoort		201	-261625	278725	24	
Rustenburg		201	-256676	272421	24	
Saldanha		201	-330117	179442	24	
Sasolburg		201	-268136	278170	24	
Schweizer-Reneke		201	-271887	253293	24	
Scottburgh		201	-302867	307532	24	
Senekal		201	-283197	276208	24	
Shakaskraal		201	-294493	312153	24	
Siyabuswa		201	-251132	290445	24	
Somaroboro		201	-253460	288343	24	
Somerset East		201	-327217	255880	24	
Somerset West		201	-340840	188211	24	
Soshanguve		201	-254729	280992	24	
Soweto		201	-262678	278585	24	
Springs		201	-262500	284000	24	
Standerton		201	-269337	292415	24	
Stellenbosch		201	-339346	188668	24	
Stilfontein		201	-268449	267683	24	
Stutterheim		201	-325708	274240	24	
Thaba Nchu		201	-292093	268390	24	
Thabazimbi		201	-245916	274116	24	
Thembisa		201	-259964	282268	24	
Theunissen		201	-284110	267011	24	
Thohoyandou		201	-229456	304850	24	
Tokoza		201	-263600	281290	24	
Tongaat		201	-295737	311155	24	
Trichardt		201	-264916	292288	24	
Ulundi		201	-283352	314162	24	
Upington		201	-284478	212561	24	
Vanderbijlpark		201	-267117	278380	24	
Ventersdorp		201	-263140	268222	24	
Vereeniging		201	-266731	279262	24	
Verena		201	-254825	290276	24	
Viljoenskroon		201	-272084	269486	24	
Virginia		201	-281039	268659	24	
Volksrust		201	-273654	298818	24	
Vrede		201	-274257	291658	24	
Vredenburg		201	-329072	179900	24	
Vredendal		201	-316683	185012	24	
Vryburg		201	-269566	247284	24	
Vryheid		201	-277695	307916	24	
Welkom		201	-279774	267351	24	
Wellington		201	-336398	190112	24	
Wembesi		201	-290491	297823	24	
Wesselsbron		201	-278549	263658	24	
Westonaria		201	-263190	276486	24	
White River		201	-253318	310117	24	
Whittlesea		201	-321759	268244	24	
Wolmaransstad		201	-271974	259831	24	
Worcester		201	-336465	194485	24	
eMbalenhle		201	-265333	290667	24	
eSikhaleni		201	-288710	318996	24	
Grytviken		202	-542811	-365092	247	
Andong		203	365664	1287228	223	
Ansan-si		203	373236	1268219	223	
Anseong		203	370108	1272703	223	
Anyang-si		203	373925	1269269	223	
Asan		203	367836	1270042	223	
Boryeong		203	363493	1265977	223	
Boseong		203	347715	1270800	223	
Bucheon-si		203	374989	1267831	223	
Busan		203	351017	1290300	223	
Buyeo		203	362747	1269091	223	
Changnyeong		203	355414	1284951	223	
Changsu		203	356484	1275152	223	
Changwon		203	352281	1286811	223	
Cheonan		203	368065	1271522	223	
Cheongju-si		203	366372	1274897	223	
Cheongsong gun		203	364335	1290570	223	
Chinch'ŏn	chinch'on	203	368567	1274433	223	
Chinju		203	351928	1280847	223	jinju
Chuncheon		203	378747	1277342	223	
Chungju		203	369767	1279287	223	
Daegu		203	358703	1285911	223	
Daejeon		203	363491	1273849	223	
Damyang		203	353189	1269839	223	
Donghae City		203	375439	1291069	223	
Eisen		203	359675	1289308	223	
Gaigeturi		203	334644	1263183	223	
Ganghwa-gun		203	377472	1264856	223	
Gangneung		203	377527	1288724	223	
Gapyeong		203	378310	1275106	223	gapyeong county
Gijang		203	352442	1292139	223	
Gimcheon		203	361218	1281198	223	
Gongju		203	364556	1271247	223	
Goseong		203	349763	1283236	223	
Goyang-si		203	376564	1268350	223	
Gumi		203	361136	1283360	223	
Gunpo		203	373675	1269469	223	
Gunsan		203	359786	1267114	223	
Guri-si		203	375986	1271394	223	
Gwangju		203	351547	1269156	223	
Gwangju		203	374100	1272572	223	
Gwangmyeong		203	374772	1268664	223	
Gwangyang		203	349414	1276957	223	
Gyeongju		203	358428	1292117	223	
Gyeongsan-si		203	358233	1287378	223	
Haenam		203	345711	1265989	223	
Hanam		203	375400	1272056	223	
Hayang		203	359133	1288200	223	
Heunghae		203	361094	1293452	223	
Hongch’ŏn	hongch’on	203	376918	1278857	223	
Hongseong		203	366009	1266650	223	
Hwacheon		203	381070	1277063	223	
Hwado		203	376525	1273075	223	
Hwaseong-si		203	372068	1268169	223	
Hwasun		203	350612	1269875	223	
Hwawŏn	hwawon	203	358017	1285008	223	
Icheon-si		203	372792	1274425	223	
Iksan		203	359439	1269544	223	
Imsil		203	356131	1272794	223	
Incheon		203	374565	1267052	223	
Jangheung		203	346816	1269069	223	
Jangseong		203	352978	1267844	223	
Jeju City		203	335097	1265219	223	
Jeongeup		203	356000	1269170	223	
Jeonju		203	358219	1271489	223	
Jinan-gun		203	357917	1274253	223	
Kimhae		203	352342	1288811	223	gimhae
Kimje		203	358017	1268889	223	
Kinzan		203	361031	1274889	223	
Koch'ang		203	354333	1267000	223	
Koesan		203	368108	1277947	223	
Kosong		203	383788	1284676	223	
Kunwi		203	362347	1285728	223	
Kurye		203	352094	1274644	223	
Kwangyang		203	349753	1275892	223	
Kyosai		203	348503	1285886	223	
Masan		203	351272	1268315	223	
Miryang		203	354933	1287489	223	
Mokpo		203	348128	1263918	223	
Muan		203	349901	1264790	223	
Mungyeong		203	365946	1281995	223	
Munsan		203	378594	1267850	223	
Naesŏ	naeso	203	352497	1285200	223	
Naju		203	350292	1267175	223	
Namsa		203	359333	1270500	223	
Namyangju		203	376367	1272142	223	
Nangen		203	354100	1273858	223	namwon
Neietsu		203	371845	1284682	223	
Nonsan		203	362039	1270847	223	
Okcheon		203	363012	1275680	223	
Osan		203	371522	1270706	223	
Pohang		203	360292	1293648	223	
Puan		203	357281	1267319	223	
Pubal		203	372917	1275078	223	
Pyeongtaek		203	369947	1270889	223	pyeongtaek-si
Sangju		203	364153	1281606	223	
Santyoku		203	374406	1291708	223	samcheok
Sejong		203	365924	1272922	223	
Seogwipo		203	332533	1265618	223	
Seonghwan		203	369156	1271314	223	
Seongnam-si		203	374386	1271378	223	
Seosan		203	367817	1264522	223	seosan city
Seoul		203	375660	1269784	223	
Sinan		203	348262	1261086	223	
Sinhyeon		203	348825	1286267	223	
Sokcho		203	382070	1285918	223	
Suncheon		203	349505	1274878	223	
Suwon		203	372911	1270089	223	
Taesal-li		203	369714	1264542	223	
Tangjin		203	368944	1266297	223	
T’aebaek		203	371759	1289889	223	
Uijeongbu-si		203	377415	1270474	223	
Uiwang		203	373653	1269478	223	
Ulsan		203	355372	1293167	223	
Ungsang		203	354061	1291686	223	
Wabu		203	375897	1272203	223	
Waegwan		203	359925	1283978	223	chilgok
Wanju		203	358451	1271475	223	
Wŏnju	wonju	203	373514	1279453	223	
Yanggu		203	381058	1279894	223	
Yangju		203	378331	1270617	223	
Yangp'yŏng	yangp'yong	203	374897	1274906	223	yangpyeong
Yangsan		203	353420	1290336	223	
Yecheon		203	366574	1284551	223	
Yeoju		203	372958	1276339	223	
Yeongam		203	348006	1266967	223	
Yeongdong		203	361750	1277764	223	
Yeongju		203	368217	1286308	223	
Yeonil		203	360045	1293185	223	
Yeosu		203	347606	1276622	223	
Yesan		203	366776	1268427	223	
Yŏnmu	yonmu	203	361294	1271000	223	
Aweil		204	87619	273919	25	
Bor		204	62089	315586	25	
Gogrial		204	85332	281004	25	
Juba		204	48516	315825	25	
Kuacjok		204	83028	279800	25	
Malakal		204	95334	316605	25	
Pajok		204	38651	324821	25	parjok
Rumbek		204	68062	296774	25	
Wau		204	77011	279897	25	
Winejok		204	90122	275708	25	
Yambio		204	45708	283942	25	
Yei		204	40944	306764	25	
A Coruña	a coruna	205	433714	-83960	283	
Abrantes		205	403790	-37262	283	
Acacias		205	404011	-37073	283	
Adeje		205	281227	-167260	242	
Adra		205	367483	-30208	283	
Agüimes	aguimes	205	279054	-154461	242	
Alaquàs	alaquas	205	394557	-4610	283	
Albacete		205	389942	-18564	283	
Alboraya		205	395000	-3500	283	
Alcalá de Guadaira	alcala de guadaira	205	373379	-58395	283	
Alcalá de Henares	alcala de henares	205	404820	-33600	283	
Alcalá la Real	alcala la real	205	374614	-39230	283	
Alcantarilla		205	379694	-12171	283	
Alcobendas		205	405475	-36420	283	
Alcorcón	alcorcon	205	403458	-38249	283	
Alcoy		205	387054	-4743	283	
Alcázar de San Juan	alcazar de san juan	205	393901	-32083	283	
Aldaia		205	394657	-4600	283	
Algeciras		205	361333	-54505	283	
Algemesí	algemesi	205	391904	-4357	283	
Algorta		205	433493	-30094	283	
Alhaurín de la Torre	alhaurin de la torre	205	366640	-45614	283	
Alhaurín el Grande	alhaurin el grande	205	366430	-46873	283	
Alicante		205	383452	-4815	283	
Almansa		205	388692	-10971	283	
Almassora		205	399473	-631	283	
Almenara		205	404707	-36943	283	
Almendralejo		205	386832	-64075	283	
Almendrales		205	403837	-36993	283	
Almería	almeria	205	368381	-24597	283	
Almonte		205	372647	-65167	283	
Almozara		205	416612	-9017	283	
Almuñécar	almunecar	205	367339	-36907	283	
Altea		205	385988	-515	283	
Aluche		205	403919	-37567	283	
Alzira		205	391500	-4333	283	
Amposta		205	407100	5786	283	
Andújar	andujar	205	380392	-40508	283	
Antequera		205	370194	-45612	283	
Aranda de Duero		205	416704	-36892	283	
Aranjuez		205	400311	-36025	283	
Arapiles		205	404344	-37080	283	
Aravaca		205	404577	-37828	283	
Arcos		205	404212	-36176	283	
Arcos de la Frontera		205	367507	-58106	283	
Arganda		205	403008	-34372	283	
Arganzuela		205	404002	-36962	283	
Argüelles	arguelles	205	404282	-37178	283	
Armilla		205	371439	-36253	283	
Arona		205	280996	-166810	242	
Arrasate / Mondragón	arrasate / mondragon	205	430644	-24898	283	
Arrecife		205	289630	-135477	242	
Arroyomolinos		205	402695	-39195	283	
Arteixo		205	433048	-85075	283	
Arucas		205	281198	-155232	242	
Atamaría	atamaria	205	375999	-8068	283	
Avilés	aviles	205	435547	-59248	283	
Azuqueca de Henares		205	405657	-32675	283	
Badajoz		205	388779	-69706	283	
Badalona		205	414500	22474	283	
Barajas de Madrid		205	404737	-35778	283	
Barakaldo		205	432964	-29881	283	
Barbate		205	361924	-59219	283	
Barberà del Vallès	barbera del valles	205	415159	21246	283	
Barcelona		205	413888	21590	283	
Barri Gòtic	barri gotic	205	413836	21763	283	gothic quarter
Barri de Sant Andreu		205	414369	21902	283	
Barri de les Corts		205	413870	21347	283	
Basauri		205	432397	-28858	283	
Baza		205	374907	-27726	283	
Bellas Vistas		205	404524	-37076	283	
Benalmádena	benalmadena	205	365961	-45727	283	
Benicarló	benicarlo	205	404165	4271	283	
Benidorm		205	385382	-1310	283	
Berruguete		205	404596	-37050	283	
Bilbao		205	432627	-29253	283	
Blanes		205	416742	27904	283	
Boadilla del Monte		205	404050	-38784	283	
Buenavista		205	403671	-37461	283	
Burgos		205	423411	-37018	283	
Burjassot		205	395098	-4133	283	
Burriana		205	398890	-850	283	
Butarque		205	403372	-36763	283	
Cabra		205	374725	-44421	283	
Cadiz		205	365267	-62891	283	
Calafell		205	412000	15683	283	
Calahorra		205	423051	-19652	283	
Calp		205	386447	445	283	calpe
Calvià	calvia	205	395657	25062	283	
Camargo		205	434074	-38850	283	
Camas		205	374020	-60331	283	
Cambre		205	432944	-83474	283	
Cambrils		205	410700	10595	283	
Campiña	campina	205	382190	-29807	283	
Candelaria		205	283548	-163727	242	
Cangas do Morrazo		205	422641	-87846	283	
Canillas		205	404640	-36362	283	
Canillejas		205	404484	-36085	283	
Carabanchel		205	403909	-37242	283	
Caravaca		205	381056	-18634	283	
Carballo		205	432130	-86910	283	
Carcaixent		205	391218	-4481	283	
Carmona		205	374712	-56461	283	
Carrizal		205	279116	-154056	242	
Cartagena		205	376020	-9840	283	
Casco Histórico de Vallecas	casco historico de vallecas	205	403485	-36162	283	
Casco Histórico de Vicálvaro	casco historico de vicalvaro	205	403924	-35702	283	
Castellar del Vallès	castellar del valles	205	416167	20833	283	
Castelldefels		205	412779	19703	283	
Castelló de la Plana	castello de la plana	205	399857	-494	283	castellon
Castro-Urdiales		205	433828	-32204	283	castro urdiales
Catarroja		205	394000	-4000	283	
Cerdanyola del Vallès	cerdanyola del valles	205	414911	21408	283	
Ceuta		205	358892	-53204	283	
Chamartín	chamartin	205	404621	-36766	283	
Chamberí	chamberi	205	404340	-37038	283	
Chiclana de la Frontera		205	364198	-61437	283	
Ciempozuelos		205	401591	-36210	283	
Cieza		205	382400	-14199	283	
Ciudad Lineal		205	404450	-36513	283	
Ciudad Real		205	389863	-39291	283	
Ciutadella		205	400011	38414	283	
Ciutat Vella		205	413802	21732	283	
Collado-Villalba		205	406351	-40049	283	collado villalba
Colmenar Viejo		205	406591	-37676	283	
Comillas		205	403935	-37120	283	
Conil de la Frontera		205	362772	-60885	283	
Coria del Río	coria del rio	205	372877	-60541	283	
Cornellà de Llobregat	cornella de llobregat	205	413500	20833	283	
Coslada		205	404238	-35613	283	
Costillares		205	404766	-36685	283	
Coín	coin	205	366595	-47564	283	
Crevillente		205	382499	-8098	283	
Cuatro Caminos		205	404468	-37035	283	
Cuenca		205	400667	-21333	283	
Cullera		205	391667	-2500	283	
Culleredo		205	432879	-83886	283	
Cáceres	caceres	205	394765	-63722	283	
Cártama	cartama	205	367107	-46330	283	
Córdoba	cordoba	205	378916	-47728	283	
Delicias		205	416493	-9076	283	
Delicias		205	403967	-36900	283	
Denia		205	388408	1057	283	
Don Benito		205	389563	-58616	283	
Donostia / San Sebastián	donostia / san sebastian	205	433128	-19750	283	
Dos Hermanas		205	372829	-59209	283	
Dreta de l'Eixample		205	413961	21669	283	
Durango		205	431712	-26338	283	
Eibar		205	431849	-24716	283	
Eixample		205	413890	21618	283	
El Campello		205	384288	-3977	283	
El Carmel		205	414176	21591	283	
El Ejido		205	367763	-28146	283	
El Masnou		205	414798	23188	283	
El Prat de Llobregat		205	413278	20947	283	
El Puerto de Santa María	el puerto de santa maria	205	365939	-62330	283	
El Vendrell		205	412167	15333	283	
El Viso		205	404463	-36841	283	
Elche		205	382622	-7011	283	
Elda		205	384778	-7916	283	
Embajadores		205	404092	-37025	283	
Entrevías	entrevias	205	403785	-36739	283	
Erandio		205	433044	-29735	283	
Errenteria		205	433120	-19023	283	
Esparreguera		205	415381	18702	283	
Esplugues de Llobregat		205	413773	20881	283	
Estepona		205	364276	-51459	283	
Estrella		205	404141	-36655	283	
Ferrol		205	434845	-82329	283	
Figueres		205	422664	29616	283	
Fort Pienc		205	413946	21795	283	
Fuencarral		205	405000	-36833	283	
Fuencarral-El Pardo		205	404984	-37314	283	
Fuengirola		205	365400	-46247	283	
Fuenlabrada		205	402842	-37942	283	
Galapagar		205	405783	-40043	283	
Galdakao		205	432307	-28429	283	
Gamonal		205	423566	-36732	283	
Gandia		205	389667	-1833	283	
Gasteiz / Vitoria		205	428500	-26727	283	vitoria-gasteiz
Gavà	gava	205	413060	20012	283	
Gaztambide		205	404350	-37146	283	
Getafe		205	403057	-37330	283	
Getxo		205	433569	-30115	283	
Gijón	gijon	205	435357	-56615	283	
Girona		205	419831	28249	283	
Goya		205	404250	-36744	283	
Granada		205	371882	-36067	283	
Granadilla de Abona		205	281188	-165760	242	
Granollers		205	416080	22877	283	
Grao de Murviedro		205	396417	-2389	283	
Gràcia	gracia	205	414024	21564	283	
Guadalajara		205	406286	-31618	283	
Guindalera		205	404363	-36666	283	
Gáldar	galdar	205	281470	-156502	242	
Hellín	hellin	205	385106	-17010	283	
Hispanoamérica	hispanoamerica	205	404554	-36771	283	
Horta		205	414363	21572	283	
Horta-Guinardó	horta-guinardo	205	414185	21677	283	
Hortaleza		205	404744	-36411	283	
Huelva		205	372664	-69400	283	
Huesca		205	421362	-4087	283	
Ibi		205	386253	-5722	283	
Ibiza		205	389088	14330	283	ibiza town
Ibiza		205	404189	-36743	283	
Icod de los Vinos		205	283724	-167119	242	
Igualada		205	415810	16172	283	
Illescas		205	401221	-38470	283	
Imperial		205	404062	-37184	283	
Inca		205	397211	29109	283	
Ingenio		205	279186	-154343	242	
Irun		205	433390	-17894	283	
Isla Cristina		205	372000	-73167	283	
Iturrama		205	428085	-16582	283	
Javea		205	387833	1667	283	xabia
Jaén	jaen	205	377692	-37903	283	
Jerez de la Frontera		205	366864	-61361	283	
Jumilla		205	384792	-13250	283	
L'Hospitalet de Llobregat		205	413597	21003	283	
La Bonanova		205	414058	21324	283	
La Laguna		205	284853	-163201	242	san cristobal de la laguna
La Línea de la Concepción	la linea de la concepcion	205	361681	-53478	283	
La Oliva		205	286105	-139291	242	
La Orotava		205	283908	-165231	242	
La Paz		205	404812	-36966	283	
La Rinconada		205	374861	-59809	283	
La Sagrera		205	414227	21859	283	
Laguna de Duero		205	415815	-47233	283	
Las Palmas de Gran Canaria		205	280997	-154134	242	
Las Rozas de Madrid		205	404929	-38737	283	
Las Águilas	las aguilas	205	403818	-37711	283	
Latina		205	403890	-37457	283	
Lavapiés	lavapies	205	404080	-37013	283	
Lebrija		205	369208	-60753	283	
Leganés	leganes	205	403272	-37635	283	
Leioa		205	433269	-29888	283	
Lepe		205	372548	-72043	283	
Les Corts		205	413871	21301	283	
León	leon	205	426000	-55703	283	
Linares		205	380952	-36360	283	
Llefià	llefia	205	414381	22195	283	
Lleida		205	416167	6222	283	
Lloret de Mar		205	416999	28456	283	
Llucmajor		205	394909	28911	283	
Llíria	lliria	205	396289	-5978	283	
Logroño	logrono	205	424667	-24500	283	
Loja		205	371689	-41513	283	
Lorca		205	376712	-17017	283	
Los Angeles		205	403558	-36991	283	
Los Barrios		205	361848	-54921	283	
Los Palacios y Villafranca		205	371618	-59243	283	
Los Realejos		205	283849	-165828	242	
Los Rosales		205	403557	-36886	283	
Lucena		205	374088	-44852	283	
Lucero		205	404023	-37504	283	
Lugo		205	430099	-75560	283	
Madrid		205	404165	-37026	283	
Madrid Centro		205	404183	-37028	283	madrid city center
Mairena del Aljarafe		205	373446	-60639	283	
Majadahonda		205	404735	-38718	283	
Manacor		205	395696	32096	283	
Manises		205	394914	-4635	283	
Manresa		205	417282	18240	283	
Marbella		205	365154	-48858	283	
Marratxí	marratxi	205	396214	27253	283	
Marroquina		205	404107	-36406	283	
Martorell		205	414740	19306	283	
Martos		205	377211	-39726	283	
Marín	marin	205	423914	-87014	283	
Maspalomas		205	277606	-155860	242	
Mataró	mataro	205	415421	24445	283	
Mazarrón	mazarron	205	375992	-13149	283	
Maó	mao	205	398885	42658	283	
Medina del Campo		205	413124	-49141	283	
Mejorada del Campo		205	403928	-34819	283	
Melilla		205	352937	-29383	14	
Mieres		205	432500	-57667	283	
Mijas		205	365958	-46373	283	
Miranda de Ebro		205	426865	-29470	283	
Mirasierra		205	404963	-37196	283	
Mislata		205	394752	-4182	283	
Mogán	mogan	205	278838	-157254	242	
Molina de Segura		205	380546	-12076	283	
Molins de Rei		205	414167	20167	283	
Mollet del Vallès	mollet del valles	205	415403	22131	283	
Moncada		205	395456	-3955	283	
Moncloa-Aravaca		205	404355	-37317	283	
Montcada i Reixac		205	414833	21833	283	
Montilla		205	375863	-46380	283	
Moratalaz		205	404074	-36494	283	
Morón de la Frontera	moron de la frontera	205	371208	-54540	283	
Moscardó	moscardo	205	403890	-37068	283	
Motril		205	367507	-35179	283	
Murcia		205	379870	-11300	283	
Mutxamel		205	384158	-4453	283	
Málaga	malaga	205	367202	-44203	283	
Mérida	merida	205	389161	-63437	283	
Móstoles	mostoles	205	403223	-38650	283	
Narón	naron	205	435018	-81908	283	
Navalcarnero		205	402891	-40120	283	
Navas		205	414180	21860	283	
Nerja		205	367528	-38744	283	
Nou Barris		205	414416	21773	283	
Novelda		205	383848	-7677	283	
Nueva España	nueva espana	205	404628	-36781	283	
Numancia		205	403995	-36585	283	
Níjar	nijar	205	369666	-22060	283	
Oleiros		205	433333	-83167	283	
Olesa de Montserrat		205	415437	18941	283	
Oliva		205	389197	-1194	283	
Oliver-Valdefierro		205	416445	-9335	283	
Olot		205	421810	24901	283	
Onda		205	399650	-2604	283	
Ontinyent		205	388219	-6060	283	
Opañel	opanel	205	403902	-37218	283	
Orcasitas		205	403686	-37124	283	
Orihuela		205	380848	-9440	283	
Ourense		205	423367	-78641	283	
Oviedo		205	433603	-58448	283	
Pacífico	pacifico	205	404044	-36787	283	
Paiporta		205	394281	-4176	283	
Palacio		205	404154	-37141	283	
Palafrugell		205	419174	31631	283	
Palencia		205	420096	-45241	283	
Palma		205	395694	26502	283	
Palomeras Bajas		205	403848	-36589	283	
Palomeras Sureste		205	403852	-36373	283	
Palos de Moguer		205	404035	-36947	283	
Pamplona		205	428169	-16432	283	
Parla		205	402360	-37675	283	
Paterna		205	395026	-4408	283	
Peña Grande	pena grande	205	404746	-37224	283	
Pilar		205	404771	-37096	283	
Pilar de la Horadada		205	378659	-7926	283	
Pinar de Chamartín	pinar de chamartin	205	404790	-36684	283	
Pinar del Rey		205	404724	-36471	283	
Pineda de Mar		205	416276	26889	283	
Pinto		205	402415	-37000	283	
Plasencia		205	400312	-60884	283	
Poble Sec		205	413745	21633	283	
Ponferrada		205	425466	-65962	283	
Ponteareas		205	421748	-85040	283	
Pontevedra		205	424310	-86444	283	
Porta		205	414349	21788	283	
Portazgo		205	403906	-36482	283	
Portugalete		205	433210	-30206	283	
Pozuelo de Alarcón	pozuelo de alarcon	205	404329	-38134	283	
Premià de Mar	premia de mar	205	414921	23652	283	
Priego de Córdoba	priego de cordoba	205	374381	-41952	283	
Primer Ensanche		205	428148	-16490	283	
Prosperidad		205	404443	-36693	283	
Pueblo Nuevo		205	404263	-36355	283	
Puente de Vallecas		205	403935	-36620	283	
Puente-Genil		205	373894	-47669	283	
Puerta Bonita		205	403797	-37391	283	
Puerta del Angel		205	404097	-37318	283	
Puerto Real		205	365282	-61901	283	
Puerto de la Cruz		205	284169	-165508	242	
Puerto del Carmen		205	289231	-136658	242	
Puerto del Rosario		205	285004	-138627	242	
Puertollano		205	386871	-41073	283	
Quart de Poblet		205	394814	-4394	283	
Quintana		205	404370	-36451	283	
Realejo Alto		205	283764	-165858	242	
Redondela		205	422834	-86096	283	
Retiro		205	404132	-36831	283	
Reus		205	411561	11069	283	
Ribarroja del Turia		205	395460	-5707	283	
Ribeira		205	427381	-84411	283	
Rincón de la Victoria	rincon de la victoria	205	367171	-42758	283	
Rios Rosas		205	404424	-36977	283	
Ripollet		205	414969	21574	283	
Rivas-Vaciamadrid		205	403260	-35109	283	
Ronda		205	367423	-51671	283	
Roquetas de Mar		205	367642	-26148	283	
Rosas		205	404275	-35943	283	
Rota		205	366236	-63600	283	
Rubí	rubi	205	414923	20330	283	
Sabadell		205	415433	21094	283	
Sagrada Família	sagrada familia	205	414041	21733	283	
Sagunto		205	396833	-2667	283	
Salamanca		205	404297	-36798	283	
Salamanca		205	409688	-56639	283	
Salou		205	410766	11416	283	
Salt		205	419749	27928	283	
Sama		205	432957	-56842	283	langreo
San Andrés del Rabanedo	san andres del rabanedo	205	426117	-56167	283	
San Bartolomé de Tirajana	san bartolome de tirajana	205	279248	-155733	242	
San Blas-Canillejas		205	404389	-36154	283	
San Diego		205	403900	-36679	283	
San Fermín	san fermin	205	403706	-36891	283	
San Fernando		205	364759	-61982	283	
San Fernando de Henares		205	404239	-35326	283	
San Isidro		205	403966	-37283	283	
San Javier		205	378063	-8374	283	
San Pedro Alcántara	san pedro alcantara	205	364884	-49912	283	
San Pedro del Pinatar		205	378357	-7910	283	
San Roque		205	362098	-53845	283	
San Sebastián de los Reyes	san sebastian de los reyes	205	405555	-36273	283	
San Vicent del Raspeig		205	383964	-5255	283	
Sanlúcar de Barrameda	sanlucar de barrameda	205	367781	-63515	283	
Sant Adrià de Besòs	sant adria de besos	205	414307	22186	283	
Sant Andreu		205	414354	21898	283	
Sant Andreu de la Barca		205	414466	19719	283	
Sant Antoni		205	413786	21594	283	
Sant Antoni de Portmany		205	389807	13036	283	
Sant Boi de Llobregat		205	413436	20366	283	
Sant Cugat del Vallès	sant cugat del valles	205	414706	20861	283	
Sant Feliu de Guíxols	sant feliu de guixols	205	417833	30333	283	
Sant Feliu de Llobregat		205	413833	20500	283	
Sant Gervasi - Galvany		205	413975	21430	283	
Sant Joan Despí	sant joan despi	205	413672	20574	283	
Sant Joan d'Alacant		205	384015	-4362	283	
Sant Martí	sant marti	205	414181	21993	283	
Sant Martí de Provençals	sant marti de provencals	205	414202	21963	283	
Sant Pere de Ribes		205	412604	17739	283	
Sant Pere, Santa Caterina i La Ribera		205	413845	21815	283	
Sant Vicenç dels Horts	sant vicenc dels horts	205	413932	20069	283	
Santa Coloma de Gramenet		205	414515	22081	283	
Santa Cruz de Tenerife		205	284682	-162546	242	
Santa Eugenia		205	403834	-36114	283	
Santa Eulària des Riu	santa eularia des riu	205	389846	15341	283	
Santa Lucía	santa lucia	205	279117	-155407	242	
Santa Perpètua de Mogoda	santa perpetua de mogoda	205	415333	21833	283	
Santa Pola		205	381916	-5658	283	
Santa Uxía de Ribeira	santa uxia de ribeira	205	425535	-89909	283	
Santander		205	434647	-38044	283	
Santiago de Compostela		205	428805	-85457	283	
Sants		205	413743	21383	283	
Sants - Badal		205	413747	21277	283	
Sants-Montjuïc	sants-montjuic	205	413726	21546	283	
Santurtzi		205	433284	-30325	283	
Santutxu		205	432535	-29161	283	
Sarrià	sarria	205	414027	21162	283	
Sarrià-Sant Gervasi	sarria-sant gervasi	205	414010	21394	283	
Segovia		205	409481	-41184	283	
Segundo Ensanche		205	428139	-16430	283	
Sestao		205	433098	-30072	283	
Sevilla		205	373828	-59732	283	seville
Simancas		205	404353	-36251	283	
Sitges		205	412351	18119	283	
Soria		205	417640	-24688	283	
Stadtzentrum		205	281272	-154314	242	city center
Sueca		205	392026	-3111	283	
Tacoronte		205	284769	-164102	242	
Talavera de la Reina		205	399635	-48308	283	
Tarragona		205	411190	12454	283	
Telde		205	279924	-154192	242	
Terrassa		205	415667	20167	283	
Teruel		205	403456	-11065	283	
Tetuán de las Victorias	tetuan de las victorias	205	404598	-36975	283	
Toledo		205	398581	-40226	283	
Tomares		205	373728	-60459	283	
Tomelloso		205	391576	-30216	283	
Torre del Mar		205	367420	-40929	283	
Torre-Pacheco		205	377429	-9540	283	torre pacheco
Torrejón de Ardoz	torrejon de ardoz	205	404554	-34697	283	
Torrelavega		205	433494	-40479	283	
Torrelodones		205	405765	-39266	283	
Torremolinos		205	366204	-44998	283	
Torrent		205	394370	-4655	283	
Torrevieja		205	379787	-6822	283	
Tortosa		205	408125	5216	283	
Totana		205	377688	-15023	283	
Trafalgar		205	404328	-37011	283	
Tres Cantos		205	406009	-37081	283	
Tudela		205	420617	-16045	283	
Universidad		205	404257	-37071	283	
Usera		205	403887	-37004	283	
Utrera		205	371852	-57809	283	
Valdeacederas		205	404670	-37042	283	
Valdefuentes		205	404937	-36359	283	
Valdemoro		205	401908	-36789	283	
Valdepeñas	valdepenas	205	387621	-33848	283	
Valdezarza		205	404652	-37173	283	
Valencia		205	394739	-3797	283	
Valladolid		205	416552	-47237	283	
Vallecas		205	403833	-36167	283	
Valls		205	412861	12499	283	
Valverde		205	405002	-36788	283	
Ventas		205	404225	-36474	283	
Vic		205	419301	22549	283	
Vicálvaro	vicalvaro	205	404000	-36000	283	
Vigo		205	422328	-87226	283	
Vila-real		205	399383	-1009	283	
Viladecans		205	413140	20143	283	
Vilafranca del Penedès	vilafranca del penedes	205	413462	16971	283	
Vilagarcía de Arousa	vilagarcia de arousa	205	425963	-87643	283	
Vilanova i la Geltrú	vilanova i la geltru	205	412239	17251	283	
Vilapicina i la Torre Llobeta		205	414286	21741	283	
Villa de Vallecas		205	403670	-36015	283	
Villajoyosa		205	385075	-2335	283	
Villanueva de la Serena		205	389766	-57974	283	
Villarrobledo		205	392699	-26012	283	
Villaverde		205	403500	-37000	283	
Villaviciosa de Odón	villaviciosa de odon	205	403581	-39043	283	
Villena		205	386373	-8657	283	
Vinaròs	vinaros	205	404703	4756	283	
Vista Alegre		205	403843	-37458	283	
Vélez-Málaga	velez-malaga	205	367811	-41027	283	
Vícar	vicar	205	368316	-26427	283	
Xirivella		205	394659	-4259	283	
Xàtiva	xativa	205	389904	-5185	283	
Yecla		205	386136	-11147	283	
Zamora		205	415063	-57446	283	
Zaragoza		205	416561	-8773	283	
Zarautz		205	432844	-21699	283	
el Baix Guinardó	el baix guinardo	205	414118	21678	283	
el Besòs i el Maresme	el besos i el maresme	205	414131	22174	283	
el Camp d'en Grassot i Gràcia Nova	el camp d'en grassot i gracia nova	205	414063	21650	283	
el Camp de l'Arpa del Clot		205	414120	21825	283	
el Clot		205	414099	21905	283	
el Guinardó	el guinardo	205	414188	21736	283	
el Poblenou		205	414039	22041	283	
el Putxet i el Farró	el putxet i el farro	205	414069	21439	283	
el Raval		205	413804	21686	283	the raval
l'Antiga Esquerra de l'Eixample		205	413894	21552	283	
la Marina de Port		205	413600	21399	283	
la Maternitat i Sant Ramon		205	413812	21174	283	
la Nova Esquerra de l'Eixample		205	413831	21490	283	
la Prosperitat		205	414427	21820	283	
la Verneda i la Pau		205	414240	22030	283	
la Vila de Gràcia	la vila de gracia	205	414031	21569	283	
Águilas	aguilas	205	374063	-15829	283	
Ávila	avila	205	406572	-46995	283	
Écija	ecija	205	375422	-50826	283	
Úbeda	ubeda	205	380133	-33705	283	
Ambalangoda		206	62355	800538	179	
Ampara		206	72975	816820	179	
Anuradhapura		206	83122	804131	179	
Badulla		206	69802	810577	179	
Battaramulla South		206	68964	799181	179	
Batticaloa		206	77102	816924	179	
Bentota		206	64260	799958	179	
Beruwala		206	64788	799828	179	
Chilaw		206	75758	797953	179	
Colombo		206	69355	798487	179	
Dambulla		206	78600	806517	179	
Dehiwala-Mount Lavinia		206	68402	798712	179	
Devinuwara		206	59282	805888	179	
Eravur Town		206	77782	816038	179	
Galle		206	60461	802103	179	
Gampola		206	71643	805696	179	
Hanwella Ihala		206	69012	800852	179	
Hendala		206	69909	798830	179	
Homagama		206	68440	800024	179	
Ja Ela		206	70744	798919	179	
Jaffna		206	96684	800074	179	
Kalmunai		206	74090	818347	179	
Kalutara		206	65831	799593	179	
Kandana		206	70480	798937	179	
Kandy		206	72906	806336	179	
Katunayaka		206	71699	798884	179	
Kelaniya		206	69553	799220	179	
Kolonnawa		206	69329	798848	179	
Kotikawatta		206	69269	799095	179	
Kurunegala		206	74839	803683	179	
Maharagama		206	68480	799265	179	
Matale		206	74698	806217	179	
Matara		206	59485	805353	179	
Moratuwa		206	67730	798816	179	
Mulleriyawa		206	69330	799297	179	
Negombo		206	72083	798358	179	
Nuwara Eliya		206	69708	807829	179	
Panadura		206	67132	799026	179	
Peliyagoda		206	69685	798836	179	
Pita Kotte		206	68905	799015	179	
Point Pedro		206	98167	802333	179	
Puttalam		206	80362	798283	179	
Ratnapura		206	66858	804036	179	
Sri Jayewardenepura Kotte		206	68830	799071	179	
Trincomalee		206	85778	812289	179	
Valvedditturai		206	98167	801667	179	valvettithurai
Vavuniya		206	87514	804971	179	
Wattala		206	69892	798917	179	
Weligama		206	59750	804297	179	
Welisara		206	70281	799014	179	
'Ārdamatā	'ardamata	207	134755	224853	27	
Abu Jibeha		207	114562	312285	27	
Abū Zabad	abu zabad	207	123500	292500	27	
Ad Douiem		207	140012	323116	27	ed dueim
Ad-Damazin		207	117891	343592	27	
Ad-Dindar		207	133340	340927	27	
Al Fūlah	al fulah	207	117329	283579	27	
Al Hasaheisa		207	147526	332984	27	
Al Jazeera Aba		207	133193	326132	27	
Al Manāqil	al manaqil	207	142459	329891	27	
Al Mijlad		207	110333	277333	27	
Al Qadarif		207	140349	353834	27	gedaref
Al Ḩawātah	al hawatah	207	134167	346333	27	
Al-Fāw	al-faw	207	141078	340920	27	
Al-Quṭaynah	al-qutaynah	207	147278	322693	27	
An Nuhūd	an nuhud	207	127000	284333	27	en nahud
Ar Rahad		207	127167	306500	27	
As Sūkī	as suki	207	133167	338833	27	
Atbara		207	177022	339864	27	
Babanūsah	babanusah	207	113333	278000	27	
Berber		207	180216	339830	27	
Burām	buram	207	108583	251592	27	
Dilling		207	120500	296500	27	
Dongola		207	191816	304769	27	
Ed Damer		207	175990	339721	27	al-damir
El Daein		207	114619	261258	27	
El Fasher		207	136279	253494	27	al-fashir
El Geneina Fort		207	134748	224574	27	
El Obeid		207	131842	302167	27	al-ubayyid
Er Roseires		207	118659	343869	27	
Geneina		207	134526	224472	27	
Gereida		207	112754	251403	27	
Ghubaysh		207	121500	273500	27	
Jubayt		207	189533	368336	27	
Kabkābīyah	kabkabiyah	207	136500	240833	27	
Kadugli		207	110111	297183	27	kaduqli
Kas		207	125097	242852	27	
Kassala		207	154510	364000	27	
Khartoum		207	155518	325324	27	
Khartoum North		207	156492	325346	27	bahri
Khashm al Qirbah		207	149667	359167	27	khashm el girba
Kināna	kinana	207	140361	331712	27	
Kosti		207	131629	326635	27	kusti
Kutum		207	142000	246667	27	
Maiurno		207	134167	336667	27	
Mellit		207	141333	255500	27	
New Halfa		207	153302	355985	27	
Nyala		207	120489	248807	27	
Omdurman		207	156445	324777	27	
Port Sudan		207	196175	372164	27	
Rabak		207	131809	327400	27	
Rahad al Bardi		207	113000	238833	27	
Rufā‘a	rufa‘a	207	147597	333675	27	
Sh'īarīah	sh'iariah	207	124388	255811	27	
Shendi		207	166915	334341	27	
Singa		207	131483	339312	27	
Sinkat		207	188405	368351	27	
Sinnar		207	135691	335672	27	sennar
Suakin		207	191059	373321	27	
Tandaltī	tandalti	207	130167	318667	27	
Tokār	tokar	207	184254	377290	27	
Tullus		207	110904	245302	27	
Umm Ruwaba		207	129061	312158	27	
Wad Medani		207	144012	335199	27	wad madani
Zalinguei		207	129092	234706	27	zalingei
Lelydorp		208	57000	-552333	135	
Paramaribo		208	58664	-551668	135	
Longyearbyen		209	782233	156469	162	
Alingsås	alingsas	210	579303	125334	302	
Björlanda	bjorlanda	210	577667	118333	302	
Boo		210	593333	182833	302	
Borlänge	borlange	210	604858	154371	302	
Borås	boras	210	577210	129401	302	
Bromma		210	593400	179400	302	
Danderyd		210	594040	180238	302	
Enköping	enkoping	210	596361	170777	302	
Eskilstuna		210	593666	165077	302	
Falkenberg		210	569055	124912	302	
Falun		210	606036	156260	302	
Gävle	gavle	210	606745	171417	302	
Göteborg	goteborg	210	577072	119668	302	gothenburg
Halmstad		210	566745	128568	302	
Haninge		210	591678	181448	302	
Helsingborg		210	560467	126944	302	
Huddinge		210	592370	179819	302	
Huskvarna		210	577860	143021	302	
Härnösand	harnosand	210	626323	179379	302	
Jakobsberg		210	594227	178351	302	
Jönköping	jonkoping	210	577814	141562	302	
Kalmar		210	566616	163616	302	
Karlskoga		210	593267	145239	302	
Karlskrona		210	561616	155866	302	
Karlstad		210	593793	135036	302	
Katrineholm		210	589959	162072	302	
Kristianstad		210	560313	141524	302	
Kungsholmen		210	593318	180412	302	
Kungälv	kungalv	210	578710	119805	302	
Landskrona		210	558708	128302	302	
Lerum		210	577705	122690	302	
Lidingö	lidingo	210	593667	181333	302	
Lidköping	lidkoping	210	585052	131576	302	
Linköping	linkoping	210	584109	156216	302	
Luleå	lulea	210	655841	221546	302	
Lund		210	557058	131932	302	
Majorna		210	576920	119160	302	
Malmö	malmo	210	556059	130007	302	
Motala		210	585371	150365	302	
Märsta	marsta	210	596216	178548	302	
Mölndal	molndal	210	576554	120138	302	
Nacka		210	593105	181637	302	
Norrköping	norrkoping	210	585942	161826	302	
Nyköping	nykoping	210	587530	170079	302	
Partille		210	577395	121064	302	
Piteå	pitea	210	653172	214794	302	
Sandviken		210	606167	167667	302	
Skellefteå	skelleftea	210	647507	209528	302	
Skövde	skovde	210	583912	138451	302	
Sollentuna		210	594280	179509	302	
Solna		210	593600	180009	302	
Stockholm		210	593294	180687	302	
Sundbyberg		210	593613	179711	302	
Sundsvall		210	623913	173063	302	
Södermalm	sodermalm	210	593128	180758	302	
Södertälje	sodertalje	210	591955	176252	302	
Trelleborg		210	553751	131569	302	
Trollhättan	trollhattan	210	582836	122886	302	
Tumba		210	591986	178332	302	
Täby	taby	210	594439	180687	302	
Uddevalla		210	583478	119424	302	
Umeå	umea	210	638284	202597	302	
Upplands Väsby	upplands vasby	210	595184	179113	302	
Uppsala		210	598588	176389	302	
Vallentuna		210	595344	180776	302	
Varberg		210	571056	122508	302	
Vasastaden		210	593500	180333	302	
Visby		210	576409	182960	302	
Vänersborg	vanersborg	210	583808	123234	302	
Västervik	vastervik	210	577584	166373	302	
Västerås	vasteras	210	596162	165528	302	
Växjö	vaxjo	210	568777	148091	302	
Ängelholm	angelholm	210	562428	128622	302	
Åkersberga	akersberga	210	594794	182997	302	
Örebro	orebro	210	592741	152066	302	
Örnsköldsvik	ornskoldsvik	210	632909	187152	302	
Östermalm	ostermalm	210	593388	180849	302	
Östersund	ostersund	210	631792	146357	302	
Aarau		211	473925	80442	313	
Basel		211	475584	75733	313	
Bellinzona		211	461928	90170	313	
Bern		211	469481	74474	313	
Biel/Bienne		211	471371	72461	313	
Bulle		211	466180	70569	313	
Chur		211	468499	95329	313	
Emmen		211	470782	82733	313	
Frauenfeld		211	475578	88989	313	
Fribourg		211	468024	71513	313	
Genève	geneve	211	462022	61457	313	geneva
Horgen		211	472598	85978	313	
Kreuzlingen		211	476505	91750	313	
Kriens		211	470311	82855	313	
Köniz	koniz	211	469244	74146	313	
La Chaux-de-Fonds		211	470999	68259	313	
Lancy		211	461898	61144	313	
Lausanne		211	465160	66328	313	
Lugano		211	460101	89600	313	
Luzern		211	470505	83064	313	lucerne
Montreux		211	464330	69114	313	
Neuchâtel	neuchatel	211	469918	69310	313	
Rapperswil		211	472256	88223	313	
Sankt Gallen		211	474239	93748	313	st. gallen
Schaffhausen		211	476973	86349	313	
Sitten		211	462274	73556	313	sion
Thun		211	467512	76217	313	
Uster		211	473471	87209	313	
Vernier		211	462170	60850	313	
Wetzikon		211	473264	87978	313	
Wil		211	474615	90455	313	
Winterthur		211	475056	87241	313	
Yverdon-les-Bains		211	467785	66412	313	
Zug		211	471724	85174	313	
Zürich	zurich	211	473667	85500	313	
Zürich (Kreis 10)	zurich (kreis 10)	211	474077	85005	313	
Zürich (Kreis 11)	zurich (kreis 11)	211	474233	85217	313	
Zürich (Kreis 12)	zurich (kreis 12)	211	474037	85761	313	
Zürich (Kreis 2)	zurich (kreis 2)	211	473376	85211	313	
Zürich (Kreis 3)	zurich (kreis 3)	211	473578	85030	313	
Zürich (Kreis 4) / Aussersihl	zurich (kreis 4) / aussersihl	211	473775	85213	313	
Zürich (Kreis 6)	zurich (kreis 6)	211	473922	85438	313	
Zürich (Kreis 7)	zurich (kreis 7)	211	473733	85804	313	
Zürich (Kreis 9)	zurich (kreis 9)	211	473824	84799	313	
Zürich (Kreis 9) / Altstetten	zurich (kreis 9) / altstetten	211	473895	84853	313	
Ad Darbāsīyah	ad darbasiyah	212	370728	406520	180	
Ad Dānā	ad dana	212	362125	367700	180	
Al Bāb	al bab	212	363705	375157	180	
Al Kiswah		212	333581	362419	180	
Al Mayādīn	al mayadin	212	350198	404515	180	
Al Qaryatayn		212	342296	372407	180	
Al Qunayţirah	al qunaytirah	212	331260	358246	180	quneitra
Al Quşayr	al qusayr	212	345078	365803	180	
Al Ḩasakah	al hasakah	212	365024	407477	180	al-hasakah
Al Ḩirāk	al hirak	212	327495	363058	180	
Aleppo		212	362012	371612	180	
An Nabk		212	340240	367285	180	
Ar Raqqah		212	359528	390079	180	
Ar Rastan		212	349267	367324	180	
As Safīrah	as safirah	212	360770	373725	180	
As Salamīyah	as salamiyah	212	350113	370532	180	
As-Suwayda		212	327090	365695	180	
At Tall		212	336103	363107	180	
Ath Thawrah		212	358376	385483	180	
Az Zabadānī	az zabadani	212	337249	361005	180	
Aş Şanamayn	as sanamayn	212	330719	361832	180	
Batabo		212	361345	367398	180	
Binnish		212	359566	367138	180	
Burj Islām	burj islam	212	356740	358026	180	
Bāniyās	baniyas	212	351819	359487	180	
Damascus		212	335102	362913	180	
Dar‘ā	dar‘a	212	326189	361021	180	daraa
Dayr Ḩāfir	dayr hafir	212	361569	377078	180	
Deir ez-Zor		212	353359	401408	180	dayr az zawr
Dārayyā	darayya	212	334584	362326	180	
Dūmā	duma	212	335718	364027	180	douma
Hajīn	hajin	212	346951	408314	180	
Homs		212	347240	367256	180	
Idlib		212	359306	366339	180	
Inkhil		212	330181	361283	180	
I‘zāz	i‘zaz	212	365866	370463	180	azaz
Jablah		212	353621	359276	180	jableh
Jarābulus	jarabulus	212	368175	380111	180	
Jayrūd	jayrud	212	338071	367386	180	
Jisr ash Shughūr	jisr ash shughur	212	358142	363198	180	
Jāsim	jasim	212	329912	360609	180	
Kabbasin		212	364327	375686	180	
Kafr Lāhā	kafr laha	212	348947	364958	180	
Kafr Takhārīm	kafr takharim	212	361168	365152	180	
Kafr Zaytā	kafr zayta	212	353743	366033	180	
Kafranbel		212	356138	365645	180	
Khān Shaykhūn	khan shaykhun	212	354421	366510	180	
Latakia		212	355312	357909	180	
Manbij		212	365281	379549	180	
Maşyāf	masyaf	212	350653	363406	180	
Ma‘arratmişrīn	ma‘arratmisrin	212	360115	366718	180	
Nubl		212	363787	369929	180	
Salqīn	salqin	212	361386	364524	180	
Saraqib		212	358645	368059	180	
Shaykh Miskīn	shaykh miskin	212	328267	361605	180	
Subaykhān	subaykhan	212	348531	405999	180	sabikhan
Tadmur		212	345624	382840	180	palmyra
Tall Rif‘at		212	364723	370947	180	
Tallbīsah	tallbisah	212	348407	367309	180	
Tallkalakh		212	346684	362600	180	
Tādif	tadif	212	363481	375309	180	
Yabrūd	yabrud	212	339692	366573	180	
Ālbū Kamāl	albu kamal	212	344523	409185	180	
Şāfītā	safita	212	348210	361177	180	
Şūrān	suran	212	352919	367485	180	
Ţafas	tafas	212	327371	360665	180	
Ţarţūs	tartus	212	348890	358866	180	
Ţayyibat al Imām	tayyibat al imam	212	352659	367122	180	
Ḩalfāyā	halfaya	212	352601	366058	180	
Ḩamāh	hamah	212	351318	367578	180	
Ḩarastā	harasta	212	335587	363652	180	
‘Afrīn	‘afrin	212	365119	368695	180	
‘Ayn al ‘Arab		212	368909	383535	180	
‘Irbīn	‘irbin	212	335372	363663	180	
‘Āmūdā	‘amuda	212	371042	409300	180	
Bade		213	249298	1212837	226	bade district
Banqiao		213	250143	1214672	226	banqiao district
Beidou		213	238729	1205243	226	
Beigang		213	235701	1203016	226	
Buzi		213	242101	1205725	226	
Caotun		213	239770	1206877	226	
Chang-hua		213	240733	1205628	226	
Changhua		213	240692	1205512	226	
Chaozhou		213	225499	1205407	226	
Chiayi City		213	234792	1204489	226	
Citong		213	237575	1204996	226	
Danshui		213	251720	1214429	226	
Daxi		213	248837	1212904	226	
Donggang		213	224652	1204493	226	
Douliu		213	237094	1205433	226	
Erlin		213	239005	1203689	226	
Fengshan		213	226266	1203613	226	fongshan district
Hengchun		213	220042	1207439	226	
Hsinchu		213	248036	1209686	226	
Hualien City		213	239769	1216044	226	
Jincheng		213	244342	1183171	226	
Jinhu		213	244394	1184211	226	
Kaohsiung		213	226163	1203133	226	kaohsiung city
Keelung		213	251309	1217409	226	
Magong		213	235654	1195863	226	
Miaoli		213	245643	1208237	226	
Nantou		213	239157	1206639	226	nantou city
Neihu		213	250815	1215881	226	neihu district
Neili		213	249725	1212614	226	
New Taipei City		213	250620	1214570	226	
Pitou		213	238950	1204786	226	
Puli		213	239664	1209695	226	
Sanxia		213	249345	1213714	226	sanxia district
Sanzhi		213	252578	1215018	226	sanzhi district
Shetou		213	238980	1205883	226	
Shulin		213	249908	1214220	226	shulin district
Taibao		213	234594	1203322	226	
Taichung		213	241469	1206839	226	
Tainan		213	229908	1202133	226	
Taipei		213	250531	1215264	226	
Taitung		213	227599	1211446	226	
Taoyuan		213	249896	1213187	226	
Taoyuan City		213	249937	1212970	226	
Tianwei		213	238927	1205240	226	
Tianzhong		213	238581	1205857	226	
Toufen		213	246875	1209094	226	toufen township
Wufeng		213	240637	1206980	226	wufeng district
Xihu		213	239568	1204792	226	
Xiluo		213	237989	1204634	226	
Xinying		213	233069	1203106	226	xinying district
Xizhi		213	250662	1216598	226	xizhi district
Xizhou		213	242767	1206892	226	
Yilan		213	247570	1217530	226	
Yingge		213	249561	1213507	226	yingge district
Yongjing		213	239215	1205459	226	
Yongkang		213	230244	1202556	226	yongkang district
Yuanlin		213	239567	1205761	226	
Zhongxing New Village		213	239591	1206852	226	
Zhubei		213	248383	1210078	226	
Zhudong		213	247317	1210908	226	
Zhushan		213	237555	1206820	226	
Bokhtar		214	378367	687775	184	kurgan-tyube
Boshkengash		214	384661	688053	184	
Buston		214	402342	696948	184	
Dalyoni Bolo		214	397490	689957	184	
Danghara		214	380958	693400	184	
Dushanbe		214	385358	687790	184	
Farkhor		214	374922	694036	184	
Hisor		214	385250	685512	184	
Hulbuk		214	378054	696452	184	
Isfara		214	401265	706253	184	
Ishqoshim		214	367248	716133	184	
Istaravshan		214	399142	690033	184	
Khorugh		214	374897	715530	184	
Khujand		214	402826	696222	184	
Konibodom		214	402941	704312	184	
Kŭlob	kulob	214	379146	697845	184	
Moskovskiy		214	376093	685809	184	
Panjakent		214	394952	676093	184	
Qayroqqum		214	402660	697958	184	
Tursunzoda		214	385127	682316	184	
Vahdat		214	385563	690135	184	
Arusha		215	-33667	366833	17	
Babati		215	-42167	357500	17	
Bagamoyo		215	-64422	389042	17	
Bariadi		215	-28000	339833	17	
Biharamulo		215	-26319	313089	17	
Boma la Ngombe		215	-33333	371500	17	
Bugarama		215	-28706	305281	17	
Bukoba		215	-13317	318122	17	
Bunda		215	-20215	338711	17	
Bungu		215	-76337	390582	17	
Buseresere		215	-30488	318854	17	
Chake Chake		215	-52459	397666	17	
Chala		215	-75833	312667	17	
Chalinze		215	-66378	383540	17	
Chanika		215	-54167	380167	17	
Chato		215	-26378	317669	17	
Chimala		215	-88564	340239	17	
Dar es Salaam		215	-68235	392695	17	
Diobahika		215	-33391	315234	17	
Dodoma		215	-61722	357395	17	
Dumila		215	-63839	373433	17	
Geiro		215	-61500	368667	17	
Geita		215	-28725	322325	17	
Handeni		215	-54333	380167	17	
Ifakara		215	-81333	366833	17	
Igugunu		215	-45667	346333	17	
Igunga		215	-42833	338833	17	
Igurusi		215	-88500	338500	17	
Ikwiriri		215	-79562	389716	17	
Ilula		215	-76766	360366	17	
Iringa		215	-77667	357000	17	
Itigi		215	-57000	344833	17	
Kahama		215	-38333	326000	17	
Kakonko		215	-32828	309642	17	
Kasamwa		215	-28500	324333	17	
Kasulu		215	-45767	301025	17	
Katesh		215	-45248	353849	17	
Katoro		215	-29998	319326	17	
Katumba		215	-92333	336167	17	
Kibaha		215	-67667	389167	17	
Kibaigwa		215	-60812	366466	17	
Kibiti		215	-77218	389375	17	
Kibondo		215	-35864	307203	17	
Kidatu		215	-76992	369572	17	
Kidodi		215	-76036	370044	17	
Kigoma		215	-48769	296267	17	
Kigonsera		215	-108000	350500	17	
Kilindoni		215	-79145	396620	17	
Kilosa		215	-68333	369833	17	
Kilwa Masoko		215	-89251	395131	17	
Kingori		215	-32833	369833	17	
Kiomboi		215	-42667	343667	17	
Kirando		215	-74167	306000	17	
Kisesa		215	-25500	330333	17	
Kisesa		215	-30833	341500	17	
Kiwira		215	-91731	335415	17	
Kondoa		215	-49000	357833	17	
Korogwe		215	-51500	384833	17	
Kyela		215	-95833	338500	17	
Lalago		215	-34500	339500	17	
Lindi		215	-99971	397165	17	
Liwale		215	-97667	379333	17	
Luchingu		215	-109000	393333	17	
Lukuledi		215	-105667	388000	17	
Lushoto		215	-47833	382833	17	
Mafinga		215	-83002	352937	17	
Mafinga		215	-72500	350667	17	
Magu		215	-25908	334462	17	
Magugu		215	-40167	357667	17	
Makongolosi		215	-84000	331500	17	
Makumbako		215	-88500	348333	17	
Malinyi		215	-89333	361333	17	
Manyoni		215	-57500	348333	17	
Mapinga		215	-66000	390667	17	
Maramba		215	-50500	386167	17	
Masasi		215	-107167	388000	17	
Masumbwe		215	-36333	321833	17	
Maswa		215	-26833	339833	17	
Matai		215	-83000	315167	17	
Matundasi		215	-84500	332833	17	
Mbeya		215	-89000	334500	17	
Mbinga		215	-109333	350167	17	
Mbuguni		215	-35667	369500	17	
Mbulu		215	-38500	355333	17	
Merelani		215	-35618	369790	17	
Mgandu		215	-59500	341333	17	
Mhalamba		215	-25812	320099	17	
Mhango		215	-32833	328500	17	
Misungwi		215	-28500	330833	17	
Mkoani		215	-53667	396500	17	
Mkuranga		215	-71180	392078	17	mkwanga
Mlandizi		215	-67000	387333	17	
Mlimba		215	-88000	358167	17	
Mlowo		215	-90000	329833	17	
Morogoro		215	-68210	376612	17	
Moshi		215	-33500	373333	17	
Mpanda		215	-63438	310695	17	
Mpwapwa		215	-63500	364833	17	
Mtinko		215	-45500	348500	17	
Mtwara		215	-102667	401833	17	
Mugumu		215	-18500	347000	17	
Musoma		215	-15000	338000	17	
Mvomero		215	-62500	386667	17	
Mwadui		215	-35500	336000	17	
Mwandege		215	-69756	392893	17	
Mwanhuzi		215	-35272	343151	17	
Mwanza		215	-25167	329000	17	
Namanyere		215	-75167	310500	17	
Nangomba		215	-109000	385000	17	
Nansio		215	-21333	330500	17	
Newala		215	-109333	393000	17	
Newala Kisimani		215	-109500	392833	17	
Ngudu		215	-29667	333333	17	
Nguruka		215	-51092	310419	17	
Njombe		215	-93492	347717	17	
Nungwi		215	-57265	392987	17	
Nyalikungu		215	-31833	337833	17	
Nzega		215	-42167	331833	17	
Old Shinyanga		215	-35500	334000	17	
Ruaha		215	-76568	369830	17	
Rujewa		215	-87000	343833	17	
Rulenge		215	-27175	306325	17	
Same		215	-40667	377333	17	
Sengerema		215	-26667	326500	17	
Sepuka		215	-47500	345333	17	
Shanwa		215	-31667	337667	17	
Shelui		215	-43667	342000	17	
Shinyanga		215	-36639	334212	17	
Sikonge		215	-56333	327667	17	
Singida		215	-48163	347436	17	
Sirari		215	-12537	344760	17	
Sokoni		215	-64333	395500	17	
Somanda		215	-33667	339500	17	
Songea		215	-106833	356500	17	
Songwa		215	-35167	335167	17	
Sumbawanga		215	-79667	316167	17	
Tabora		215	-50162	328266	17	
Tanga		215	-50689	390988	17	
Tarime		215	-13500	343667	17	
Tinde		215	-38833	332000	17	
Tukuyu		215	-92500	336500	17	
Tumbi		215	-50667	327333	17	
Tunduma		215	-93000	327667	17	
Tunduru		215	-110667	373500	17	
Urambo		215	-50667	320500	17	
Urunda		215	-86500	343000	17	
Ushirombo		215	-34919	319639	17	
Utengule		215	-89000	333333	17	
Uvinza		215	-51036	303911	17	
Uyovu		215	-32833	315258	17	
Vikindu		215	-70067	392985	17	
Vwawa		215	-91081	329347	17	
Wete		215	-50559	397294	17	
Zanzibar		215	-61639	391979	17	
Amnat Charoen		216	158585	1046288	173	
Amphoe Sikhiu		216	148994	1017083	173	
Anusawari		216	138947	1006142	173	
Ban Ang Sila		216	133396	1009296	173	
Ban Aranyik		216	168255	1002849	173	
Ban Bang Kadi		216	139990	1005496	173	
Ban Bueng		216	133110	1011121	173	
Ban Chang		216	127254	1010553	173	
Ban Chang Lo		216	137508	1004770	173	
Ban Kamala		216	79551	982832	173	kamala beach
Ban Khlong Bang Bon		216	136361	1003775	173	
Ban Khlong Bang Phran		216	136631	1003878	173	
Ban Khlong Bang Sao Thong		216	136417	1008327	173	
Ban Khlong Prawet		216	137190	1006815	173	
Ban Ko Sire		216	78875	984257	173	
Ban Lak Song		216	136893	1003981	173	
Ban Lam Luk Ka		216	139774	1007778	173	
Ban Mai		216	72041	1005451	173	
Ban Na		216	170172	997328	173	
Ban Na San		216	88004	993637	173	
Ban Nong Wua So		216	172675	1032247	173	
Ban Phaeo		216	135907	1001075	173	
Ban Phai		216	160600	1027310	173	
Ban Phan Don		216	171427	1029726	173	
Ban Pong		216	138163	998774	173	
Ban Ratsada		216	79096	984025	173	
Ban Samae Dam		216	135896	1003873	173	
Ban Talat Bueng		216	130715	1010031	173	
Ban Talat Nua		216	78849	983856	173	
Ban Talat Yai		216	78848	984001	173	
Ban Tha Kham		216	136375	1004413	173	
Bang Bo District		216	135833	1008167	173	
Bang Bon		216	136618	1003957	173	
Bang Bon Nuea		216	136529	1003587	173	
Bang Bua Thong		216	139178	1004240	173	
Bang Kapi		216	137653	1006470	173	
Bang Khae		216	136920	1004069	173	
Bang Khae Nuea		216	137055	1003893	173	
Bang Khlo		216	136989	1005124	173	
Bang Kho Laem		216	136935	1005022	173	
Bang Khun Si		216	137506	1004702	173	
Bang Khun Thian		216	136630	1004342	173	
Bang Kruai		216	138050	1004728	173	
Bang Lamung		216	130470	1009289	173	
Bang Na		216	136674	1006421	173	
Bang O		216	138358	1004600	173	
Bang Pakong		216	135430	1009933	173	
Bang Phae		216	136916	999298	173	
Bang Phai		216	137067	1003867	173	
Bang Phlat		216	137942	1005045	173	
Bang Rak		216	137306	1005239	173	
Bang Sue		216	138109	1005306	173	
Bang Sue subdistrict		216	138064	1005306	173	
Bang Yi Khan		216	137633	1004898	173	
Bangbontai		216	136472	1003714	173	
Bangkok		216	137540	1005014	173	
Bangkok Noi		216	137627	1004780	173	
Bangkok Riverside		216	137549	1005172	173	
Bangkok Yai		216	137232	1004760	173	
Betong		216	57743	1010723	173	
Bueng Kum		216	137853	1006696	173	
Buri Ram		216	149943	1031039	173	buriram
Cha-am		216	128000	999667	173	
Chachoengsao		216	136882	1010716	173	
Chai Badan		216	152000	1011333	173	
Chaiyaphum		216	158105	1020288	173	
Chan Kasem		216	138206	1005831	173	
Chanthaburi		216	126096	1021045	173	
Chatuchak		216	138289	1005598	173	
Chatuchak subdistrict		216	138274	1005553	173	
Chiang Mai		216	187904	989847	173	
Chiang Rai		216	199086	998325	173	
Chok Chai		216	147284	1021652	173	
Chom Thong		216	136772	1004841	173	
Chomphon		216	138035	1005603	173	
Chon Buri		216	133622	1009834	173	
Chong Nonsi		216	136931	1005487	173	
Chorakhe Bua		216	138390	1006114	173	
Chum Phae		216	165443	1020992	173	
Chumphon		216	104957	991797	173	
Damnoen Saduak		216	135182	999547	173	
Det Udom		216	149060	1050784	173	
Din Daeng		216	137904	1005701	173	
Dok Kham Tai		216	191624	999934	173	
Dusit		216	137775	1005198	173	
Hat Yai		216	70084	1004767	173	
Hua Hin		216	125706	999588	173	
Huai Khwang		216	137768	1005790	173	
Huamak		216	137578	1006474	173	
Inner Huai Khwang		216	137815	1005838	173	
Kaeng Khoi		216	145862	1009976	173	
Kaeng Khro		216	161086	1022581	173	
Kalasin		216	164328	1035066	173	
Kamalasai		216	163384	1035756	173	
Kamphaeng Phet		216	164834	995215	173	
Kanchanaburi		216	140041	995483	173	
Kantharalak		216	146406	1046499	173	
Kathu		216	79178	983332	173	
Khan Na Yao		216	138261	1006793	173	
Khanu Woralaksaburi		216	160617	998606	173	
Khetsamsenok		216	137928	1005830	173	
Khlong Chan		216	137813	1006451	173	
Khlong Kum		216	137884	1006803	173	
Khlong Luang		216	140647	1006458	173	
Khlong Sam Wa		216	138714	1007372	173	
Khlong San		216	137309	1005090	173	
Khlong Toei		216	137167	1005716	173	
Khon Kaen		216	164467	1028330	173	
Khwaeng Bang Khae		216	136916	1004045	173	
Khwaeng Bang Plat		216	137878	1004947	173	
Klaeng		216	127797	1016483	173	
Ko Samui		216	95357	999357	173	
Krabi		216	80726	989105	173	
Krathum Baen		216	136533	1002597	173	
Kut Chap		216	174257	1025669	173	
Lak Si		216	138872	1005792	173	
Lampang		216	182923	994928	173	
Lamphun		216	185805	990074	173	
Lat Krabang		216	137234	1007844	173	
Lat Phrao		216	138035	1006075	173	
Lat Yao		216	138472	1005637	173	
Latkrabang		216	137278	1007461	173	
Loei		216	174905	1017275	173	
Lop Buri		216	147981	1006540	173	lopburi
Mae Chan		216	201468	998526	173	
Mae Sai		216	204335	998762	173	
Mae Sot		216	167167	985667	173	
Maha Sarakham		216	161848	1033007	173	
Mueang Nonthaburi		216	138608	1005148	173	
Mukdahan		216	165453	1047235	173	
Na Klang		216	173072	1021889	173	
Nakhon Nayok		216	142046	1012130	173	
Nakhon Pathom		216	138196	1000443	173	
Nakhon Phanom		216	174108	1047786	173	
Nakhon Ratchasima		216	149707	1021020	173	
Nakhon Sawan		216	157047	1001372	173	
Nakhon Si Thammarat		216	84333	999667	173	
Nan		216	187838	1007790	173	
Nang Rong		216	146377	1027914	173	
Narathiwat		216	64264	1018231	173	
Nong Bua Lamphu		216	172041	1024407	173	
Nong Chok		216	138558	1008622	173	
Nong Khae		216	143406	1008673	173	
Nong Khaem		216	137053	1003492	173	
Nong Khai		216	178785	1027420	173	
Nong Phai		216	159902	1010618	173	
Pak Chong		216	147080	1014161	173	
Pak Kret		216	139130	1004988	173	
Pak Phanang		216	83511	1002020	173	
Pathum Thani		216	140135	1005305	173	
Pathum Wan		216	137365	1005239	173	
Pattani		216	68681	1012501	173	
Pattaya		216	129333	1008833	173	
Phanat Nikhom		216	134458	1011844	173	
Phasi Charoen		216	137147	1004369	173	
Phatthalung		216	76179	1000779	173	
Phaya Thai		216	137800	1005428	173	
Phetchabun		216	164190	1011606	173	
Phetchaburi		216	131119	999447	173	
Phichit		216	164418	1003488	173	
Phitsanulok		216	168248	1002586	173	
Photharam		216	136923	998497	173	
Phra Khanong		216	137018	1006016	173	prakanong
Phra Nakhon		216	137651	1004986	173	
Phra Nakhon Si Ayutthaya		216	143517	1005774	173	
Phra Phutthabat		216	147253	1007954	173	
Phra Pradaeng		216	136586	1005336	173	amphoe phra pradaeng
Phrae		216	181459	1001410	173	
Phuket		216	78906	983981	173	
Pom Prap Sattru Phai		216	137582	1005132	173	
Prachin Buri		216	140499	1013686	173	
Prachin Buri Town		216	140546	1013726	173	
Prachuap Khiri Khan		216	118210	997841	173	
Pran Buri		216	123849	999016	173	
Ranong		216	99658	986348	173	
Rat Burana		216	136822	1005060	173	
Ratchaburi		216	135367	998171	173	
Ratchathewi		216	137590	1005336	173	
Rayong		216	126810	1012580	173	
Roi Et		216	160567	1036531	173	
Ron Phibun		216	81791	998542	173	
Sa Kaeo		216	138141	1020722	173	
Sadao		216	66388	1004234	173	
Sai Mai		216	139207	1006455	173	
Sakon Nakhon		216	171612	1041472	173	
Sam Phran		216	137270	1002153	173	
Sam Sen Nai		216	137771	1005508	173	
Samphanthawong		216	137370	1005120	173	
Samut Prakan		216	135976	1005972	173	mueang samut prakan
Samut Sakhon		216	135475	1002736	173	
Samut Songkhram		216	134146	1000026	173	
San Kamphaeng		216	187449	991195	173	
Saphan Sung		216	137702	1006853	173	
Saraburi		216	145333	1009167	173	changwat sara buri
Sathon		216	137085	1005262	173	
Sathorn		216	137500	1005168	173	
Sattahip		216	126664	1009007	173	
Satun		216	66231	1000668	173	
Si Racha		216	131737	1009311	173	
Si Sa Ket		216	151148	1043294	173	
Si Satchanalai		216	175169	997598	173	
Songkhla		216	71988	1005951	173	
Su-ngai Kolok		216	60298	1019659	173	
Suan Luang		216	137303	1006514	173	
Sukhothai		216	170078	998230	173	sukhothai thani
Suphan Buri		216	144742	1001222	173	
Surat Thani		216	91401	993331	173	
Surin		216	148818	1034936	173	
Tak		216	168697	991290	173	
Taling Chan		216	137770	1004567	173	
Taphan Hin		216	162209	1004198	173	
Tha Bo		216	178500	1025814	173	
Tha Kham		216	91107	992321	173	
Tha Mai		216	126214	1020048	173	
Tha Maka		216	139000	997667	173	
Tha Muang		216	139612	996412	173	
Tha Raeng		216	138685	1006453	173	
Tha Yang		216	129577	999056	173	
Thawi Watthana		216	137832	1003780	173	
Thon Buri		216	137250	1004851	173	
Thung Khru		216	136288	1005096	173	
Thung Song		216	81645	996804	173	
Trang		216	75563	996114	173	
Trat		216	122436	1025151	173	
Ubon Ratchathani		216	152384	1048487	173	
Udon Thani		216	174157	1027859	173	
Uthai Thani		216	153794	1000245	173	
Uttaradit		216	176256	1000942	173	
Wang Thonglang		216	137855	1006116	173	
Warin Chamrap		216	151932	1048628	173	
Wat Tha Phra		216	137346	1004761	173	
Watthana		216	137298	1005854	173	vadhana
Wichian Buri		216	156578	1011060	173	
Wichit		216	78894	983852	173	
Wong Sawang		216	138167	1005159	173	
Yala		216	65400	1012813	173	
Yan Nawa		216	136963	1005421	173	
Yaring		216	68662	1013689	173	
Yasothon		216	157941	1041451	173	
's-Hertogenbosch		217	516992	53042	257	
Aalsmeer		217	522592	47597	257	
Alkmaar		217	526317	47486	257	
Almelo		217	523567	66625	257	
Almere Stad		217	523702	52141	257	
Alphen aan den Rijn		217	521292	46555	257	
Amersfoort		217	521550	53875	257	
Amstelveen		217	523008	48639	257	
Amsterdam		217	523740	48897	257	
Amsterdam-Zuidoost		217	523075	49722	257	
Apeldoorn		217	522100	59694	257	
Arnhem		217	519800	59111	257	
Assen		217	529967	65625	257	
Assendelft		217	524683	47431	257	
Baarn		217	522117	52875	257	
Barendrecht		217	518567	45347	257	
Barneveld		217	521400	55847	257	
Bergen		217	526692	47042	257	
Bergen op Zoom		217	514950	42917	257	
Best		217	515075	53903	257	
Beuningen		217	518608	57667	257	
Beverwijk		217	524833	46569	257	
Borssele		217	514233	37347	257	
Boxtel		217	515908	53292	257	
Breda		217	515866	47760	257	
Brummen		217	520900	61556	257	
Brunssum		217	509467	59708	257	
Bussum		217	522733	51611	257	
Capelle aan den IJssel		217	519292	45778	257	
Castricum		217	525483	46694	257	
Culemborg		217	519550	52278	257	
Dalfsen		217	525117	62569	257	
De Meern		217	520817	50361	257	
Delft		217	520067	43556	257	
Delfzijl		217	533300	69181	257	
Den Helder		217	529599	47593	257	
Deventer		217	522550	61639	257	
Diemen		217	523396	49626	257	
Doetinchem		217	519650	62889	257	
Dongen		217	516267	49389	257	
Dordrecht		217	518100	46736	257	
Drachten		217	531125	60989	257	
Dronten		217	525250	57181	257	
Duiven		217	519467	60139	257	
Ede		217	520333	56583	257	
Eindhoven		217	514408	54778	257	
Elburg		217	524475	58431	257	
Emmeloord		217	527108	57486	257	
Emmen		217	527792	69069	257	
Enschede		217	522183	68958	257	
Epe		217	523475	59833	257	
Geldermalsen		217	518808	52889	257	
Geldrop		217	514217	55597	257	
Geleen		217	509742	58292	257	
Goes		217	515042	38889	257	
Goirle		217	515208	50667	257	
Gorinchem		217	518365	49724	257	
Gouda		217	520167	47083	257	
Groningen		217	532192	65667	257	
Groot IJsselmonde		217	518826	45494	257	
Haaksbergen		217	521567	67389	257	
Haarlem		217	523808	46368	257	
Hardenberg		217	525758	66194	257	
Harderwijk		217	523417	56208	257	
Heemskerk		217	525111	46716	257	
Heemstede		217	523499	46230	257	
Heerenveen		217	529593	59185	257	
Heerhugowaard		217	526714	48486	257	
Heerlen		217	508837	59815	257	
Heiloo		217	526025	46882	257	
Hellevoetsluis		217	518333	41333	257	
Helmond		217	514817	56611	257	
Hengelo		217	522658	67931	257	
Hilversum		217	522233	51764	257	
Hoensbroek		217	509239	59253	257	
Hoofddorp		217	523025	46889	257	
Hoogeveen		217	527225	64764	257	
Hoogezand		217	531617	67611	257	
Hoogvliet		217	518633	43625	257	
Hoorn		217	526425	50597	257	
Huizen		217	522992	52417	257	
IJmuiden		217	524603	46105	257	
IJsselstein		217	520200	50431	257	
Kampen		217	525550	59111	257	
Kerkrade		217	508658	60625	257	
Krimpen aan den IJssel		217	519167	46028	257	
Leeuwarden		217	532014	58086	257	
Leiden		217	521583	44931	257	
Leiderdorp		217	521583	45292	257	
Lelystad		217	525083	54750	257	
Leusden		217	521325	54319	257	
Lisse		217	522600	45569	257	
Loon op Zand		217	516275	50750	257	
Losser		217	522608	70042	257	
Maarssen		217	521392	50417	257	
Maassluis		217	519233	42500	257	
Maastricht		217	508483	56889	257	
Medemblik		217	527717	51056	257	
Meppel		217	526958	61944	257	
Middelburg		217	515000	36139	257	
Nieuwegein		217	520292	50806	257	
Nijkerk		217	522200	54861	257	
Nijmegen		217	518425	58528	257	
Noordwijk-Binnen		217	522340	44447	257	
Nuenen		217	514700	55528	257	
Oisterwijk		217	515792	51889	257	
Oldenzaal		217	523133	69292	257	
Ommoord		217	519595	45453	257	
Oosterhout		217	516450	48597	257	
Oss		217	517650	55181	257	
Oud-Beijerland		217	518242	44125	257	
Papendrecht		217	518317	46875	257	
Purmerend		217	525050	49597	257	
Putten		217	522592	56069	257	
Ridderkerk		217	518725	46028	257	
Rijssen		217	523067	65181	257	
Rijswijk		217	520363	43250	257	
Roermond		217	511942	59875	257	
Roosendaal		217	515308	44653	257	
Rotterdam		217	519225	44792	257	
Scheveningen		217	521046	42756	257	
Schiedam		217	519192	43889	257	
Schijndel		217	516225	54319	257	
Sittard		217	509983	58694	257	
Sliedrecht		217	518208	47764	257	
Sneek		217	530330	56589	257	
Soest		217	521733	52917	257	
Spijkenisse		217	518450	43292	257	
Steenbergen		217	515842	43194	257	
Terneuzen		217	513358	38278	257	
The Hague		217	520767	42986	257	
Tiel		217	518867	54292	257	
Tilburg		217	515555	50913	257	
Uden		217	516608	56194	257	
Uithoorn		217	522375	48264	257	
Utrecht		217	520908	51222	257	
Valkenswaard		217	513508	54597	257	
Veendam		217	531067	68792	257	
Veenendaal		217	520286	55589	257	
Veghel		217	516167	55486	257	
Velsen-Zuid		217	524600	46500	257	
Venlo		217	513700	61681	257	
Venray		217	515250	59750	257	
Vlaardingen		217	519125	43417	257	
Vlissingen		217	514425	35736	257	flushing
Volendam		217	524950	50708	257	
Voorburg		217	520742	43597	257	
Voorschoten		217	521275	44486	257	
Vught		217	516533	52875	257	
Waalwijk		217	516825	50708	257	
Waddinxveen		217	520450	46514	257	
Wageningen		217	519700	56667	257	
Wassenaar		217	521458	44028	257	
Weert		217	512517	57069	257	
Wierden		217	523592	65931	257	
Wijchen		217	518092	57250	257	
Winterswijk		217	519725	67194	257	
Woerden		217	520850	48833	257	
Ypenburg		217	520410	43698	257	
Zaandam		217	524385	48264	257	
Zaanstad		217	524531	48136	257	
Zaltbommel		217	518100	52444	257	
Zeist		217	520900	52333	257	
Zevenaar		217	519300	60708	257	
Zoetermeer		217	520575	44931	257	
Zutphen		217	521383	62014	257	
Zwijndrecht		217	518175	46333	257	
Zwolle		217	525125	60944	257	
Aileu		218	-87281	1255664	182	
Baukau		218	-84757	1264563	182	baucau
Dili		218	-85586	1255736	182	
Likisá	likisa	218	-85875	1253419	182	
Lospalos		218	-85217	1269983	182	
Maliana		218	-89917	1252197	182	
Maubara		218	-86119	1252061	182	
Suai		218	-93129	1252565	182	
Venilale		218	-86431	1263783	182	
Anié	anie	219	77500	12000	32	
Aného	aneho	219	62280	15919	32	
Atakpamé	atakpame	219	75333	11333	32	
Badou		219	75833	6000	32	
Bafilo		219	93500	12667	32	
Bassar		219	92502	7821	32	
Dapaong		219	108622	2076	32	
Kara		219	95511	11861	32	
Kpalimé	kpalime	219	69000	6333	32	
Lomé	lome	219	61287	12215	32	
Mango		219	103592	4708	32	
Niamtougou		219	97681	11053	32	
Notsé	notse	219	69500	11667	32	
Sinkassé	sinkasse	219	111039	94	32	
Sokodé	sokode	219	89833	11333	32	
Sotouboua		219	85634	9840	32	
Tabligbo		219	65833	15000	32	
Tchamba		219	90333	14167	32	
Tsévié	tsevie	219	64261	12133	32	
Nuku‘alofa		220	-211368	-1752011	347	nuku'alofa
Arima		221	106374	-612823	138	
Chaguanas		221	105167	-614167	138	
Diego Martin		221	107208	-615662	138	
Laventille		221	106492	-614989	138	
Marabella		221	103062	-614467	138	
Mon Repos		221	102798	-614459	138	
Point Fortin		221	101741	-616841	138	
Port of Spain		221	106667	-615189	138	
Rio Claro		221	103059	-611756	138	
San Fernando		221	102797	-614684	138	
Ajim		222	337264	107566	50	
Akouda		222	358691	105653	50	
Ar Rudayyif		222	343827	81555	50	redeyef
Aryanah		222	368601	101934	50	
Ben Arous		222	367545	102217	50	
Ben Gardane		222	331378	112196	50	
Beni Khiar		222	364692	107822	50	
Bizerte		222	372744	98739	50	
Borj Cedria		222	366970	103865	50	
Boumhel El Bassatine		222	367251	102350	50	
Béja	beja	222	367256	91817	50	
Chebba		222	352372	111150	50	
Dar Chabanne		222	364680	107517	50	
Dar el Haj Taïeb	dar el haj taieb	222	347844	107439	50	
Den Den		222	368075	101106	50	
Djemmal		222	356223	107570	50	
Douane		222	364477	107557	50	
Douar Hicher		222	368266	100897	50	
Douz		222	334663	90203	50	
El Ain		222	348000	107833	50	
El Fahs		222	363742	99065	50	
El Hamma		222	338915	97963	50	
El Jem		222	353000	107167	50	
El Kef		222	361742	87049	50	
El Ksar		222	343992	88040	50	
El Mgarsa		222	338168	109923	50	
El Mourouj		222	367136	102096	50	
Ettadhamen		222	368325	101100	50	
Ez Zahra		222	367461	103083	50	
Feriana		222	349453	85679	50	
Fouchana		222	367005	101685	50	
Gabès	gabes	222	338815	100982	50	
Gafsa		222	344250	87842	50	
Gremda		222	347908	107206	50	
Grombalia		222	365989	105003	50	
Hammam Sousse		222	358609	106031	50	
Hammam-Lif		222	367287	103416	50	
Hammamet		222	364000	106167	50	
Houmt Souk		222	338758	108574	50	
Jedeïda	jedeida	222	368311	99242	50	
Jendouba		222	365011	87802	50	
Kairouan		222	356781	100963	50	
Kalaa Srira		222	358224	105574	50	
Kasserine		222	351676	88365	50	
Kebili		222	337044	89690	50	
Kelaa Kebira		222	358728	105372	50	
Korba		222	365786	108586	50	
Ksar Hellal		222	356477	108905	50	
Ksour Essaf		222	354181	109948	50	
Kélibia	kelibia	222	368476	110939	50	
La Gazelle		222	368948	101860	50	
La Goulette		222	368192	103065	50	
La Marsa		222	368782	103247	50	
La Mohammedia		222	366745	101563	50	
La Sebala du Mornag		222	366793	102920	50	
Le Bardo		222	368106	101348	50	
Le Kram		222	368358	103164	50	
Mahdia		222	355047	110622	50	
Manouba		222	368101	100956	50	
Mateur		222	370404	96656	50	
Medenine		222	333550	105055	50	
Medjez el Bab		222	366496	96123	50	
Menzel Bourguiba		222	371537	97859	50	
Menzel Jemil		222	372362	99145	50	
Menzel Temime		222	367822	109875	50	
Metlaoui		222	343208	84016	50	
Midoun		222	338081	109923	50	
Mnihla		222	368477	101108	50	
Moknine		222	356333	109000	50	
Monastir		222	357780	108262	50	
Moularès	moulares	222	344888	82687	50	
Msaken		222	357292	105808	50	masakin
Mégrine	megrine	222	367692	102364	50	
Nabeul		222	364561	107376	50	
Nefta		222	338731	78776	50	
Oued Lill		222	368341	100406	50	
Ouerdanine		222	356901	106760	50	
Radès	rades	222	367695	102747	50	
Rass el Djebel		222	372157	101253	50	
Rhennouch		222	339406	100644	50	
Sakiet ed Daier		222	347944	108062	50	
Sakiet ez Zit		222	348019	107636	50	
Sbeitla		222	352315	91232	50	
Sejoumi		222	367558	101183	50	
Sfax		222	347406	107603	50	
Sidi Abid		222	347000	106950	50	
Sidi Bouzid		222	350382	94849	50	
Siliana		222	360850	93708	50	
Skanes		222	357749	107946	50	
Soliman		222	366964	104917	50	
Sousse		222	358254	106370	50	
Sukrah		222	368774	102468	50	
Takelsa		222	367833	106333	50	
Tataouine		222	329297	104518	50	
Teboulba		222	356402	109673	50	
Tebourba		222	368293	98394	50	
Tozeur		222	339197	81335	50	
Tunis		222	368190	101658	50	
Zarzis		222	335040	111122	50	
Zouila		222	355006	110606	50	
Adana		223	369862	353253	274	
Adapazarı	adapazari	223	407806	304033	274	
Adilcevaz		223	387991	427316	274	
Adıyaman	adiyaman	223	377644	382763	274	
Afyonkarahisar		223	387567	305433	274	
Afşin	afsin	223	382477	369140	274	
Ahlat		223	387489	424801	274	
Akdağmadeni	akdagmadeni	223	396603	358836	274	
Akhisar		223	389185	278401	274	
Aksaray		223	383725	340254	274	
Akyazı	akyazi	223	406850	306222	274	
Akyurt		223	401351	330861	274	
Akçaabat	akcaabat	223	410212	395715	274	
Akçakale	akcakale	223	367111	389475	274	
Akçakoca	akcakoca	223	410894	311236	274	
Akçapınar	akcapinar	223	389473	389423	274	
Akşehir	aksehir	223	383575	314164	274	
Alaca		223	401683	348425	274	
Alanya		223	365438	319998	274	
Alaşehir	alasehir	223	383508	285172	274	
Aliağa	aliaga	223	387998	269720	274	
Amasya		223	406533	358331	274	
Anamur		223	360751	328369	274	
Ankara		223	399199	328543	274	
Antakya		223	362066	361572	274	
Antalya		223	369081	306956	274	
Araklı	arakli	223	409385	400584	274	
Ardahan		223	411087	427022	274	
Ardeşen	ardesen	223	411906	409793	274	
Arnavutköy	arnavutkoy	223	411835	287402	274	
Artvin		223	411816	418217	274	
Ataşehir	atasehir	223	409833	291167	274	
Aydın	aydin	223	378450	278396	274	
Ayvalık	ayvalik	223	393193	266934	274	aivali
Ağrı	agri	223	397147	430401	274	
Babaeski		223	414281	270966	274	
Bafra		223	415679	359031	274	
Bahçelievler	bahcelievler	223	410023	288598	274	
Balıkesir	balikesir	223	396492	278861	274	
Bandırma	bandirma	223	403522	279767	274	
Bartın	bartin	223	416358	323375	274	
Batikent		223	399683	327308	274	
Batman		223	378874	411322	274	
Bayburt		223	402563	402229	274	
Bağcılar	bagcilar	223	410390	288567	274	
Başakşehir	basaksehir	223	411060	287910	274	
Belek		223	368628	310556	274	
Bergama		223	391207	271805	274	
Besni		223	376928	378611	274	
Beykonak		223	363257	303030	274	
Beylikdüzü	beylikduzu	223	409820	286399	274	
Beypazarı	beypazari	223	401675	319211	274	
Beyşehir	beysehir	223	376773	317246	274	
Beşikdüzü	besikduzu	223	410520	392329	274	
Biga		223	402281	272422	274	
Bilecik		223	401419	299793	274	
Bingöl	bingol	223	388847	404939	274	bingoel
Birecik		223	370258	379784	274	
Bismil		223	378451	406593	274	
Bitlis		223	384012	421078	274	
Bodrum		223	370383	274292	274	
Bolu		223	407358	316061	274	
Bolvadin		223	387111	310486	274	
Bor		223	378906	345589	274	
Boyabat		223	414689	347667	274	
Bozova		223	373625	385267	274	
Bozyazı	bozyazi	223	361082	329611	274	
Bozüyük	bozuyuk	223	399078	300367	274	
Bucak		223	374592	305950	274	
Bulancak		223	409380	382315	274	
Bulanık	bulanik	223	390866	422716	274	
Burdur		223	377203	302908	274	
Burhaniye		223	395004	269727	274	
Bursa		223	401956	290601	274	
Büyükçekmece	buyukcekmece	223	410207	285850	274	
Ceyhan		223	370247	358175	274	
Ceylanpınar	ceylanpinar	223	368472	400500	274	
Cikcilli		223	365540	320296	274	
Cimin		223	397095	397002	274	
Cizre		223	373302	421848	274	
Demirci		223	390461	286589	274	
Denizli		223	377742	290875	274	
Derince		223	407569	298147	274	
Develi		223	383906	354922	274	
Devrek		223	412192	319558	274	
Didim		223	373850	272564	274	
Dinar		223	380650	301656	274	
Diyarbakır	diyarbakir	223	379136	402172	274	
Doğubayazıt	dogubayazit	223	395469	440842	274	dogubeyazit
Dörtyol	dortyol	223	368392	362302	274	
Düzce	duzce	223	408389	311639	274	
Edirne		223	416772	265560	274	
Edremit		223	395961	270244	274	
Elazığ	elazig	223	386743	392232	274	
Elbistan		223	382059	371983	274	
Elmadağ	elmadag	223	399208	332308	274	
Emet		223	393430	292585	274	
Eminönü	eminonu	223	410175	289710	274	
Erbaa		223	406689	365675	274	
Erciş	ercis	223	390259	433596	274	
Erdek		223	403996	277935	274	
Erdemli		223	366050	343084	274	
Ereğli	eregli	223	375133	340467	274	heraclea
Ereğli	eregli	223	412826	314181	274	
Ergani		223	382690	397545	274	
Erzin		223	369535	361984	274	
Erzincan		223	397392	394902	274	
Erzurum		223	399086	412769	274	
Esenler		223	410435	288762	274	
Esenyurt		223	410270	286773	274	
Eskişehir	eskisehir	223	397767	305206	274	
Etlik		223	399820	328246	274	
Fatsa		223	410289	374998	274	
Ferizli		223	409408	304858	274	
Fethiye		223	366404	291276	274	
Gaziantep		223	370594	373825	274	
Gebze		223	408028	294307	274	
Gediz		223	389939	293913	274	
Gelibolu		223	404084	266717	274	
Gemlik		223	404309	291597	274	
Genç	genc	223	387477	405534	274	
Gerede		223	408008	321969	274	
Giresun		223	409170	383874	274	
Göksun	goksun	223	380210	364973	274	
Gölbaşı	golbasi	223	377836	376367	274	
Gölcük	golcuk	223	407150	298182	274	
Gönen	gonen	223	401049	276540	274	
Görele	gorele	223	410308	390031	274	
Görükle	gorukle	223	402311	288402	274	
Gümüşhane	gumushane	223	404600	394718	274	
Güroymak	guroymak	223	385758	420156	274	
Gürpınar	gurpinar	223	409926	286143	274	
Gürsu	gursu	223	402188	291949	274	
Hakkâri	hakkari	223	375744	437408	274	
Havza		223	409706	356622	274	
Hendek		223	407994	307481	274	
Hıdırbey	hidirbey	223	362080	361279	274	
Hınıs	hinis	223	393577	416925	274	
Ilgın	ilgin	223	382792	319139	274	
Isparta		223	377644	305522	274	
Istanbul		223	410138	289497	274	
Iğdır	igdir	223	399237	440450	274	
Kadirli		223	373739	360961	274	
Kahramanmaraş	kahramanmaras	223	375847	369264	274	
Kaman		223	393575	337239	274	
Karabağlar	karabaglar	223	383820	271320	274	
Karabük	karabuk	223	412049	326277	274	
Karacabey		223	402132	283612	274	
Karakoçan	karakocan	223	389518	400271	274	
Karaman		223	371811	332150	274	
Karamürsel	karamursel	223	406913	296165	274	
Karapınar	karapinar	223	377160	335506	274	
Karasu		223	411044	306966	274	
Karasu Mahallesi		223	410710	307854	274	
Kars		223	405982	430855	274	
Kastamonu		223	413780	337753	274	
Kavaklı	kavakli	223	410926	283317	274	
Kayseri		223	387322	354853	274	
Kazan		223	402317	326839	274	
Kağızman	kagizman	223	401567	431342	274	
Kelkit		223	401268	394342	274	
Kemalpaşa	kemalpasa	223	384262	274173	274	
Keskin		223	396731	336136	274	
Kestel		223	401983	292124	274	
Keşan	kesan	223	408552	266327	274	zorlanae
Kilis		223	367161	371150	274	
Kireçocağı	kirecocagi	223	370500	352333	274	
Konya		223	378714	324846	274	
Kovancılar	kovancilar	223	387188	398627	274	
Kozan		223	374552	358157	274	
Kozluk		223	381912	414778	274	
Kula		223	385473	286498	274	
Kulp		223	384975	410067	274	
Kulu		223	390951	330799	274	
Kumru		223	408744	372639	274	
Kurtalan		223	379253	416849	274	
Kuşadası	kusadasi	223	378601	272571	274	
Kâhta	kahta	223	377855	386237	274	
Körfez	korfez	223	407670	297828	274	
Kütahya	kutahya	223	394242	299833	274	
Kırkağaç	kirkagac	223	391064	276692	274	
Kırklareli	kirklareli	223	417351	272252	274	
Kırıkhan	kirikhan	223	364994	363576	274	
Kırıkkale	kirikkale	223	398453	335064	274	
Kırşehir	kirsehir	223	391458	341639	274	
Kızıltepe	kiziltepe	223	371884	405772	274	
Lüleburgaz	luleburgaz	223	414017	273575	274	
Mahmutlar		223	364946	320909	274	
Malatya		223	383502	383167	274	
Malazgirt		223	391465	425354	274	
Malkara		223	408910	269020	274	
Maltepe		223	409357	291551	274	
Manavgat		223	367867	314409	274	
Manisa		223	386120	274265	274	
Mardin		223	373131	407436	274	
Marmaris		223	368550	282742	274	
Menderes		223	382496	271343	274	
Menemen		223	386075	270694	274	
Merkezefendi		223	378054	290424	274	
Mersin		223	368120	346389	274	
Merter Keresteciler		223	410129	288859	274	
Merzifon		223	408733	354631	274	
Midyat		223	374191	413391	274	
Milas		223	373164	277839	274	
Mimarsinan		223	410149	285608	274	
Mudanya		223	403752	288838	274	
Muratpaşa	muratpasa	223	368916	307650	274	
Mustafakemalpaşa	mustafakemalpasa	223	400382	284087	274	
Mut		223	366439	334388	274	
Muğla	mugla	223	372181	283665	274	
Muş	mus	223	387316	414848	274	
Nazilli		223	379163	283222	274	
Nevşehir	nevsehir	223	386250	347122	274	
Niksar		223	405917	369517	274	
Nizip		223	370097	377942	274	
Niğde	nigde	223	379658	346794	274	
Nusaybin		223	370703	412146	274	nisibis
Oba		223	365501	320596	274	
Of		223	409406	402592	274	
Oltu		223	405394	419872	274	
Ordu		223	409778	378905	274	
Orhangazi		223	404892	293089	274	
Ortaköy	ortakoy	223	387373	340387	274	
Osmancık	osmancik	223	409782	348047	274	
Osmaniye		223	370742	362478	274	
Pasinler		223	399798	416700	274	
Patnos		223	392249	428569	274	
Pazarcık	pazarcik	223	374868	372996	274	
Polatlı	polatli	223	395772	321413	274	
Reyhanlı	reyhanli	223	362679	365675	274	
Rize		223	410208	405219	274	
Safranbolu		223	412508	326942	274	
Salihli		223	384826	281477	274	
Samandağ	samandag	223	360801	359760	274	
Samsun		223	412798	363361	274	
Sancaktepe		223	410024	292319	274	
Sandıklı	sandikli	223	384647	302695	274	
Sapanca		223	406914	302674	274	
Sarıkamış	sarikamis	223	403277	425870	274	
Selçuk	selcuk	223	379514	273685	274	
Serik		223	369169	310989	274	
Seydişehir	seydisehir	223	374193	318453	274	
Siirt		223	379293	419413	274	
Silifke		223	363778	339344	274	
Silivri		223	410739	282464	274	siliviri
Silopi		223	372438	424634	274	
Silvan		223	381371	410082	274	miepherkeim
Simav		223	390882	289777	274	
Sinop		223	420268	351625	274	
Sivas		223	397483	370161	274	
Siverek		223	377550	393167	274	
Soma		223	391855	276094	274	
Sorgun		223	398101	351860	274	
Sultanbeyli		223	409607	292707	274	
Sultangazi		223	411065	288685	274	
Suluova		223	408313	356479	274	
Sungurlu		223	401675	343739	274	
Suruç	suruc	223	369761	384253	274	
Susurluk		223	399136	281578	274	
Suşehri	susehri	223	401600	380841	274	
Söke	soke	223	377482	274061	274	
Talas		223	386908	355538	274	
Tarsus		223	369177	348928	274	
Tatvan		223	384922	422827	274	
Tavşanlı	tavsanli	223	395424	294987	274	
Tekirdağ	tekirdag	223	409781	275110	274	
Tepecik		223	410293	285498	274	
Terme		223	412092	369739	274	
Tire		223	380888	277351	274	
Tokat		223	403139	365544	274	tokat province
Torbalı	torbali	223	381820	273350	274	
Tosya		223	410154	340401	274	
Trabzon		223	410050	397269	274	
Tunceli		223	390992	395435	274	
Turgutlu		223	384953	276997	274	
Turhal		223	403875	360811	274	
Umraniye		223	410164	291248	274	
Urla		223	383229	267640	274	
Uzunköprü	uzunkopru	223	412691	266860	274	
Uşak	usak	223	386735	294058	274	
Vakfıkebir	vakfikebir	223	410458	392764	274	
Van		223	384946	433832	274	
Vezirköprü	vezirkopru	223	411436	354547	274	
Viranşehir	viransehir	223	372235	397552	274	
Yahyalı	yahyali	223	381023	353570	274	
Yakuplu		223	409889	286758	274	
Yakınca	yakinca	223	383053	382383	274	
Yalova		223	406550	292769	274	
Yalvaç	yalvac	223	382956	311778	274	
Yenişehir	yenisehir	223	402644	296531	274	
Yerköy	yerkoy	223	396381	344672	274	
Yeşilli	yesilli	223	373381	408174	274	
Yozgat		223	398200	348044	274	
Yüksekova	yuksekova	223	375736	442872	274	
Zekeriya		223	411981	290303	274	
Zeytinburnu		223	409944	289042	274	
Zile		223	403031	358864	274	
Zonguldak		223	414514	317930	274	
güngören merter	gungoren merter	223	410071	288880	274	
Çan	can	223	400333	270524	274	
Çanakkale	canakkale	223	401555	264127	274	
Çankaya	cankaya	223	399179	328627	274	
Çankırı	cankiri	223	406000	336153	274	
Çarşamba	carsamba	223	411989	367219	274	
Çay	cay	223	385917	310286	274	
Çaycuma	caycuma	223	414264	320756	274	
Çayeli	cayeli	223	410861	407221	274	
Çerkezköy	cerkezkoy	223	412863	279994	274	
Çeşme	cesme	223	383261	263057	274	
Çine	cine	223	376127	280591	274	
Çorlu	corlu	223	411607	278009	274	
Çorum	corum	223	405489	349533	274	
Çubuk	cubuk	223	402386	330322	274	
Çumra	cumra	223	375732	327745	274	
Ödemiş	odemis	223	382278	279696	274	
Ünye	unye	223	411405	372885	274	
Üsküdar	uskudar	223	410227	290137	274	
İdil	idil	223	373348	418894	274	
İmamoğlu	imamoglu	223	372651	356572	274	
İncirli	incirli	223	399843	328432	274	
İnegol	inegol	223	400781	295133	274	
İskenderun	iskenderun	223	365872	361735	274	
İzmir	izmir	223	384127	271384	274	
İzmit	izmit	223	407650	299293	274	
İznik	iznik	223	404286	297211	274	nicaea
Şanlıurfa	sanliurfa	223	371671	387939	274	
Şarkîkaraağaç	sarkikaraagac	223	380794	313664	274	
Şarkışla	sarkisla	223	393519	364098	274	
Şebin Karahisar	sebin karahisar	223	402883	384236	274	sebinkarahisar
Şereflikoçhisar	sereflikochisar	223	389392	335386	274	
Şişli	sisli	223	410605	289872	274	
Şırnak	sirnak	223	375139	424543	274	
Abadan		224	380542	581972	168	
Ashgabat		224	379500	583833	168	
Baharly		224	384362	574316	168	baherden
Balkanabat		224	395108	543671	168	
Bayramaly		224	376185	621672	168	
Bereket		224	392446	555154	168	
Daşoguz	dasoguz	224	418362	599666	168	
Gowurdak		224	378124	660466	168	
Gumdag		224	392061	545906	168	
Gökdepe	gokdepe	224	381586	579607	168	
Kerki		224	378357	652106	168	
Köneürgench	koneurgench	224	423277	591544	168	
Mary		224	375938	618303	168	
Tejen		224	373834	605054	168	
Türkmenabat	turkmenabat	224	390733	635786	168	
Türkmenbaşy	turkmenbasy	224	400222	529552	168	
Yolöten	yoloten	224	372989	623598	168	
Yylanly		224	418333	596500	168	andalyp
Änew	anew	224	378875	585160	168	anev
Cockburn Town		225	214612	-711419	97	
Providenciales		225	217825	-722521	97	
Funafuti		226	-85242	1791942	329	
Charlotte Amalie		227	183419	-649307	153	
Saint Croix		227	177275	-647470	153	st croix
Aberdare		228	517144	-34492	281	
Aberdeen		228	571437	-20981	281	
Abingdon		228	516711	-12828	281	
Accrington		228	537538	-23586	281	
Acocks Green		228	524500	-18167	281	
Acton		228	515090	-2762	281	
Airdrie		228	558660	-39802	281	
Aldershot		228	512483	-7639	281	
Alfreton		228	530977	-13838	281	
Altrincham		228	533875	-23485	281	
Amersham		228	516667	-6167	281	
Ammanford		228	517928	-39883	281	
Andover		228	512114	-14939	281	
Arbroath		228	565632	-25874	281	
Archway		228	515673	-1342	281	
Arnold		228	530000	-11333	281	
Ashford		228	511465	8738	281	
Ashford		228	514317	-4576	281	
Ashington		228	551772	-15641	281	
Ashton in Makerfield		228	534833	-26500	281	
Ashton-under-Lyne		228	534888	-20989	281	
Aston		228	525000	-18833	281	
Aylesbury		228	518166	-8146	281	
Ayr		228	554627	-46339	281	
Ballymena		228	548636	-62763	281	
Banbury		228	520632	-13422	281	
Bangor		228	546608	-56680	281	
Banstead		228	513223	-2068	281	
Barking		228	515333	833	281	
Barnes		228	514735	-2484	281	
Barnet		228	516500	-2000	281	
Barnsley		228	535500	-14833	281	
Barnstaple		228	510802	-40581	281	
Barrow in Furness		228	541109	-32276	281	
Barry		228	513998	-32838	281	
Bartley Green		228	524353	-19971	281	
Basildon		228	515684	4578	281	
Basingstoke		228	512625	-10871	281	
Bath		228	513751	-23617	281	
Batley		228	537029	-16337	281	
Battersea		228	514748	-1555	281	
Bearsden		228	559154	-43328	281	
Beckenham		228	514088	-253	281	
Becontree		228	515529	1290	281	
Bedford		228	521346	-4663	281	
Bedworth		228	524791	-14691	281	
Belfast		228	545968	-59254	281	
Belper		228	530233	-14812	281	
Bentley		228	535333	-11500	281	
Berkhamsted		228	517604	-5653	281	
Beverley		228	538459	-4233	281	
Bexhill-on-Sea		228	508502	4710	281	
Bexley		228	514416	1487	281	
Bicester		228	519000	-11536	281	
Bideford		228	510168	-42083	281	
Billericay		228	516287	4196	281	
Billingham		228	545888	-12903	281	
Birkenhead		228	533934	-30148	281	
Birmingham		228	524814	-18998	281	
Bishop Auckland		228	546555	-16771	281	
Bishopbriggs		228	559067	-42187	281	
Bishops Stortford		228	518711	1587	281	bishop's stortford
Blackburn		228	537500	-24833	281	
Blackheath		228	514647	79	281	
Blackpool		228	538167	-30500	281	
Bletchley		228	519933	-7347	281	
Bloxwich		228	526181	-20043	281	
Blyth		228	551271	-15086	281	
Bognor Regis		228	507821	-6798	281	
Bolton		228	535833	-24333	281	
Bootle		228	534667	-30167	281	
Borehamwood		228	516547	-2776	281	
Boston		228	529763	-266	281	
Bournemouth		228	507205	-18795	281	
Bow		228	515261	-167	281	
Bracknell		228	514136	-7505	281	
Bradford		228	537939	-17521	281	
Braintree		228	518782	5529	281	
Bramhall		228	533580	-21654	281	
Brent		228	515531	-3023	281	
Brentwood		228	516213	3056	281	
Bridgend		228	515058	-35772	281	
Bridgwater		228	511284	-30036	281	
Bridlington		228	540831	-1919	281	
Brierley Hill		228	524817	-21214	281	
Brighouse		228	537032	-17843	281	
Brighton		228	508284	-1395	281	
Bristol		228	514552	-25966	281	
Briton Ferry		228	516311	-38190	281	
Brixton		228	514659	-1065	281	
Broadstairs		228	513584	14418	281	
Bromsgrove		228	523357	-20598	281	
Buckley		228	531667	-30833	281	
Burgess Hill		228	509584	-1329	281	
Burngreave		228	533930	-14579	281	
Burnham-on-Sea		228	512386	-29978	281	
Burnley		228	538000	-22333	281	
Burntwood		228	526808	-19276	281	
Burton upon Trent		228	528073	-16426	281	burton-on-trent
Bury		228	536000	-23000	281	
Bury St Edmunds		228	522463	7111	281	
Buxton		228	532574	-19098	281	
Caerphilly		228	515745	-32180	281	
Camberley		228	513370	-7426	281	
Camborne		228	502131	-52973	281	
Cambridge		228	522000	1167	281	
Cambuslang		228	558097	-41610	281	
Camden Town		228	515406	-1433	281	
Canary Wharf		228	515052	-208	281	
Canning Town		228	515136	195	281	
Cannock		228	526904	-20308	281	
Canterbury		228	512790	10799	281	
Canvey Island		228	515220	5809	281	
Cardiff		228	514800	-31800	281	
Carlisle		228	548951	-29382	281	
Carrickfergus		228	547158	-58058	281	
Carshalton		228	513683	-1676	281	
Castleford		228	537259	-13626	281	
Castlereagh		228	545735	-58847	281	
Catford		228	514449	-204	281	
Chadderton		228	535448	-21398	281	
Chalk Farm		228	515431	-1499	281	
Chapeltown		228	534651	-14722	281	
Chatham		228	513789	5279	281	
Cheadle Hulme		228	533761	-21897	281	
Chelmsford		228	517358	4696	281	
Chelsea		228	514876	-1694	281	
Cheltenham		228	519001	-20797	281	
Cheshunt		228	517002	-303	281	
Chester		228	531905	-28919	281	
Chester-le-Street		228	548586	-15741	281	
Chesterfield		228	532500	-14167	281	
Chichester		228	508367	-7800	281	
Chingford		228	516303	5	281	
Chippenham		228	514600	-21247	281	
Chipping Sodbury		228	515381	-23938	281	
Chiswick		228	514927	-2580	281	
Chorley		228	536500	-26167	281	
Christchurch		228	507358	-17813	281	
City of Westminster		228	514975	-1357	281	
Clacton-on-Sea		228	517897	11560	281	
Cleckheaton		228	537240	-17129	281	
Cleethorpes		228	535605	-322	281	
Clydebank		228	559014	-44057	281	
Coalville		228	527225	-13702	281	
Coatbridge		228	558622	-40247	281	
Coity		228	515220	-35553	281	
Colchester		228	518892	9042	281	
Coleraine		228	551333	-66667	281	
Colwyn Bay		228	532948	-37267	281	
Congleton		228	531631	-22125	281	
Consett		228	548540	-18316	281	
Corby		228	524964	-6894	281	
Coulsdon		228	513200	-1409	281	
Coventry		228	524066	-15122	281	
Cowes		228	507625	-12978	281	
Craigavon		228	544471	-63870	281	
Cramlington		228	550865	-15860	281	
Crawley		228	511130	-1831	281	
Crewe		228	530979	-24416	281	
Cricklewood		228	515567	-2155	281	
Crowthorne		228	513703	-7922	281	
Croydon		228	513833	-1000	281	
Cumbernauld		228	559468	-39905	281	
Cwmbran		228	516545	-30228	281	
Dagenham		228	515500	1667	281	
Darlington		228	545243	-15504	281	
Dartford		228	514466	2142	281	
Darwen		228	536980	-24649	281	
Daventry		228	522569	-11607	281	
Deal		228	512232	14028	281	
Deeside		228	532005	-30384	281	
Denton		228	534568	-21182	281	
Derby		228	529228	-14766	281	
Derry		228	549981	-73093	281	londonderry
Dewsbury		228	536908	-16291	281	
Didcot		228	516093	-12421	281	
Doncaster		228	535228	-11312	281	
Dover		228	511260	13126	281	
Droitwich		228	522667	-21500	281	
Droylsden		228	534800	-21454	281	
Dudley		228	525000	-20833	281	
Dumfries		228	550696	-36114	281	
Dundee		228	564691	-29749	281	
Dunfermline		228	560716	-34589	281	
Dunstable		228	518857	-5229	281	
Durham		228	547768	-15757	281	
East Grinstead		228	511238	-61	281	
East Kilbride		228	557641	-41767	281	
Eastbourne		228	507687	2845	281	
Eastleigh		228	509667	-13500	281	
Ebbw Vale		228	517771	-32079	281	
Eccles		228	534833	-23333	281	
Edinburgh		228	559521	-31965	281	
Edmonton		228	516256	-580	281	
Egham		228	514316	-5524	281	
Elgin		228	576495	-33184	281	
Ellesmere Port Town		228	532788	-29013	281	
Eltham		228	514506	522	281	
Enfield Town		228	516515	-850	281	
Epsom		228	513305	-2701	281	
Esher		228	513697	-3669	281	
Evesham		228	520924	-19489	281	
Ewell		228	513495	-2494	281	
Exeter		228	507236	-35275	281	
Exmouth		228	506172	-34023	281	
Falkirk		228	560021	-37854	281	
Falmouth		228	501544	-50711	281	
Fareham		228	508516	-11793	281	
Farnborough		228	512942	-7556	281	
Farnham		228	512144	-8005	281	
Farnworth		228	535500	-24000	281	
Felixstowe		228	519638	13511	281	
Felling		228	549530	-15715	281	
Feltham		228	514462	-4139	281	
Finchley		228	516010	-1952	281	
Fleet		228	512833	-8333	281	
Fleetwood		228	539253	-30108	281	
Flint		228	532449	-31323	281	
Folkestone		228	510817	11673	281	
Formby		228	535584	-30700	281	
Frome		228	512283	-23221	281	
Fulham		228	514803	-1993	281	
Fylde		228	538333	-29167	281	
Garston		228	533333	-29000	281	
Gateshead		228	549621	-16017	281	
Gillingham		228	513891	5486	281	
Glasgow		228	558652	-42576	281	
Glenrothes		228	561951	-31732	281	
Glossop		228	534432	-19490	281	
Gloucester		228	518657	-22431	281	
Godalming		228	511858	-6149	281	
Golborne		228	534769	-25965	281	
Gosforth		228	550000	-16167	281	
Gosport		228	507951	-11290	281	
Grantham		228	529115	-6418	281	
Gravesend		228	514421	3711	281	
Grays		228	514757	3252	281	
Great Malvern		228	521116	-23252	281	
Great Sankey		228	533923	-26399	281	
Great Yarmouth		228	526083	17305	281	
Greenford		228	515287	-3551	281	
Greenock		228	559484	-47612	281	
Grimsby		228	535654	-755	281	
Guildford		228	512354	-5743	281	
Hadley Wood		228	516667	-1698	281	
Halesowen		228	524486	-20494	281	
Halifax		228	537167	-18500	281	
Hamilton		228	557667	-40333	281	
Hanworth		228	514333	-3833	281	
Harlow		228	517766	1116	281	
Harpenden		228	518168	-3571	281	
Harrogate		228	539908	-15373	281	
Harrow		228	515784	-3321	281	
Hartlepool		228	546855	-12103	281	
Hastings		228	508557	5801	281	
Hatfield		228	517634	-2242	281	
Havant		228	508567	-9856	281	
Haverhill		228	520823	4389	281	
Hawarden		228	531848	-30258	281	
Hayes		228	515158	-4234	281	
Haywards Heath		228	509977	-1031	281	
Heanor		228	530137	-13538	281	
Heavitree		228	507204	-34965	281	
Hemel Hempstead		228	517537	-4498	281	
Hereford		228	520568	-27148	281	
Herne Bay		228	513730	11286	281	
Hertford		228	517959	-785	281	
Heston		228	514836	-3758	281	
Heswall		228	533273	-30965	281	
Heywood		228	535924	-22194	281	
High Peak		228	533680	-18454	281	
High Wycombe		228	516291	-7493	281	
Highbury		228	515500	-1000	281	
Hinckley		228	525389	-13761	281	
Hindley		228	535333	-25833	281	
Hitchin		228	519492	-2850	281	
Hoddesdon		228	517615	-114	281	
Holloway		228	515524	-1250	281	
Horley		228	511742	-1592	281	
Hornchurch		228	515568	2166	281	
Horsham		228	510631	-3276	281	
Houghton-Le-Spring		228	548403	-14643	281	
Hounslow		228	514684	-3609	281	
Hove		228	508309	-1672	281	
Hucknall		228	530333	-12000	281	
Huddersfield		228	536490	-17842	281	
Huntingdon		228	523305	-1865	281	
Huyton		228	534115	-28394	281	
Hyde		228	534513	-20794	281	
Ilford		228	515576	728	281	
Ilkeston		228	529706	-13095	281	
Inverness		228	574791	-42240	281	
Ipswich		228	520592	11554	281	
Irvine		228	556194	-46551	281	
Islington		228	515362	-1030	281	
Jarrow		228	549804	-14842	281	
Keighley		228	538679	-19066	281	
Kendal		228	543268	-27476	281	
Kenilworth		228	523496	-15828	281	
Kettering		228	523984	-7257	281	
Kidderminster		228	523882	-22500	281	
Kidsgrove		228	530869	-22378	281	
Kilburn		228	515530	-1916	281	
Kilmarnock		228	556117	-44958	281	
King's Lynn		228	527517	3952	281	kings lynn
Kingston upon Hull		228	537446	-3352	281	
Kingswood		228	514528	-25083	281	
Kirkby		228	534814	-28922	281	
Kirkby in Ashfield		228	530998	-12438	281	
Kirkcaldy		228	561168	-31600	281	
Lancaster		228	540465	-27999	281	
Leatherhead		228	512965	-3338	281	
Leeds		228	537965	-15478	281	
Leicester		228	526386	-11317	281	
Leigh		228	534964	-25197	281	
Leighton Buzzard		228	519172	-6580	281	
Letchworth Garden City		228	519794	-2266	281	
Leyland		228	536979	-26876	281	
Leytonstone		228	515686	77	281	
Lichfield		228	526815	-18255	281	
Lincoln		228	532268	-5379	281	
Lisburn		228	545234	-60353	281	
Litherland		228	534699	-29981	281	
Littlehampton		228	508114	-5408	281	
Liverpool		228	534106	-29779	281	
Livingston		228	559029	-35226	281	
Llanelli		228	516820	-41619	281	
Lofthouse		228	537295	-14970	281	
London		228	515085	-1257	281	
Londonderry County Borough		228	549972	-73092	281	
Long Eaton		228	528986	-12714	281	
Loughborough		228	527667	-12000	281	
Lower Earley		228	514271	-9198	281	
Lowestoft		228	524752	17517	281	
Luton		228	518797	-4175	281	
Lytham St Annes		228	537426	-29970	281	
Macclesfield		228	532602	-21256	281	
Maghull		228	535162	-29412	281	
Maidenhead		228	515228	-7199	281	
Maidstone		228	512667	5167	281	
Maldon		228	517311	6746	281	
Manchester		228	534810	-22374	281	
Mangotsfield		228	514878	-25040	281	
Mansfield		228	531333	-12000	281	
Margate		228	513813	13862	281	
Market Harborough		228	524776	-9205	281	
Meikle Earnock		228	557500	-40333	281	
Melton Mowbray		228	527659	-8869	281	
Mendip		228	512372	-26266	281	
Merthyr Tydfil		228	517479	-33778	281	
Middlesbrough		228	545762	-12348	281	
Middleton		228	535500	-22000	281	
Milton Keynes		228	520417	-7558	281	
Mitcham		228	514032	-1683	281	
Morden		228	513982	-1984	281	
Morecambe		228	540684	-28611	281	
Morley		228	537401	-15988	281	
Motherwell		228	557892	-39919	281	
Musselburgh		228	559417	-30499	281	
Muswell Hill		228	515905	-1421	281	
Neath		228	516632	-38044	281	
Nelson		228	538333	-22000	281	
New Malden		228	514006	-2617	281	
New Milton		228	507560	-16658	281	
Newark on Trent		228	530667	-8167	281	
Newburn		228	549876	-17442	281	
Newbury		228	514015	-13247	281	
Newcastle under Lyme		228	530000	-22333	281	newcastle-under-lyme
Newcastle upon Tyne		228	549733	-16140	281	
Newport		228	515877	-29984	281	
Newport		228	507015	-12912	281	
Newry		228	541784	-63374	281	
Newton Abbot		228	505286	-36119	281	
Newton Aycliffe		228	546184	-15719	281	
Newton Mearns		228	557733	-43334	281	
Newton-le-Willows		228	534500	-26000	281	
Newtownabbey		228	546598	-59086	281	
Newtownards		228	545924	-56909	281	
North Shields		228	550165	-14492	281	
Northampton		228	522500	-8833	281	
Northolt		228	515486	-3678	281	
Northwich		228	532588	-25202	281	
Norwich		228	526278	12983	281	
Nottingham		228	529536	-11505	281	
Nuneaton		228	525232	-14652	281	
Oadby		228	526062	-10835	281	
Old Trafford		228	534576	-22882	281	
Oldham		228	535405	-21183	281	
Ormskirk		228	535668	-28818	281	
Ossett		228	536798	-15801	281	
Oxford		228	517522	-12560	281	
Paignton		228	504356	-35679	281	
Paisley		228	558317	-44325	281	
Peckham		228	514740	-697	281	
Penarth		228	514386	-31734	281	
Perth		228	563952	-34314	281	
Peterborough		228	525736	-2478	281	
Peterlee		228	547603	-13365	281	
Pitsea		228	515639	5086	281	
Plymouth		228	503715	-41430	281	
Plymstock		228	503600	-40905	281	
Pontefract		228	536911	-13127	281	
Pontypool		228	517011	-30444	281	
Pontypridd		228	516021	-33421	281	
Poole		228	507143	-19846	281	
Portadown		228	544230	-64443	281	
Portishead		228	514820	-27697	281	
Portsmouth		228	507990	-10912	281	
Potters Bar		228	516935	-1784	281	
Prescot		228	534295	-28003	281	
Preston		228	537628	-27045	281	
Prestwich		228	535333	-22833	281	
Pudsey		228	537954	-16613	281	
Purley		228	513368	-1120	281	
Putney		228	514607	-2181	281	
Radcliffe		228	535618	-23246	281	
Ramsgate		228	513357	14180	281	
Rawtenstall		228	537008	-22844	281	
Rayleigh		228	515857	6046	281	
Reading		228	514562	-9711	281	
Redcar		228	546166	-10600	281	
Redditch		228	523065	-19457	281	
Redhill		228	512405	-1704	281	
Redruth		228	502332	-52243	281	
Reigate		228	512374	-2058	281	
Renfrew		228	558720	-43925	281	
Retford		228	533221	-9432	281	east retford
Rhondda		228	516590	-34488	281	
Rhosllannerchrugog		228	530097	-30581	281	
Rhyl		228	533193	-34923	281	
Richmond		228	514617	-3063	281	
Rochdale		228	536177	-21552	281	
Rochester		228	513876	5055	281	
Romford		228	515752	1858	281	
Rossendale		228	536846	-22769	281	
Rotherham		228	534301	-13568	281	
Rottingdean		228	508098	-594	281	
Royal Leamington Spa		228	522852	-15200	281	
Royal Tunbridge Wells		228	511332	2626	281	
Royton		228	535651	-21227	281	
Rugby		228	523709	-12642	281	
Rugeley		228	527593	-19369	281	
Ruislip		228	515734	-4234	281	
Runcorn		228	533417	-27312	281	
Rushden		228	522893	-6018	281	
Rutherglen		228	558288	-42138	281	
Ryde		228	507300	-11621	281	
Saddleworth		228	535485	-20046	281	
Saint Neots		228	522167	-2667	281	
Saint Peters		228	513667	14167	281	
Sale		228	534252	-23244	281	
Salford		228	534877	-22904	281	
Salisbury		228	510693	-17957	281	
Scarborough		228	542797	-4044	281	
Scunthorpe		228	535790	-6544	281	
Seaford		228	507714	1027	281	
Seaham		228	548390	-13458	281	
Selby		228	537833	-10667	281	
Sevenoaks		228	512727	1888	281	
Sheffield		228	533830	-14659	281	
Shepherds Bush		228	515050	-2211	281	
Shipley		228	538333	-17667	281	
Shirley		228	524107	-18195	281	
Shrewsbury		228	527101	-27521	281	
Sittingbourne		228	513413	7328	281	
Skegness		228	531436	3363	281	
Skelmersdale		228	535502	-27735	281	
Slough		228	515095	-5954	281	
Solihull		228	524143	-17809	281	
South Benfleet		228	515530	5596	281	
South Croydon		228	513622	-942	281	
South Shields		228	549986	-14323	281	
Southall		228	515090	-3713	281	
Southampton		228	509040	-14043	281	
Southend-on-Sea		228	515378	7143	281	
Southport		228	536458	-30101	281	
Spalding		228	527871	-1514	281	
Speke		228	533407	-28410	281	
St Albans		228	517500	-3333	281	
St Austell		228	503425	-47744	281	
St Helens		228	534500	-27333	281	
Stafford		228	528052	-21164	281	
Staines		228	514309	-5061	281	staines-upon-thames
Stalybridge		228	534841	-20591	281	
Stamford Hill		228	515687	-733	281	
Stanford-le-Hope		228	515227	4342	281	
Stanley		228	548680	-16985	281	
Staveley		228	532667	-13500	281	
Stevenage		228	519022	-2026	281	
Stirling		228	561190	-39368	281	
Stockport		228	534098	-21576	281	
Stockton-on-Tees		228	545685	-13187	281	
Stoke-on-Trent		228	530042	-21854	281	
Stourbridge		228	524561	-21432	281	
Stratford		228	515333	0	281	
Stratford-upon-Avon		228	521917	-17073	281	
Streatham		228	514290	-1318	281	
Stretford		228	534500	-23167	281	
Strood		228	513932	4771	281	
Stroud		228	517500	-22000	281	
Sudbury		228	520389	7312	281	
Sunbury-on-Thames		228	514042	-4182	281	
Sunderland		228	549046	-13822	281	
Surbiton		228	513915	-2982	281	
Sutton		228	513500	-2000	281	
Sutton Coldfield		228	525667	-18167	281	
Sutton in Ashfield		228	531254	-12614	281	
Swadlincote		228	527740	-15574	281	
Swanley		228	513972	1732	281	
Swansea		228	516208	-39432	281	
Swindon		228	515580	-17812	281	
Tamworth		228	526340	-16959	281	
Taunton		228	510149	-31029	281	
Telford		228	526766	-24493	281	
Thamesmead		228	515037	1198	281	
Thatcham		228	514037	-12605	281	
Thetford		228	524167	7500	281	
Thornaby-on-Tees		228	545333	-13000	281	
Thornton-Cleveleys		228	538739	-30224	281	
Tipton		228	525296	-20677	281	
Tonbridge		228	511953	2736	281	
Tonypandy		228	516220	-34554	281	
Torquay		228	504620	-35252	281	
Tottenham		228	516037	-679	281	
Totton		228	509188	-14904	281	
Trowbridge		228	513189	-22086	281	
Truro		228	502653	-50544	281	
Tyldesley		228	535139	-24675	281	
Urmston		228	534485	-23542	281	
Uxbridge		228	515489	-4821	281	
Vale of Leven		228	559713	-45793	281	
Wakefield		228	536833	-14977	281	
Walkden		228	535167	-24000	281	
Wallasey		228	534232	-30650	281	
Wallsend		228	549911	-15340	281	
Walsall		228	525853	-19840	281	
Walthamstow		228	515907	-208	281	
Walton-on-Thames		228	513868	-4132	281	walton on thames
Warrington		228	533925	-25802	281	
Warwick		228	522833	-15833	281	
Washington		228	549000	-15167	281	
Washwood Heath		228	525005	-18266	281	
Waterlooville		228	508807	-10304	281	
Watford		228	516553	-3960	281	
Wednesbury		228	525514	-20236	281	
Wednesfield		228	525963	-20851	281	
Welling		228	514625	1076	281	
Wellingborough		228	523027	-6945	281	
Wellington		228	527000	-25167	281	
Welwyn Garden City		228	518017	-2069	281	
Wembley		228	515524	-2969	281	
West Bridgford		228	529298	-11254	281	
West Bromwich		228	525187	-19945	281	
Westhoughton		228	535490	-25246	281	
Weston-super-Mare		228	513460	-29766	281	
Weymouth		228	506145	-24599	281	
Whitefield		228	535500	-23000	281	
Whitehaven		228	545490	-35841	281	
Whitley Bay		228	550397	-14471	281	
Whitstable		228	513607	10257	281	
Wickford		228	516110	5233	281	
Widnes		228	533618	-27341	281	
Wigan		228	535430	-26371	281	
Wigston Magna		228	525813	-10925	281	
Willenhall		228	525851	-20593	281	
Willesden		228	515333	-2333	281	
Wilmslow		228	533280	-22315	281	
Wimbledon		228	514221	-2080	281	
Winchester		228	510651	-13187	281	
Windsor		228	514833	-6000	281	
Winsford		228	531915	-25240	281	
Wisbech		228	526662	1594	281	
Wishaw		228	557667	-39167	281	
Witham		228	518001	6404	281	
Witney		228	517836	-14854	281	
Woking		228	513190	-5589	281	
Wokingham		228	514112	-8356	281	
Wolverhampton		228	525855	-21230	281	
Wood Green		228	516000	-1167	281	
Woodford Green		228	516094	233	281	
Worcester		228	521894	-22200	281	
Workington		228	546425	-35441	281	
Worksop		228	533018	-11240	281	
Worthing		228	508180	-3754	281	
Wrexham		228	530466	-29913	281	
Yate		228	515407	-24184	281	
Yeadon		228	538644	-16874	281	
Yeovil		228	509416	-26321	281	
York		228	539576	-10827	281	
Aberdeen, SD		229	454647	-984865	82	
Abilene, TX		229	324487	-997331	82	
Abington, PA		229	401207	-751179	130	
Acworth, GA		229	340664	-846784	130	
Adams Morgan, DC		229	389215	-770422	130	
Addison, IL		229	419317	-879890	82	
Adelanto, CA		229	345828	-1174092	113	
Agawam, MA		229	420695	-726148	130	
Agua Caliente, CA		229	383241	-1224880	113	
Ahwatukee Foothills, AZ		229	333417	-1119840	136	
Aiken, SC		229	335604	-817196	130	
Akron, OH		229	410814	-815190	130	
Alabaster, AL		229	332443	-868164	82	
Alafaya, FL		229	285641	-812114	130	
Alameda, CA		229	377710	-1222609	113	
Alamogordo, NM		229	328995	-1059603	89	
Albany Park, IL		229	419684	-877234	82	
Albany, GA		229	315785	-841557	130	
Albany, NY		229	426526	-737562	130	
Albany, OR		229	446365	-1231059	113	
Albertville, AL		229	342678	-862088	82	
Albuquerque, NM		229	350845	-1066511	89	
Alexandria, LA		229	313113	-924451	82	
Alexandria, VA		229	388048	-770469	130	
Algonquin, IL		229	421656	-882942	82	
Alhambra, AZ		229	334984	-1121343	136	
Alhambra, CA		229	340953	-1181270	113	
Aliamanu / Salt Lakes / Foster Village, HI		229	213602	-1579184	332	
Alief, TX		229	297111	-955963	82	
Aliso Viejo, CA		229	335650	-1177271	113	
Allapattah, FL		229	258145	-802239	130	
Allen Park, MI		229	422575	-832110	90	
Allen, TX		229	331032	-966706	82	
Allentown, PA		229	406084	-754902	130	
Alliance, OH		229	409153	-811059	130	
Allison Park, PA		229	405595	-799587	130	
Allston, MA		229	423584	-711259	130	
Aloha, OR		229	454943	-1228670	113	
Alpharetta, GA		229	340754	-842941	130	
Altadena, CA		229	341897	-1181312	113	
Altamonte Springs, FL		229	286611	-813656	130	
Alton, IL		229	388906	-901843	82	
Altoona, PA		229	405187	-783947	130	
Alvin, TX		229	294238	-952441	82	
Amarillo, TX		229	352220	-1018313	82	
American Fork, UT		229	403769	-1117958	89	
Ames, IA		229	420347	-936199	82	
Amherst, MA		229	423672	-725185	130	
Amherst, NY		229	429784	-787998	130	
Anaheim, CA		229	338353	-1179145	113	
Anchorage, AK		229	612181	-1499003	52	
Anderson, IN		229	401053	-856802	106	
Anderson, SC		229	345034	-826501	130	
Andover, MN		229	452333	-932913	82	
Ankeny, IA		229	417297	-936058	82	
Ann Arbor, MI		229	422776	-837409	90	
Annandale, VA		229	388304	-771964	130	
Annapolis, MD		229	389786	-764918	130	
Anniston, AL		229	336598	-858316	82	
Antelope, CA		229	387082	-1213300	113	
Anthem, AZ		229	338673	-1121468	136	
Antioch, CA		229	380049	-1218058	113	
Apache Junction, AZ		229	334150	-1115496	136	
Apex, NC		229	357326	-788503	130	
Apopka, FL		229	286762	-815119	130	
Apple Valley, CA		229	345008	-1171859	113	
Apple Valley, MN		229	447319	-932177	82	
Appleton, WI		229	442619	-884154	82	
Arcadia, CA		229	341397	-1180353	113	
Arden-Arcade, CA		229	386025	-1213785	113	
Ardmore, OK		229	341743	-971436	82	
Arlington Heights, IL		229	420884	-879806	82	
Arlington, MA		229	424154	-711564	130	
Arlington, TX		229	327357	-971081	82	
Arlington, VA		229	388810	-771043	130	
Arnold, MD		229	390321	-765027	130	
Arnold, MO		229	384328	-903776	82	
Arvada, CO		229	398028	-1050875	89	
Ashburn, IL		229	417475	-877112	82	
Ashburn, VA		229	390437	-774875	130	
Asheboro, NC		229	357079	-798136	130	
Asheville, NC		229	356010	-825540	130	
Ashland, CA		229	376946	-1221138	113	
Ashmont, MA		229	422834	-710689	130	
Aspen Hill, MD		229	390796	-770730	130	
Astoria, NY		229	407720	-739301	130	
Atascadero, CA		229	354894	-1206707	113	
Atascocita, TX		229	299988	-951766	82	
Athens, AL		229	348024	-869722	82	
Athens, GA		229	339609	-833779	130	
Athens, OH		229	393292	-821013	130	
Atlanta, GA		229	337490	-843880	130	
Atlantic City, NJ		229	393642	-744231	130	
Attleboro, MA		229	419445	-712856	130	
Atwater, CA		229	373477	-1206091	113	
Auburn Gresham, IL		229	417418	-876532	82	
Auburn Hills, MI		229	426875	-832341	90	
Auburn, AL		229	326099	-854808	82	
Auburn, ME		229	440978	-702312	130	
Auburn, NY		229	429317	-765660	130	
Auburn, WA		229	473073	-1222284	113	
Augusta, GA		229	334710	-819748	130	
Augusta, ME		229	443106	-697795	130	
Aurora, CO		229	397294	-1048319	89	
Aurora, IL		229	417606	-883201	82	
Austin, MN		229	436666	-929746	82	
Austin, TX		229	302672	-977431	82	
Austintown, OH		229	411017	-807645	130	
Aventura, FL		229	259565	-801392	130	
Avon Lake, OH		229	415053	-820282	130	
Avon, OH		229	414517	-820354	130	
Avondale, AZ		229	334356	-1123496	136	
Avondale, IL		229	419389	-877112	82	
Azusa, CA		229	341336	-1179076	113	
Back Mountain, PA		229	413359	-759963	130	
Badger, AK		229	648000	-1475333	52	
Baileys Crossroads, VA		229	388504	-771297	130	
Bainbridge Island, WA		229	476262	-1225212	113	
Bakersfield, CA		229	353733	-1190187	113	
Balch Springs, TX		229	327287	-966228	82	
Baldwin Park, CA		229	340853	-1179609	113	
Baldwin, NY		229	406565	-736093	130	
Ballwin, MO		229	385950	-905462	82	
Baltimore, MD		229	392904	-766122	130	
Bangor, ME		229	447988	-687726	130	
Banning, CA		229	339256	-1168764	113	
Barberton, OH		229	410128	-816051	130	
Barnstable, MA		229	417001	-702995	130	
Barstow Heights, CA		229	348697	-1170562	113	
Barstow, CA		229	348986	-1170228	113	
Bartlesville, OK		229	367473	-959808	82	
Bartlett, IL		229	419950	-881856	82	
Bartlett, TN		229	352045	-898740	82	
Basking Ridge, NJ		229	407062	-745493	130	
Batavia, IL		229	418500	-883126	82	
Bath Beach, NY		229	406046	-740043	130	
Baton Rouge, LA		229	304433	-911875	82	
Battle Creek, MI		229	423173	-851782	90	
Bay City, MI		229	435945	-838889	90	
Bay Point, CA		229	380291	-1219616	113	
Bay Shore, NY		229	407251	-732454	130	
Bayonet Point, FL		229	283267	-826834	130	
Bayonne, NJ		229	406687	-741143	130	
Bayside, NY		229	407684	-737771	130	
Baytown, TX		229	297355	-949774	82	
Bear, DE		229	396293	-756583	130	
Beaumont, CA		229	339295	-1169772	113	
Beaumont, TX		229	300860	-941018	82	
Beavercreek, OH		229	397092	-840633	130	
Beaverton, OR		229	454871	-1228037	113	
Bedford, NH		229	429465	-715159	130	
Bedford, TX		229	328440	-971431	82	
Bel Air North, MD		229	395543	-763731	130	
Bel Air South, MD		229	395051	-763198	130	
Bell Gardens, CA		229	339653	-1181515	113	
Bell, CA		229	339775	-1181870	113	
Bella Vista, AR		229	364807	-942713	82	
Belleville, IL		229	385200	-899840	82	
Belleville, NJ		229	407937	-741501	130	
Bellevue, NE		229	411367	-958908	82	
Bellevue, WA		229	476104	-1222007	113	
Bellflower, CA		229	338817	-1181170	113	
Bellingham, WA		229	487596	-1224882	113	
Bellview, FL		229	304616	-873150	82	
Belmont Cragin, IL		229	419317	-877687	82	
Belmont, CA		229	375202	-1222758	113	
Belmont, MA		229	423959	-711787	130	
Beloit, WI		229	425084	-890318	82	
Belton, MO		229	388120	-945319	82	
Belvidere, IL		229	422639	-888443	82	
Benbrook, TX		229	326732	-974606	82	
Bend, OR		229	440582	-1213153	113	
Benicia, CA		229	380494	-1221586	113	
Bensalem, PA		229	401046	-749513	130	
Bensonhurst, NY		229	406018	-739940	130	
Benton, AR		229	345645	-925868	82	
Bentonville, AR		229	363728	-942088	82	
Bergenfield, NJ		229	409276	-739974	130	
Berkeley, CA		229	378716	-1222728	113	
Berwyn, IL		229	418506	-877937	82	
Bessemer, AL		229	334018	-869544	82	
Bethel Park, PA		229	403276	-800395	130	
Bethesda, MD		229	389807	-771003	130	
Bethlehem, PA		229	406259	-753705	130	
Bettendorf, IA		229	415245	-905157	82	
Beverly Cove, MA		229	425534	-708537	130	
Beverly Hills, CA		229	340736	-1184004	113	
Beverly, MA		229	425584	-708800	130	
Biddeford, ME		229	434926	-704534	130	
Big Spring, TX		229	322504	-1014787	82	
Billerica, MA		229	425584	-712690	130	
Billings, MT		229	457833	-1085007	89	billings metropolitan area
Biloxi, MS		229	303960	-888853	82	
Binghamton, NY		229	420987	-759180	130	
Birmingham, AL		229	335207	-868025	82	
Bismarck, ND		229	468083	-1007837	82	
Bixby, OK		229	359420	-958833	82	
Blacksburg, VA		229	372296	-804139	130	
Blaine, MN		229	451608	-932350	82	
Bloomfield, CT		229	418265	-727301	130	
Bloomfield, NJ		229	408068	-741854	130	
Bloomingdale, FL		229	278936	-822404	130	
Bloomingdale, IL		229	419575	-880809	82	
Bloomington, CA		229	340703	-1173959	113	
Bloomington, IL		229	404842	-889937	82	
Bloomington, IN		229	391653	-865264	106	
Bloomington, MN		229	448408	-932983	82	
Blue Island, IL		229	416573	-876800	82	
Blue Springs, MO		229	390170	-942816	82	
Boardman, OH		229	410242	-806629	130	
Boca Del Mar, FL		229	263451	-801467	130	
Boca Raton, FL		229	263587	-800831	130	
Boise, ID		229	436135	-1162034	76	
Bolingbrook, IL		229	416986	-880684	82	
Bonita Springs, FL		229	263398	-817787	130	
Borough Park, NY		229	406340	-739968	130	
Bossier City, LA		229	325160	-937321	82	
Boston, MA		229	423584	-710598	130	
Bothell, WA		229	477623	-1222054	113	
Boulder, CO		229	400150	-1052706	89	
Bountiful, UT		229	408894	-1118808	89	
Bowie, MD		229	389428	-767303	130	
Bowling Green, KY		229	369903	-864436	82	
Bowling Green, OH		229	413748	-836513	130	
Boyle Heights, CA		229	340339	-1182054	113	
Boynton Beach, FL		229	265254	-800664	130	
Bozeman, MT		229	456796	-1110386	89	
Bradenton, FL		229	274989	-825748	130	
Braintree, MA		229	422038	-710022	130	
Brandon, FL		229	279378	-822859	130	
Brandon, MS		229	322732	-899859	82	
Branford, CT		229	412795	-728151	130	
Brawley, CA		229	329787	-1155303	113	
Brea, CA		229	339167	-1179001	113	
Bremerton, WA		229	475673	-1226326	113	
Brent, FL		229	304688	-872361	82	
Brentwood Estates, TN		229	360251	-867792	82	
Brentwood, CA		229	379319	-1216958	113	
Brentwood, CA		229	340520	-1184740	113	
Brentwood, NY		229	407812	-732462	130	
Brentwood, TN		229	360331	-867828	82	
Briarwood, NY		229	407094	-738153	130	
Bridgeport, CT		229	411792	-731894	130	
Bridgeport, IL		229	418381	-876512	82	
Bridgeton, NJ		229	394273	-752341	130	
Bridgewater, NJ		229	406008	-746482	130	
Brighton Beach, NY		229	405779	-739596	130	
Brighton Park, IL		229	418189	-876989	82	
Brighton, CO		229	399853	-1048205	89	
Brighton, MA		229	423501	-711564	130	
Brighton, NY		229	431476	-775506	130	
Bristol, CT		229	416718	-729493	130	
Bristol, RI		229	416770	-712662	130	
Bristol, TN		229	365951	-821887	130	
Brockton, MA		229	420834	-710184	130	
Broken Arrow, OK		229	360526	-957908	82	
Brookfield, WI		229	430606	-881065	82	
Brookhaven, GA		229	338584	-843402	130	
Brookings, SD		229	443114	-967984	82	
Brookline, MA		229	423318	-711212	130	
Brooklyn Center, MN		229	450761	-933327	82	
Brooklyn Park, MN		229	450941	-933563	82	
Brooklyn, NY		229	406501	-739496	130	
Broomfield, CO		229	399205	-1050866	89	
Brownsburg, IN		229	398434	-863978	106	
Brownsville, NY		229	406609	-739201	130	
Brownsville, TX		229	259018	-974975	82	
Brunswick, OH		229	412381	-818418	130	
Brushy Creek, TX		229	305135	-977397	82	
Bryan, TX		229	306744	-963700	82	
Buckeye, AZ		229	333703	-1125838	136	
Buena Park, CA		229	338675	-1179981	113	
Buenaventura Lakes, FL		229	283358	-813531	130	
Buffalo Grove, IL		229	421514	-879598	82	
Buffalo, NY		229	428865	-788784	130	
Bullhead City, AZ		229	351478	-1145683	136	
Burbank, CA		229	341808	-1183090	113	
Burbank, IL		229	417339	-877795	82	
Burien, WA		229	474704	-1223468	113	
Burke, VA		229	387934	-772716	130	
Burleson, TX		229	325421	-973208	82	
Burlingame, CA		229	375841	-1223661	113	
Burlington, IA		229	408075	-911129	82	
Burlington, MA		229	425048	-711956	130	
Burlington, NC		229	360957	-794378	130	
Burlington, VT		229	444759	-732121	130	
Burnsville, MN		229	447677	-932777	82	
Burton, MI		229	429995	-836163	90	
Bushwick, NY		229	406943	-739188	130	
Bustleton, PA		229	400826	-750316	130	
Butte, MT		229	460038	-1125347	89	
Cabot, AR		229	349745	-920165	82	
Calabasas, CA		229	341578	-1186384	113	
Caldwell, ID		229	436629	-1166874	76	
Caledonia, WI		229	428078	-879242	82	
Calexico, CA		229	326790	-1154989	113	
Calumet City, IL		229	416156	-875295	82	
Camarillo, CA		229	342164	-1190376	113	
Camas, WA		229	455871	-1223995	113	
Cambridge, MA		229	423751	-711056	130	
Camden, NJ		229	399260	-751196	130	
Campbell, CA		229	372872	-1219500	113	
Canarsie, NY		229	406437	-739007	130	
Candler-McAfee, GA		229	337267	-842725	130	
Canoga Park, CA		229	342011	-1185981	113	
Canton, GA		229	342368	-844908	130	
Canton, MA		229	421584	-711448	130	
Canton, MI		229	423086	-834822	90	
Canton, OH		229	407990	-813784	130	
Cantonment, FL		229	306085	-873400	82	
Canyon Country, CA		229	344233	-1184720	113	
Canyon Lake, TX		229	298752	-982625	82	
Cape Coral, FL		229	265628	-819495	130	
Cape Girardeau, MO		229	373059	-895182	82	
Carbondale, IL		229	377273	-892168	82	
Carlsbad, CA		229	331581	-1173506	113	
Carlsbad, NM		229	324207	-1042288	89	
Carmel, IN		229	399784	-861180	106	
Carmichael, CA		229	386171	-1213283	113	
Carney, MD		229	393943	-765236	130	
Carol City, FL		229	259407	-802456	130	
Carol Stream, IL		229	419125	-881348	82	
Carpentersville, IL		229	421211	-882579	82	
Carrollton, GA		229	335801	-850766	130	
Carrollton, TX		229	329537	-968903	82	
Carrollwood Village, FL		229	280675	-825209	130	
Carrollwood, FL		229	280500	-824929	130	
Carson City, NV		229	391638	-1197674	113	
Carson, CA		229	338314	-1182820	113	
Carteret, NJ		229	405773	-742282	130	
Cary, NC		229	357915	-787811	130	
Casa Grande, AZ		229	328795	-1117574	136	
Casas Adobes, AZ		229	323234	-1109951	136	
Casper, WY		229	428666	-1063131	89	
Casselberry, FL		229	286778	-813278	130	
Castle Rock, CO		229	393722	-1048561	89	
Castlewood, CO		229	395847	-1049011	89	
Castro Valley, CA		229	376941	-1220864	113	
Catalina Foothills, AZ		229	322978	-1109187	136	
Cathedral City, CA		229	337797	-1164653	113	
Catonsville, MD		229	392720	-767319	130	
Cave Spring, VA		229	372276	-800128	130	
Cedar City, UT		229	376775	-1130619	89	
Cedar Falls, IA		229	425278	-924455	82	
Cedar Hill, TX		229	325885	-969561	82	
Cedar Park, TX		229	305052	-978203	82	
Cedar Rapids, IA		229	420083	-916441	82	
Centennial, CO		229	395792	-1048769	89	
Center City, PA		229	399512	-751592	130	
Centereach, NY		229	408584	-730995	130	
Centerville, OH		229	396284	-841594	130	
Central City, AZ		229	334400	-1120580	136	
Central Islip, NY		229	407906	-732018	130	
Central, LA		229	305544	-910368	82	
Centreville, VA		229	388404	-774289	130	
Ceres, CA		229	375949	-1209577	113	
Cerritos, CA		229	338584	-1180648	113	
Chamblee, GA		229	338920	-842988	130	
Champaign, IL		229	401164	-882434	82	
Champlin, MN		229	451888	-933975	82	
Chandler, AZ		229	333062	-1118412	136	
Chanhassen, MN		229	448622	-935308	82	
Channelview, TX		229	297761	-951146	82	
Chantilly, VA		229	388943	-774311	130	
Chapel Hill, NC		229	359132	-790558	130	
Charleston, IL		229	394962	-881762	82	
Charleston, SC		229	327763	-799328	130	
Charleston, WV		229	383498	-816326	130	
Charlotte, NC		229	352271	-808431	130	
Charlottesville, VA		229	380293	-784767	130	
Chaska, MN		229	447894	-936022	82	
Chatham, IL		229	417412	-876126	82	
Chatsworth, CA		229	342572	-1186012	113	
Chattanooga, TN		229	350456	-853097	130	
Cheektowaga, NY		229	429034	-787548	130	
Chelmsford, MA		229	425998	-713673	130	
Chelsea, MA		229	423918	-710328	130	
Cherry Hill, NJ		229	399348	-750307	130	
Chesapeake, VA		229	368190	-762749	130	
Cheshire, CT		229	414990	-729007	130	
Chester, PA		229	398475	-753578	130	
Chesterfield, MO		229	386631	-905771	82	
Chestnut Hill, MA		229	423306	-711662	130	
Cheyenne, WY		229	411400	-1048202	89	
Chicago Heights, IL		229	415062	-876356	82	
Chicago Lawn, IL		229	417750	-876964	82	
Chicago Loop, IL		229	418841	-876333	82	
Chicago, IL		229	418500	-876500	82	
Chico, CA		229	397285	-1218375	113	
Chicopee, MA		229	421487	-726079	130	
Chillicothe, OH		229	393331	-829824	130	
Chillum, MD		229	389637	-769908	130	
Chinatown, CA		229	377966	-1224086	113	
Chinatown, NY		229	407165	-739962	130	
Chino Hills, CA		229	339938	-1177589	113	
Chino, CA		229	340122	-1176889	113	
Christiansburg, VA		229	371298	-804089	130	
Chula Vista, CA		229	326400	-1170842	113	
Cibolo, TX		229	295616	-982270	82	
Cicero, IL		229	418456	-877539	82	
Cicero, NY		229	431756	-761194	130	
Cincinnati, OH		229	391271	-845144	130	
Citrus Heights, CA		229	387071	-1212811	113	
Citrus Park, FL		229	280784	-825698	130	
City of Milford (balance), CT		229	412237	-730616	130	
City of Sammamish, WA		229	476044	-1220377	113	
Claremont, CA		229	340967	-1177198	113	
Clarksville, IN		229	382967	-857600	109	
Clarksville, TN		229	365298	-873594	82	
Clay, NY		229	431859	-761724	130	
Clearfield, UT		229	411108	-1120260	89	
Clearwater, FL		229	279658	-828001	130	
Cleburne, TX		229	323476	-973867	82	
Clermont, FL		229	285494	-817728	130	
Cleveland Heights, OH		229	415200	-815562	130	
Cleveland, OH		229	414995	-816954	130	
Cleveland, TN		229	351595	-848766	130	
Cliffside Park, NJ		229	408215	-739876	130	
Clifton Park, NY		229	428656	-737710	130	
Clifton, NJ		229	408584	-741638	130	
Clinton Township, MI		229	425870	-829199	90	charter township of clinton
Clinton, IA		229	418445	-901887	82	
Clinton, MD		229	387651	-768983	130	
Clinton, MS		229	323415	-903218	82	
Clinton, UT		229	411397	-1120505	89	
Cloverleaf, TX		229	297783	-951719	82	
Clovis, CA		229	368252	-1197029	113	
Clovis, NM		229	344048	-1032052	89	
Coachella, CA		229	336803	-1161739	113	
Cobbs Creek, PA		229	399476	-752402	130	
Coconut Creek, FL		229	262518	-801789	130	
Coeur d'Alene, ID		229	476777	-1167805	113	
Colchester, VT		229	445439	-731479	130	
College Park, MD		229	389807	-769369	130	
College Point, NY		229	407876	-738460	130	
College Station, TX		229	306280	-963344	82	
Colleyville, TX		229	328810	-971550	82	
Collierville, TN		229	350420	-896645	82	
Collinsville, IL		229	386703	-899846	82	
Collinwood, OH		229	415584	-815693	130	
Colorado Springs, CO		229	388339	-1048214	89	
Colton, CA		229	340739	-1173136	113	
Columbia, MD		229	392404	-768394	130	
Columbia, MO		229	389517	-923341	82	
Columbia, SC		229	340007	-810348	130	
Columbia, TN		229	356151	-870353	82	
Columbine, CO		229	395878	-1050694	89	
Columbus, GA		229	324610	-849877	130	
Columbus, IN		229	392014	-859214	106	
Columbus, MS		229	334957	-884273	82	
Columbus, NE		229	414297	-973684	82	
Columbus, OH		229	399612	-829988	130	
Commack, NY		229	408429	-732929	130	
Commerce City, CO		229	398083	-1049339	89	
Compton, CA		229	338959	-1182201	113	
Concord, CA		229	379780	-1220311	113	
Concord, NC		229	354089	-805816	130	
Concord, NH		229	432081	-715376	130	
Conda, ID		229	427282	-1115324	76	
Coney Island, NY		229	405779	-739940	130	
Conroe, TX		229	303119	-954560	82	
Converse, TX		229	295180	-983161	82	
Conway, AR		229	350887	-924421	82	
Cookeville, TN		229	361628	-855016	82	
Coon Rapids, MN		229	451200	-932877	82	
Cooper City, FL		229	260573	-802717	130	
Copiague, NY		229	406815	-733998	130	
Coppell, TX		229	329546	-970150	82	
Copperas Cove, TX		229	311241	-979031	82	
Coral Gables, FL		229	257215	-802684	130	
Coral Springs, FL		229	262712	-802706	130	
Coral Terrace, FL		229	257459	-803045	130	
Coram, NY		229	408687	-730015	130	
Corcoran, CA		229	360980	-1195604	113	
Cordova, TN		229	351556	-897762	82	
Cornelius, NC		229	354868	-808601	130	
Corona, CA		229	338753	-1175664	113	
Corona, NY		229	407470	-738601	130	
Coronado, CA		229	326859	-1171831	113	
Corpus Christi, TX		229	278006	-973964	82	
Corsicana, TX		229	320954	-964689	82	
Corvallis, OR		229	445646	-1232620	113	
Costa Mesa, CA		229	336411	-1179187	113	
Cottage Grove, MN		229	448277	-929438	82	
Cottage Lake, WA		229	477443	-1220774	113	
Cottonwood Heights, UT		229	406197	-1118102	89	
Council Bluffs, IA		229	412619	-958608	82	
Country Club, FL		229	259481	-803170	130	
Coventry, RI		229	417001	-716828	130	
Covina, CA		229	340900	-1178903	113	
Covington, KY		229	390837	-845086	130	
Cranberry Township, PA		229	406850	-801071	130	
Cranford, NJ		229	406584	-742996	130	
Cranston, RI		229	417798	-714373	130	
Crestview, FL		229	307621	-865705	82	
Crofton, MD		229	390018	-766875	130	
Crown Point, IN		229	414170	-873653	82	
Crystal Lake, IL		229	422411	-883162	82	
Crystal, MN		229	450327	-933602	82	
Cudahy, CA		229	339606	-1181854	113	
Culver City, CA		229	340211	-1183965	113	
Cumberland, RI		229	419668	-714328	130	
Cupertino, CA		229	373230	-1220322	113	
Cutler Bay, FL		229	255783	-803377	130	
Cutler Ridge, FL		229	255807	-803467	130	
Cuyahoga Falls, OH		229	411339	-814846	130	
Cypress Hills, NY		229	406770	-738912	130	
Cypress, CA		229	338170	-1180373	113	
Cypress, TX		229	299691	-956972	82	
Dale City, VA		229	386371	-773111	130	
Dallas, TX		229	327831	-968067	82	
Dalton, GA		229	347698	-849702	130	
Daly City, CA		229	377058	-1224619	113	
Dana Point, CA		229	334670	-1176981	113	
Danbury, CT		229	413948	-734540	130	
Dania Beach, FL		229	260523	-801439	130	
Danvers, MA		229	425751	-709300	130	
Danville, CA		229	378216	-1220000	113	
Danville, IL		229	401245	-876300	82	
Danville, VA		229	365860	-793950	130	
Daphne, AL		229	306035	-879036	82	
Darien, IL		229	417520	-879740	82	
Davenport, IA		229	415236	-905776	82	
Davie, FL		229	260629	-802331	130	
Davis, CA		229	385449	-1217405	113	
Dayton, OH		229	397590	-841916	130	
Daytona Beach, FL		229	292108	-810228	130	
De Pere, WI		229	444489	-880604	82	
DeKalb, IL		229	419295	-887504	82	
DeLand, FL		229	290283	-813031	130	
DeSoto, TX		229	325899	-968570	82	
Dearborn Heights, MI		229	423370	-832733	90	
Dearborn, MI		229	423223	-831763	90	
Decatur, AL		229	346059	-869833	82	
Decatur, GA		229	337748	-842963	130	
Decatur, IL		229	398403	-889548	82	
Dedham, MA		229	422418	-711662	130	
Deer Park, NY		229	407618	-733293	130	
Deer Park, TX		229	297052	-951238	82	
Deer Valley, AZ		229	336839	-1121349	136	
Deerfield Beach, FL		229	263184	-800998	130	
Del City, OK		229	354420	-974409	82	
Del Rio, TX		229	293627	-1008968	82	
Delano, CA		229	357688	-1192470	113	
Delaware, OH		229	402987	-830680	130	
Delray Beach, FL		229	264615	-800728	130	
Deltona, FL		229	289005	-812637	130	
Denison, TX		229	337557	-965367	82	
Denton, TX		229	332148	-971331	82	
Denver, CO		229	397392	-1049847	89	
Derby, KS		229	375456	-972689	82	
Derry Village, NH		229	428918	-713120	130	
Derry, NH		229	428806	-713273	130	
Des Moines, IA		229	416005	-936091	82	
Des Moines, WA		229	474018	-1223243	113	desmoines
Des Plaines, IL		229	420334	-878834	82	
Desert Hot Springs, CA		229	339617	-1165035	113	
Detroit, MI		229	423314	-830458	90	
Diamond Bar, CA		229	340286	-1178103	113	
Dickinson, ND		229	468792	-1027896	89	
Dinuba, CA		229	365433	-1193871	113	
Dix Hills, NY		229	408048	-733362	130	
Dixiana, AL		229	337402	-866494	82	
Dodge City, KS		229	377528	-1000171	82	
Dolton, IL		229	416389	-876073	82	
Doral, FL		229	258195	-803553	130	
Dorchester, MA		229	422973	-710745	130	
Dothan, AL		229	312232	-853905	82	
Douglasville, GA		229	337515	-847477	130	
Dover, DE		229	391582	-755244	130	
Dover, NH		229	431979	-708737	130	
Downers Grove, IL		229	418089	-880112	82	
Downey, CA		229	339400	-1181326	113	
Dracut, MA		229	426704	-713020	130	
Draper, UT		229	405247	-1118638	89	
Drexel Heights, AZ		229	321412	-1110284	136	
Drexel Hill, PA		229	399471	-752921	130	
Duarte, CA		229	341394	-1179773	113	
Dublin, CA		229	377022	-1219358	113	
Dublin, OH		229	400992	-831141	130	
Dubuque, IA		229	425006	-906646	82	
Duluth, GA		229	340029	-841446	130	
Duluth, MN		229	467833	-921066	82	
Duncan, OK		229	345023	-979578	82	
Duncanville, TX		229	326518	-969083	82	
Dundalk, MD		229	392507	-765205	130	
Dunedin, FL		229	280199	-827732	130	
Dunwoody, GA		229	339462	-843346	130	
Durham, NC		229	359940	-788986	130	
Dyker Heights, NY		229	406215	-740096	130	
Eagan, MN		229	448041	-931669	82	
Eagle Mountain, UT		229	403141	-1120069	89	
Eagle Pass, TX		229	287091	-1004995	82	
Eagle River, AK		229	613214	-1495678	52	
Eagle, ID		229	436954	-1163540	76	
East Amherst, NY		229	430184	-786967	130	
East Boston, MA		229	423751	-710392	130	
East Brunswick, NJ		229	404279	-744160	130	
East Chattanooga, TN		229	350654	-852491	130	
East Chicago, IN		229	416392	-874548	82	
East Concord, NH		229	432420	-715381	130	
East Elmhurst, NY		229	407612	-738651	130	
East Flatbush, NY		229	406537	-739304	130	
East Florence, AL		229	348095	-876495	82	
East Hampton, VA		229	370374	-763316	130	
East Harlem, NY		229	407947	-739425	130	
East Hartford, CT		229	417823	-726120	130	
East Haven, CT		229	412762	-728684	130	
East Hill-Meridian, WA		229	474105	-1221737	113	
East Honolulu, HI		229	212891	-1577173	332	
East Independence, MO		229	390956	-943552	82	
East Lake, FL		229	281108	-826948	130	
East Lake-Orient Park, FL		229	279827	-823788	130	
East Lansing, MI		229	427370	-844839	90	
East Los Angeles, CA		229	340239	-1181720	113	
East Meadow, NY		229	407140	-735590	130	
East Moline, IL		229	415009	-904443	82	
East Naples, FL		229	261384	-817665	130	
East New York, NY		229	406668	-738824	130	
East Norwalk, CT		229	411056	-733984	130	
East Orange, NJ		229	407673	-742049	130	
East Palo Alto, CA		229	374688	-1221411	113	
East Patchogue, NY		229	407670	-729962	130	
East Pensacola Heights, FL		229	304288	-871800	82	
East Peoria, IL		229	406662	-895801	82	
East Point, GA		229	336796	-844394	130	
East Providence, RI		229	418137	-713701	130	
East Saint Louis, IL		229	386245	-901509	82	
East Tremont, NY		229	408454	-738910	130	
East Village, NY		229	407293	-739874	130	
Easton, MA		229	420245	-711287	130	
Easton, PA		229	406884	-752207	130	
Eastpointe, MI		229	424684	-829555	90	
Eastvale, CA		229	339636	-1175642	113	
Eau Claire, WI		229	448114	-914985	82	
Echo Park, CA		229	340781	-1182607	113	
Eden Prairie, MN		229	448547	-934708	82	
Edgewater, FL		229	289889	-809023	130	
Edgewater, IL		229	419834	-876640	82	
Edgewood, MD		229	394187	-762944	130	
Edina, MN		229	448897	-933500	82	
Edinburg, TX		229	263017	-981633	82	
Edison, NJ		229	405187	-744121	130	
Edmond, OK		229	356528	-974781	82	
Edmonds, WA		229	478106	-1223774	113	
Edwardsville, IL		229	388114	-899532	82	
Egypt Lake-Leto, FL		229	280177	-825062	130	
El Cajon, CA		229	327948	-1169625	113	
El Centro, CA		229	327920	-1155630	113	
El Cerrito, CA		229	379158	-1223116	113	
El Dorado Hills, CA		229	386857	-1210822	113	
El Mirage, AZ		229	336131	-1123246	136	
El Monte, CA		229	340686	-1180276	113	
El Paso, TX		229	317587	-1064869	89	
Eldersburg, MD		229	394037	-769503	130	
Elgin, IL		229	420372	-882812	82	
Elizabeth, NJ		229	406640	-742107	130	
Elizabethtown, KY		229	376940	-858591	130	
Elk Grove Village, IL		229	420039	-879704	82	
Elk Grove, CA		229	384088	-1213716	113	
Elk River, MN		229	453038	-935672	82	
Elkhart, IN		229	416820	-859767	106	
Ellendale, TN		229	352306	-898259	82	
Ellicott City, MD		229	392673	-767983	130	
Elmhurst, IL		229	418995	-879403	82	
Elmhurst, NY		229	407365	-738779	130	
Elmira, NY		229	420898	-768077	130	
Elmont, NY		229	407009	-737129	130	
Elmwood Park, IL		229	419211	-878092	82	
Elyria, OH		229	413684	-821077	130	
Emporia, KS		229	384039	-961817	82	
Encanto, AZ		229	334794	-1120782	136	
Enchanted Hills, NM		229	353368	-1065930	89	
Encinitas, CA		229	330370	-1172920	113	
Encino, CA		229	341592	-1185012	113	
Enfield, CT		229	419762	-725918	130	
Englewood, CO		229	396478	-1049878	89	
Englewood, IL		229	417798	-876459	82	
Englewood, NJ		229	408929	-739726	130	
Enid, OK		229	363956	-978784	82	
Enterprise, AL		229	313152	-858552	82	
Enterprise, NV		229	360252	-1152419	113	
Erie, CO		229	400503	-1050500	89	
Erie, PA		229	421292	-800851	130	
Escondido, CA		229	331192	-1170864	113	
Essex, MD		229	393093	-764750	130	
Estero, FL		229	264381	-818067	130	
Euclid, OH		229	415931	-815268	130	
Eugene, OR		229	440521	-1230868	113	
Euless, TX		229	328371	-970820	82	
Eureka, CA		229	408021	-1241637	113	
Evans, CO		229	403764	-1046922	89	
Evans, GA		229	335338	-821307	130	
Evanston, IL		229	420411	-876901	82	
Evansville, IN		229	379748	-875559	82	
Everett, MA		229	424084	-710537	130	
Everett, WA		229	479790	-1222021	113	
Ewing, NJ		229	402698	-747999	130	
Fair Lawn, NJ		229	409404	-741318	130	
Fair Oaks, CA		229	386446	-1212722	113	
Fairbanks, AK		229	648378	-1477164	52	
Fairborn, OH		229	398209	-840194	130	
Fairfax, VA		229	388462	-773064	130	
Fairfield Heights, IN		229	398286	-863822	106	
Fairfield, CA		229	382494	-1220400	113	
Fairfield, CT		229	411412	-732637	130	
Fairfield, OH		229	393459	-845605	130	
Fairland, MD		229	390762	-769578	130	
Fall River, MA		229	417015	-711550	130	
Fallbrook, CA		229	333764	-1172512	113	
Far Rockaway, NY		229	406054	-737551	130	
Fargo, ND		229	468772	-967898	82	
Faribault, MN		229	442950	-932688	82	
Farmers Branch, TX		229	329265	-968961	82	
Farmington Hills, MI		229	424853	-833772	90	
Farmington, CT		229	417198	-728320	130	
Farmington, MN		229	446402	-931436	82	
Farmington, NM		229	367281	-1082187	89	
Farmington, UT		229	409805	-1118874	89	
Farragut, TN		229	358845	-841535	130	
Fayetteville, AR		229	360626	-941574	82	
Fayetteville, NC		229	350527	-788784	130	
Federal Way, WA		229	473223	-1223126	113	
Fenway/Kenmore, MA		229	423449	-711002	130	
Ferry Pass, FL		229	305102	-872125	82	
Financial District, NY		229	407079	-740086	130	
Findlay, OH		229	410442	-836499	130	
Fishers, IN		229	399556	-860139	106	
Fitchburg, MA		229	425834	-718023	130	
Fitchburg, WI		229	429608	-894698	82	
Flagami, FL		229	257623	-803162	130	
Flagstaff, AZ		229	351981	-1116513	136	
Flatbush, NY		229	406520	-739590	130	
Flatlands, NY		229	406212	-739349	130	
Fleming Island, FL		229	300933	-817190	130	
Flint, MI		229	430125	-836875	90	
Florence, AL		229	347998	-876772	82	
Florence, AZ		229	330314	-1113873	136	
Florence, KY		229	389990	-846266	130	
Florence, SC		229	341954	-797626	130	
Florence-Graham, CA		229	339677	-1182444	113	
Florin, CA		229	384960	-1214088	113	
Florissant, MO		229	387892	-903226	82	
Flower Mound, TX		229	330146	-970970	82	
Folsom, CA		229	386780	-1211761	113	
Fond du Lac, WI		229	437750	-884388	82	
Fontana, CA		229	340922	-1174350	113	
Foothill Farms, CA		229	386788	-1213511	113	
Fordham, NY		229	408593	-738985	130	
Forest Grove, OR		229	455198	-1231107	113	
Forest Hills, MI		229	429595	-854898	90	
Forest Hills, NY		229	407162	-738501	130	
Fort Bragg, NC		229	351390	-790060	130	
Fort Cavazos, TX		229	311349	-977756	82	
Fort Collins, CO		229	405853	-1050844	89	
Fort Dodge, IA		229	424975	-941680	82	
Fort Hamilton, NY		229	406187	-740332	130	
Fort Lauderdale, FL		229	261223	-801434	130	
Fort Lee, NJ		229	408509	-739701	130	
Fort Myers, FL		229	266217	-818406	130	
Fort Pierce, FL		229	274467	-803256	130	ft. pierce
Fort Smith, AR		229	353859	-943986	82	
Fort Walton Beach, FL		229	304206	-866171	82	
Fort Washington, MD		229	387073	-770230	130	ft. washington
Fort Wayne, IN		229	411306	-851289	106	
Fort Worth, TX		229	327254	-973208	82	
Fortuna Foothills, AZ		229	326578	-1144119	136	
Foster City, CA		229	375585	-1222711	113	
Fountain Hills, AZ		229	336117	-1117174	136	
Fountain Valley, CA		229	337092	-1179537	113	
Fountain, CO		229	386822	-1047008	89	
Fountainebleau, FL		229	257729	-803478	130	fountainbleau
Four Corners, FL		229	283329	-816474	130	
Framingham Center, MA		229	422973	-714370	130	
Framingham, MA		229	422793	-714162	130	
Frankford, PA		229	400138	-750786	130	
Frankfort, KY		229	382009	-848733	130	
Franklin Square, NY		229	407073	-736760	130	
Franklin, IN		229	394806	-860550	106	
Franklin, MA		229	420834	-713967	130	
Franklin, TN		229	359251	-868689	82	
Franklin, WI		229	428886	-880384	82	
Frederick, MD		229	394143	-774105	130	
Fredericksburg, VA		229	383032	-774605	130	
Freeport, IL		229	422967	-896212	82	
Freeport, NY		229	406576	-735832	130	
Fremont, CA		229	375483	-1219886	113	
Fremont, NE		229	414333	-964981	82	
Fresh Meadows, NY		229	407348	-737935	130	
Fresno, CA		229	367477	-1197724	113	
Fridley, MN		229	450861	-932633	82	
Friendswood, TX		229	295294	-952010	82	
Frisco, TX		229	331507	-968236	82	
Fruit Cove, FL		229	301111	-816418	130	
Fullerton, CA		229	338703	-1179253	113	
Fuquay-Varina, NC		229	355843	-788000	130	
Gadsden, AL		229	340143	-860064	82	
Gage Park, IL		229	417950	-876962	82	
Gahanna, OH		229	400192	-828793	130	
Gainesville, FL		229	296516	-823248	130	
Gainesville, GA		229	342979	-838241	130	
Gaithersburg, MD		229	391434	-772014	130	
Galesburg, IL		229	409478	-903712	82	
Gallatin, TN		229	363884	-864467	82	
Gallup, NM		229	355281	-1087426	89	
Galt, CA		229	382546	-1213000	113	
Galveston, TX		229	293014	-947977	82	
Garden City, KS		229	379717	-1008727	82	
Garden City, MI		229	423256	-833310	90	
Garden City, NY		229	407268	-736343	130	
Garden Grove, CA		229	337739	-1179414	113	
Gardena, CA		229	338884	-1183090	113	
Garfield Heights, OH		229	414170	-816060	130	
Garfield, NJ		229	408815	-741132	130	
Garland, TX		229	329126	-966389	82	
Garner, NC		229	357113	-786142	130	
Gary, IN		229	415934	-873464	82	
Gastonia, NC		229	352621	-811873	130	
Geneva, IL		229	418875	-883054	82	
Georgetown, KY		229	382098	-845588	130	
Georgetown, TX		229	306327	-976772	82	
Germantown, MD		229	391732	-772716	130	
Germantown, TN		229	350868	-898101	82	
Gilbert, AZ		229	333528	-1117890	136	
Gillette, WY		229	442911	-1055022	89	
Gilroy, CA		229	370058	-1215683	113	
Gladstone, MO		229	392039	-945547	82	
Glastonbury, CT		229	417123	-726082	130	
Glen Burnie, MD		229	391626	-766247	130	
Glen Cove, NY		229	408623	-736337	130	
Glen Ellyn, IL		229	418775	-880670	82	
Glendale Heights, IL		229	419146	-880649	82	
Glendale, AZ		229	335386	-1121860	136	
Glendale, CA		229	341425	-1182551	113	
Glendale, NY		229	407015	-738868	130	
Glendora, CA		229	341361	-1178653	113	
Glenview, IL		229	420698	-877878	82	
Glenville, NY		229	429292	-740521	130	
Glenville, OH		229	415334	-816174	130	
Gloucester, MA		229	426140	-706631	130	
Golden Gate, FL		229	261879	-816951	130	
Golden Glades, FL		229	259118	-802003	130	
Golden Valley, MN		229	450097	-933491	82	
Goldsboro, NC		229	353849	-779928	130	
Goleta, CA		229	344358	-1198276	113	
Goodyear, AZ		229	334353	-1123582	136	
Goose Creek, SC		229	329810	-800326	130	
Goshen, IN		229	415823	-858344	106	
Graham, WA		229	470529	-1222943	113	
Gramercy Park, NY		229	407375	-739861	130	
Grand Boulevard, IL		229	418139	-876173	82	
Grand Forks, ND		229	479253	-970328	82	
Grand Island, NE		229	409250	-983420	82	
Grand Junction, CO		229	390639	-1085506	89	
Grand Prairie, TX		229	327460	-969978	82	
Grand Rapids, MI		229	429634	-856681	90	
Grandview, MO		229	388858	-945330	82	
Granger, IN		229	417534	-861108	106	
Granite City, IL		229	387014	-901487	82	
Grants Pass, OR		229	424393	-1233307	113	
Grapevine, TX		229	329343	-970781	82	
Gravesend, NY		229	405976	-739651	130	
Great Falls, MT		229	475002	-1113008	89	
Great Kills, NY		229	405543	-741515	130	
Greater Grand Crossing, IL		229	417611	-876148	82	
Greater Northdale, FL		229	281054	-825259	130	
Greeley, CO		229	404233	-1047091	89	
Green Bay, WI		229	445192	-880198	82	
Green Valley, AZ		229	318542	-1109937	136	
Green, OH		229	409459	-814832	130	
Greenacres City, FL		229	266237	-801253	130	
Greenbelt, MD		229	390046	-768755	130	
Greenburgh, NY		229	410329	-738429	130	
Greenfield, IN		229	397850	-857694	106	
Greenfield, WI		229	429614	-880126	82	
Greenpoint, NY		229	407237	-739510	130	
Greensboro, NC		229	360726	-797920	130	
Greenville, MS		229	334090	-910598	82	
Greenville, NC		229	356127	-773664	130	
Greenville, SC		229	348526	-823940	130	
Greenville, TX		229	331384	-961108	82	
Greenwood, IN		229	396137	-861066	106	
Greenwood, SC		229	341954	-821618	130	
Greer, SC		229	349387	-822271	130	
Gresham, OR		229	454982	-1224315	113	
Griffin, GA		229	332468	-842641	130	
Grove City, OH		229	398814	-830930	130	
Guilford, CT		229	412890	-726818	130	
Gulfport, MS		229	303674	-890928	82	
Gurnee, IL		229	423703	-879020	82	
Gwynn Oak, MD		229	393326	-766928	130	
Hacienda Heights, CA		229	339931	-1179687	113	
Hackensack, NJ		229	408859	-740435	130	
Hagerstown, MD		229	396418	-777200	130	
Haines City, FL		229	281145	-816201	130	
Hallandale Beach, FL		229	259812	-801484	130	
Haltom City, TX		229	327996	-972692	82	
Hamden, CT		229	413959	-728968	130	
Hamilton, OH		229	393995	-845613	130	
Hammond, IN		229	415834	-875000	82	
Hampton, VA		229	370299	-763452	130	
Hamtramck, MI		229	423928	-830496	90	
Hanford, CA		229	363274	-1196457	113	
Hanover Park, IL		229	419995	-881451	82	
Hanover, MD		229	391929	-767241	130	
Harker Heights, TX		229	310835	-976597	82	
Harlem, NY		229	408079	-739454	130	
Harlingen, TX		229	261906	-976961	82	
Harrisburg, PA		229	402737	-768844	130	
Harrison, NY		229	409690	-737126	130	
Harrisonburg, VA		229	384496	-788689	130	
Hartford, CT		229	417637	-726851	130	
Harvey, IL		229	416100	-876467	82	
Hastings, MN		229	447433	-928524	82	
Hastings, NE		229	405861	-983884	82	
Hattiesburg, MS		229	313271	-892903	82	
Haverhill, MA		229	427762	-710773	130	
Hawai‘i Kai, HI		229	212964	-1577018	332	
Hawthorne, CA		229	339164	-1183526	113	
Hayward, CA		229	376688	-1220808	113	
Hazelwood, MO		229	387714	-903709	82	
Hazleton, PA		229	409584	-759746	130	
Helena, MT		229	465927	-1120361	89	
Hell's Kitchen, NY		229	407650	-739909	130	midtown west
Hemet, CA		229	337476	-1169731	113	
Hempstead, NY		229	407062	-736187	130	
Henderson, KY		229	378362	-875900	82	
Henderson, NV		229	360397	-1149819	113	
Hendersonville, TN		229	363048	-866200	82	
Henrietta, NY		229	430592	-776122	130	
Hercules, CA		229	380171	-1222886	113	
Hermitage, TN		229	361962	-866225	82	
Herndon, VA		229	389696	-773861	130	
Herriman, UT		229	405141	-1120330	89	
Hesperia, CA		229	344264	-1173009	113	
Hialeah Gardens, FL		229	258651	-803245	130	
Hialeah, FL		229	258576	-802781	130	
Hickory, NC		229	357332	-813412	130	
Hicksville, NY		229	407684	-735251	130	
High Point, NC		229	359557	-800053	130	
Highland Park, IL		229	421817	-878003	82	
Highland, CA		229	341283	-1172086	113	
Highland, IN		229	415536	-874520	82	
Highlands Ranch, CO		229	395539	-1049694	89	
Hilliard, OH		229	400334	-831582	130	
Hillsboro, OR		229	455229	-1229898	113	
Hillsborough, NJ		229	404776	-746268	130	
Hillside, NJ		229	407012	-742302	130	
Hillside, NY		229	407079	-737868	130	
Hilo, HI		229	197299	-1550907	332	
Hilton Head Island, SC		229	321938	-807382	130	
Hilton Head, SC		229	322163	-807526	130	
Hinesville, GA		229	318469	-815960	130	
Hobart, IN		229	415323	-872550	82	
Hobbs, NM		229	327026	-1031360	89	
Hoboken, NJ		229	407440	-740324	130	
Hoffman Estates, IL		229	420428	-880798	82	
Holbrook, NY		229	408123	-730784	130	
Holiday, FL		229	281878	-827395	130	
Holladay, UT		229	406688	-1118247	89	
Holland, MI		229	427875	-861089	90	
Hollister, CA		229	368524	-1214016	113	
Holly Springs, NC		229	356513	-788336	130	
Hollywood, CA		229	340983	-1183267	113	
Hollywood, FL		229	260112	-801495	130	
Holmesburg, PA		229	400415	-750280	130	
Holt, MI		229	426406	-845152	90	
Holyoke, MA		229	422043	-726162	130	
Homer Glen, IL		229	416000	-879381	82	
Homestead, FL		229	254687	-804776	130	
Homewood, AL		229	334718	-868008	82	
Honolulu, HI		229	213069	-1578583	332	
Hoover, AL		229	334054	-868114	82	
Hopewell, VA		229	373043	-772872	130	
Hopkinsville, KY		229	368656	-874912	82	
Horn Lake, MS		229	349554	-900348	82	
Hot Springs, AR		229	345037	-930552	82	
Houma, LA		229	295958	-907195	82	
Houston, TX		229	297633	-953633	82	
Howard Beach, NY		229	406579	-738363	130	
Huber Heights, OH		229	398440	-841247	130	
Hudson, OH		229	412401	-814407	130	
Hunt Valley, MD		229	394998	-766411	130	
Huntersville, NC		229	354107	-808428	130	
Huntington Beach, CA		229	336603	-1179992	113	
Huntington Park, CA		229	339817	-1182251	113	
Huntington Station, NY		229	408534	-734115	130	
Huntington, WV		229	384192	-824452	130	
Huntley, IL		229	421681	-884281	82	
Hunts Point, NY		229	408126	-738840	130	
Huntsville, AL		229	347304	-865859	82	
Huntsville, TX		229	307235	-955508	82	
Hurst, TX		229	328235	-971706	82	
Hutchinson, KS		229	380608	-979298	82	
Hutto, TX		229	305427	-975467	82	
Hyde Park, IL		229	417942	-875939	82	
Hyde Park, MA		229	422556	-711245	130	
Idaho Falls, ID		229	434666	-1120341	76	
Ilchester, MD		229	392509	-767647	130	
Immokalee, FL		229	264187	-814173	130	
Imperial Beach, CA		229	325839	-1171131	113	
Independence, KY		229	389431	-845441	130	
Independence, MO		229	390911	-944155	82	
Indian Trail, NC		229	350768	-806692	130	
Indianapolis, IN		229	397684	-861580	106	
Indio, CA		229	337207	-1162168	113	
Inglewood, CA		229	339617	-1183531	113	
Inglewood-Finn Hill, WA		229	477205	-1222317	113	
Inkster, MI		229	422942	-833099	90	
Inver Grove Heights, MN		229	448480	-930427	82	
Iowa City, IA		229	416611	-915302	82	
Irondequoit, NY		229	432134	-775797	130	
Ironville, KY		229	384565	-826924	130	
Irvine, CA		229	336695	-1178231	113	
Irving Park, IL		229	419534	-877364	82	
Irving, TX		229	328140	-969489	82	
Irvington, NJ		229	407323	-742349	130	
Isla Vista, CA		229	344133	-1198610	113	
Issaquah, WA		229	475301	-1220326	113	
Ithaca, NY		229	424406	-764966	130	
Jackson Heights, NY		229	407557	-738854	130	
Jackson, MI		229	422459	-844013	90	
Jackson, MS		229	322988	-901848	82	
Jackson, NJ		229	397765	-748624	130	
Jackson, TN		229	356145	-888140	82	
Jacksonville Beach, FL		229	302947	-813931	130	
Jacksonville, AR		229	348662	-921102	82	
Jacksonville, FL		229	303322	-816556	130	
Jacksonville, NC		229	347540	-774302	130	
Jamaica Plain, MA		229	423098	-711203	130	
Jamaica, NY		229	406915	-738057	130	
Jamestown, NY		229	420970	-792353	130	
Janesville, WI		229	426828	-890187	82	
Jefferson City, MO		229	385767	-921735	82	
Jeffersontown, KY		229	381942	-855644	109	
Jeffersonville, IN		229	382776	-857372	109	
Jersey City, NJ		229	407282	-740776	130	
Johns Creek, GA		229	340289	-841986	130	
Johnson City, TN		229	363134	-823535	130	
Johnston, RI		229	418219	-715068	130	
Joint Base Pearl Harbor Hickam, HI		229	213491	-1579471	332	
Joliet, IL		229	415252	-880834	82	
Jonesboro, AR		229	358423	-907043	82	
Joplin, MO		229	370842	-945133	82	
Junction City, KS		229	390286	-968314	82	
Juneau, AK		229	583019	-1344197	108	
Jupiter, FL		229	269342	-800942	130	
Jurupa Valley, CA		229	339925	-1175164	113	mira loma
Kahului, HI		229	208895	-1564743	332	
Kailua, HI		229	214024	-1577405	332	
Kalamazoo, MI		229	422917	-855872	90	
Kalihi-Palama, HI		229	213261	-1578759	332	
Kalispell, MT		229	481958	-1143129	89	
Kaneohe, HI		229	213999	-1577990	332	
Kankakee, IL		229	411200	-878612	82	
Kannapolis, NC		229	354874	-806217	130	
Kansas City, KS		229	391142	-946275	82	
Kansas City, MO		229	390997	-945786	82	
Kaysville, UT		229	410352	-1119386	89	
Kearney, NE		229	406995	-990815	82	
Kearns, UT		229	406600	-1119963	89	
Kearny, NJ		229	407684	-741454	130	
Keene, NH		229	429337	-722781	130	
Keizer, OR		229	449901	-1230262	113	
Keller, TX		229	329346	-972517	82	
Ken Caryl, CO		229	395758	-1051122	89	
Kendale Lakes, FL		229	257082	-804070	130	
Kendall West, FL		229	257065	-804388	130	
Kendall, FL		229	256793	-803173	130	
Kenmore, WA		229	477573	-1222440	113	
Kenner, LA		229	299941	-902417	82	
Kennesaw, GA		229	340234	-846155	130	
Kennewick, WA		229	462112	-1191372	113	
Kenosha, WI		229	425847	-878212	82	
Kensington, NY		229	406462	-739707	130	
Kent, OH		229	411537	-813579	130	
Kent, WA		229	473809	-1222348	113	
Kentwood, MI		229	428695	-856448	90	
Kernersville, NC		229	361199	-800736	130	
Kerrville, TX		229	300474	-991403	82	
Kettering, OH		229	396895	-841688	130	
Kew Gardens Hills, NY		229	407300	-738234	130	
Key West, FL		229	245552	-817816	130	
Keystone, FL		229	281558	-826212	130	
Killeen, TX		229	311171	-977278	82	
Kingman, AZ		229	351894	-1140530	136	
Kings Bridge, NY		229	408787	-739051	130	
Kingsport, TN		229	365484	-825618	130	
Kingston, NY		229	419270	-739974	130	
Kingsville, TX		229	275159	-978561	82	
Kinston, NC		229	352627	-775816	130	
Kirkland, WA		229	476815	-1222087	113	
Kirkwood, MO		229	385834	-904068	82	
Kiryas Joel, NY		229	413420	-741679	130	
Kissimmee, FL		229	283047	-814167	130	
Klamath Falls, OR		229	422249	-1217817	113	
Knoxville, TN		229	359606	-839207	130	
Kokomo, IN		229	404864	-861336	106	
Koreatown, CA		229	340578	-1183009	113	
Kyle, TX		229	299891	-978772	82	
La Crosse, WI		229	438014	-912396	82	
La Habra, CA		229	339320	-1179462	113	
La Jolla, CA		229	328473	-1172742	113	
La Mesa, CA		229	327678	-1170231	113	
La Mirada, CA		229	339172	-1180120	113	
La Porte, IN		229	416077	-867139	82	
La Porte, TX		229	296658	-950194	82	
La Presa, CA		229	327081	-1169972	113	
La Puente, CA		229	340200	-1179495	113	
La Quinta, CA		229	336634	-1163100	113	
La Vergne, TN		229	360156	-865819	82	
La Verne, CA		229	341008	-1177678	113	
LaGrange, GA		229	330393	-850313	130	la grange
Lacey, WA		229	470343	-1228232	113	
Ladera Ranch, CA		229	335709	-1176356	113	
Lafayette, CA		229	378858	-1221180	113	
Lafayette, CO		229	399936	-1050897	89	
Lafayette, IN		229	404167	-868753	106	
Lafayette, LA		229	302241	-920198	82	
Laguna Beach, CA		229	335422	-1177831	113	
Laguna Hills, CA		229	336125	-1177128	113	
Laguna Niguel, CA		229	335225	-1177076	113	
Laguna, CA		229	384210	-1214238	113	
Lake Charles, LA		229	302131	-932044	82	
Lake Elsinore, CA		229	336681	-1173273	113	
Lake Forest, CA		229	336470	-1176892	113	
Lake Havasu City, AZ		229	344839	-1143224	136	
Lake Jackson, TX		229	290339	-954344	82	
Lake Magdalene, FL		229	280742	-824718	130	
Lake Oswego, OR		229	454207	-1226706	113	
Lake Ridge, VA		229	386879	-772978	130	
Lake Stevens, WA		229	480151	-1220637	113	
Lake Worth Beach, FL		229	266171	-800723	130	
Lake in the Hills, IL		229	421817	-883304	82	
Lakeland, FL		229	280395	-819498	130	
Lakeside, FL		229	301300	-817682	130	
Lakeville, MN		229	446497	-932427	82	
Lakewood, CA		229	338536	-1181340	113	
Lakewood, CO		229	397047	-1050814	89	
Lakewood, NJ		229	400979	-742176	130	
Lakewood, OH		229	414820	-817982	130	
Lakewood, WA		229	471718	-1225185	113	
Lancaster, CA		229	346980	-1181367	113	
Lancaster, OH		229	397137	-825993	130	
Lancaster, PA		229	400379	-763055	130	
Lancaster, TX		229	325921	-967561	82	
Land O' Lakes, FL		229	282189	-824576	130	
Landover, MD		229	389340	-768966	130	
Lansing, IL		229	415648	-875389	82	
Lansing, MI		229	427325	-845555	90	
Laplace, LA		229	300670	-904815	82	
Laramie, WY		229	413114	-1055911	89	
Laredo, TX		229	275064	-995075	82	
Largo, FL		229	279098	-827884	130	
Las Cruces, NM		229	323123	-1067783	89	
Las Vegas, NV		229	361750	-1151372	113	
Lauderdale Lakes, FL		229	261665	-802084	130	
Lauderhill, FL		229	261404	-802134	130	
Laurel, MD		229	390993	-768483	130	
Lawndale, CA		229	338872	-1183526	113	
Lawndale, PA		229	400504	-750916	130	
Lawrence, IN		229	398386	-860253	106	
Lawrence, KS		229	389717	-952352	82	
Lawrence, MA		229	427070	-711631	130	
Lawrenceville, GA		229	339562	-839880	130	
Lawton, OK		229	346087	-983903	82	
Layton, UT		229	410602	-1119710	89	
League City, TX		229	295074	-950949	82	
Leander, TX		229	305788	-978531	82	
Leavenworth, KS		229	393111	-949225	82	
Leawood, KS		229	389667	-946169	82	
Lebanon, PA		229	403409	-764114	130	
Lebanon, TN		229	362081	-862911	82	
Lee's Summit, MO		229	389108	-943822	82	
Leesburg, FL		229	288108	-818779	130	
Leesburg, VA		229	391157	-775636	130	
Lehi, UT		229	403916	-1118508	89	
Lehigh Acres, FL		229	266254	-816248	130	
Leisure City, FL		229	254954	-804292	130	
Lemon Grove, CA		229	327426	-1170314	113	
Lemoore, CA		229	363008	-1197829	113	
Lenexa, KS		229	389536	-947336	82	
Lennox, CA		229	339381	-1183526	113	
Leominster, MA		229	425251	-717598	130	
Levittown, NY		229	407259	-735143	130	
Levittown, PA		229	401551	-748288	130	
Lewiston Orchards, ID		229	463804	-1169754	113	
Lewiston, ID		229	464166	-1170177	113	
Lewiston, ME		229	441004	-702148	130	
Lewisville, TX		229	330462	-969942	82	
Lexington, KY		229	379887	-844777	130	
Lexington, MA		229	424473	-712245	130	
Lexington-Fayette, KY		229	380498	-844586	130	
Liberty, MO		229	392461	-944191	82	
Liliha - Kapalama, HI		229	213374	-1578542	332	
Lima, OH		229	407426	-841052	130	
Lincoln Park, IL		229	419217	-876478	82	
Lincoln Park, MI		229	422506	-831785	90	
Lincoln Square, IL		229	419759	-876892	82	
Lincoln, CA		229	388916	-1212930	113	
Lincoln, NE		229	408000	-966670	82	
Lincoln, RI		229	419211	-714350	130	
Lincolnia, VA		229	388184	-771433	130	
Linden, NJ		229	406220	-742446	130	
Lindenhurst, NY		229	406868	-733734	130	
Linton Hall, VA		229	387598	-775750	130	
Lisle, IL		229	418011	-880748	82	
Little Elm, TX		229	331626	-969375	82	
Little Havana, FL		229	257681	-802331	130	
Little Rock, AR		229	347465	-922896	82	
Littleton, CO		229	396133	-1050166	89	
Livermore, CA		229	376819	-1217680	113	
Livingston, NJ		229	407959	-743149	130	
Livonia, MI		229	423684	-833527	90	
Lochearn, MD		229	393407	-767222	130	
Lockport, IL		229	415895	-880578	82	
Lodi, CA		229	381302	-1212724	113	
Lodi, NJ		229	408823	-740832	130	
Logan Square, IL		229	419234	-876992	82	
Logan, PA		229	400284	-751516	130	
Logan, UT		229	417355	-1118344	89	
Loma Linda, CA		229	340484	-1172612	113	
Lombard, IL		229	418800	-880078	82	
Lompoc, CA		229	346392	-1204579	113	
Long Beach, CA		229	337670	-1181892	113	
Long Beach, NY		229	405884	-736579	130	
Long Branch, NJ		229	403043	-739924	130	
Long Island City, NY		229	407448	-739488	130	
Longmont, CO		229	401672	-1051019	89	
Longview, TX		229	325007	-947405	82	
Longview, WA		229	461382	-1229382	113	
Lorain, OH		229	414528	-821824	130	
Los Altos, CA		229	373852	-1221141	113	
Los Angeles, CA		229	340522	-1182437	113	
Los Banos, CA		229	370583	-1208499	113	
Los Gatos, CA		229	372266	-1219747	113	
Louisville, KY		229	382542	-857594	109	
Loveland, CO		229	403978	-1050750	89	
Loves Park, IL		229	423200	-890582	82	
Lowell, MA		229	426334	-713162	130	
Lower West Side, IL		229	418542	-876656	82	
Lubbock, TX		229	335779	-1018552	82	
Ludlow, MA		229	421601	-724759	130	
Lufkin, TX		229	313382	-947291	82	
Lumberton, NC		229	346183	-790105	130	
Lynchburg, VA		229	374138	-791422	130	
Lynn, MA		229	424668	-709495	130	
Lynnwood, WA		229	478209	-1223151	113	
Lynwood, CA		229	339303	-1182115	113	
Mableton, GA		229	338187	-845824	130	
Machesney Park, IL		229	423472	-890390	82	
Macon, GA		229	328407	-836324	130	
Madera, CA		229	369613	-1200607	113	
Madison Heights, MI		229	424859	-831052	90	
Madison, AL		229	346993	-867483	82	
Madison, MS		229	324618	-901154	82	
Madison, WI		229	430730	-894012	82	
Magna, UT		229	407091	-1121016	89	
Mahwah, NJ		229	410887	-741438	130	
Makakilo / Kapolei / Honokai Hale, HI		229	213374	-1580968	332	
Makiki / Lower Punchbowl / Tantalus, HI		229	213176	-1578312	332	
Malden, MA		229	424251	-710662	130	
Manassas, VA		229	387510	-774753	130	
Manchester, CT		229	417759	-725215	130	
Manchester, NH		229	429956	-714548	130	
Mandan, ND		229	468267	-1008896	131	
Manhattan Beach, CA		229	338847	-1184109	113	
Manhattan Valley, NY		229	407939	-739650	130	
Manhattan, KS		229	391836	-965717	82	
Manhattan, NY		229	407834	-739662	130	
Manitowoc, WI		229	440886	-876576	82	
Mankato, MN		229	441591	-940092	82	
Manoa, HI		229	213161	-1578042	332	
Mansfield City, CT		229	417659	-722337	130	
Mansfield, MA		229	420334	-712189	130	
Mansfield, OH		229	407584	-825154	130	
Mansfield, TX		229	325632	-971417	82	
Manteca, CA		229	377974	-1212160	113	
Maple Grove, MN		229	450725	-934558	82	
Maple Heights, OH		229	414153	-815660	130	
Maple Valley, WA		229	473927	-1220464	113	
Maplewood, MN		229	449530	-929952	82	
Maplewood, NJ		229	407312	-742735	130	
Marana, AZ		229	324367	-1112254	136	
Margate, FL		229	262445	-802064	130	
Maricopa, AZ		229	330581	-1120476	136	
Marietta, GA		229	339526	-845499	130	
Marina, CA		229	366844	-1218022	113	
Marion, IA		229	420342	-915977	82	
Marion, IN		229	405584	-856591	106	
Marion, OH		229	405887	-831285	130	
Marlboro, NJ		229	403154	-742463	130	
Marlborough, MA		229	423459	-715523	130	
Marquette, MI		229	465435	-873954	90	
Marrero, LA		229	298994	-901004	82	
Marshall, TX		229	325449	-943674	82	
Marshalltown, IA		229	420494	-929080	82	
Martinez, CA		229	380194	-1221341	113	
Martinez, GA		229	335174	-820757	130	
Maryland Heights, MO		229	387131	-904298	82	
Marysville, OH		229	402364	-833671	130	
Marysville, WA		229	480518	-1221771	113	
Maryvale, AZ		229	335020	-1121776	136	
Maryville, TN		229	357565	-839705	130	
Mason City, IA		229	431536	-932010	82	
Mason, OH		229	393601	-843099	130	
Maspeth, NY		229	407232	-739126	130	
Massapequa, NY		229	406807	-734743	130	
Massillon, OH		229	407967	-815215	130	
Mattapan, MA		229	422723	-710870	130	
Matthews, NC		229	351168	-807237	130	
Mauldin, SC		229	347787	-823101	130	
Maywood, CA		229	339867	-1181854	113	
Maywood, IL		229	418792	-878431	82	
McAllen, TX		229	262034	-982300	82	
McCully - Moiliili, HI		229	212946	-1578312	332	
McDonough, GA		229	334473	-841469	130	
McHenry, IL		229	423334	-882668	82	
McKinney, TX		229	331976	-966153	82	
McLean, VA		229	389343	-771775	130	
McMinnville, OR		229	452101	-1231987	113	
Meadow Woods, FL		229	283856	-813665	130	
Meads, KY		229	384126	-827090	130	
Mechanicsville, VA		229	376088	-773733	130	
Medford, MA		229	424184	-711062	130	
Medford, NY		229	408176	-730001	130	
Medford, OR		229	423265	-1228756	113	
Medina, OH		229	411384	-818638	130	
Mehlville, MO		229	385084	-903229	82	
Melbourne, FL		229	280836	-806081	130	
Melrose Park, IL		229	419006	-878567	82	
Melrose, MA		229	424584	-710662	130	
Melrose, NY		229	408246	-739104	130	
Memphis, TN		229	351495	-900490	82	
Menifee, CA		229	337284	-1171464	113	
Menlo Park, CA		229	374538	-1221822	113	
Menomonee Falls, WI		229	431789	-881173	82	
Mentor, OH		229	416662	-813396	130	
Mequon, WI		229	432156	-880300	82	
Merced, CA		229	373022	-1204830	113	
Mercer Island, WA		229	475706	-1222221	113	
Mercerville-Hamilton Square, NJ		229	402313	-746722	130	
Meriden, CT		229	415382	-728070	130	
Meridian, ID		229	436121	-1163915	76	
Meridian, MS		229	323643	-887037	82	
Merrick, NY		229	406629	-735515	130	
Merrillville, IN		229	414828	-873328	82	
Merrimack, NH		229	428651	-714934	130	
Merritt Island, FL		229	283590	-806900	130	
Mesa, AZ		229	334223	-1118226	136	
Mesquite, TX		229	327668	-965992	82	
Metairie Terrace, LA		229	299785	-901640	82	
Metairie, LA		229	299841	-901528	82	
Methuen, MA		229	427262	-711909	130	
Miami Beach, FL		229	257906	-801300	130	
Miami Gardens, FL		229	259420	-802456	130	
Miami Lakes, FL		229	259087	-803087	130	
Miami, FL		229	257743	-801937	130	
Michigan City, IN		229	417075	-868950	82	
Mid-City, CA		229	340413	-1183606	113	
Middle River, MD		229	393343	-764394	130	
Middle Village, NY		229	407165	-738812	130	
Middleborough, MA		229	418932	-709112	130	
Middletown, CT		229	415623	-726506	130	
Middletown, DE		229	394496	-757163	130	
Middletown, NJ		229	403943	-741171	130	
Middletown, NY		229	414459	-744229	130	
Middletown, OH		229	395151	-843983	130	
Midland, MI		229	436156	-842472	90	
Midland, TX		229	319974	-1020779	82	
Midlothian, TX		229	324824	-969944	82	
Midvale, UT		229	406111	-1118999	89	
Midwest City, OK		229	354495	-973967	82	
Milford Mill, MD		229	393479	-767700	130	
Milford, CT		229	412223	-730565	130	
Milford, MA		229	421398	-715162	130	
Mililani Town, HI		229	214504	-1580150	332	
Millbrae, CA		229	375986	-1223872	113	
Millcreek, UT		229	406869	-1118755	89	
Millville, NJ		229	394021	-750393	130	
Milpitas, CA		229	374283	-1219066	113	
Milton, GA		229	341322	-843007	130	
Milton, MA		229	422495	-710662	130	
Milwaukee, WI		229	430389	-879065	82	
Minneapolis, MN		229	449800	-932638	82	
Minnetonka Mills, MN		229	449411	-934419	82	
Minnetonka, MN		229	449133	-935033	82	
Minot, ND		229	482325	-1012963	82	
Mint Hill, NC		229	351796	-806473	130	
Mira Mesa, CA		229	329156	-1171439	113	
Miramar, FL		229	259873	-802323	130	
Mishawaka, IN		229	416620	-861586	106	
Mission Bend, TX		229	296938	-956650	82	
Mission District, CA		229	377599	-1224191	113	
Mission Viejo, CA		229	336000	-1176720	113	
Mission, TX		229	262159	-983253	82	
Missoula, MT		229	468722	-1139940	89	
Missouri City, TX		229	296186	-955377	82	
Mobile, AL		229	306944	-880430	82	
Modesto, CA		229	376391	-1209969	113	
Moline, IL		229	415067	-905151	82	
Monroe, LA		229	325093	-921193	82	
Monroe, NC		229	349854	-805495	130	
Monroeville, PA		229	404212	-797881	130	
Monrovia, CA		229	341481	-1179990	113	
Montclair, CA		229	340775	-1176898	113	
Montclair, NJ		229	408259	-742090	130	
Montebello, CA		229	340095	-1181054	113	
Monterey Park, CA		229	340625	-1181228	113	
Monterey, CA		229	366002	-1218947	113	
Montgomery Village, MD		229	391768	-771953	130	
Montgomery, AL		229	323668	-863000	82	
Moore, OK		229	353395	-974867	82	
Mooresville, NC		229	355849	-808101	130	
Moorhead, MN		229	468739	-967695	82	
Moorpark, CA		229	342856	-1188820	113	
Moreno Valley, CA		229	339375	-1172306	113	
Morgan Hill, CA		229	371305	-1216544	113	
Morgan Park, IL		229	416903	-876667	82	
Morgantown, WV		229	396295	-799559	130	
Morningside Heights, NY		229	408100	-739625	130	
Morris Heights, NY		229	408498	-739199	130	
Morrisania, NY		229	408293	-739065	130	
Morristown, TN		229	362140	-832949	130	
Morrisville, NC		229	358235	-788256	130	
Morton Grove, IL		229	420406	-877826	82	
Moscow, ID		229	467324	-1170002	113	
Moses Lake, WA		229	471301	-1192781	113	
Mott Haven, NY		229	408090	-739229	130	
Mount Juliet, TN		229	362000	-865186	82	
Mount Laurel, NJ		229	399340	-748910	130	
Mount Lebanon, PA		229	403554	-800495	130	
Mount Pleasant, MI		229	435978	-847675	90	
Mount Pleasant, SC		229	327941	-798626	130	mt. pleasant
Mount Pleasant, WI		229	426974	-878558	82	
Mount Prospect, IL		229	420664	-879373	82	
Mount Vernon, NY		229	409126	-738371	130	
Mount Vernon, WA		229	484212	-1223340	113	
Mountain View, CA		229	373860	-1220838	113	
Mukilteo, WA		229	479445	-1223046	113	
Muncie, IN		229	401934	-853864	106	
Mundelein, IL		229	422631	-880040	82	
Munster, IN		229	415645	-875125	82	
Murfreesboro, TN		229	358456	-863903	82	
Murray, UT		229	406669	-1118880	89	
Murrieta, CA		229	335539	-1172139	113	
Muscatine, IA		229	414245	-910432	82	
Muskego, WI		229	429058	-881390	82	
Muskegon, MI		229	432342	-862484	90	
Muskogee, OK		229	357479	-953697	82	
Myrtle Beach, SC		229	336891	-788867	130	
Mō‘ili‘ili, HI	mo‘ili‘ili, hi	229	212947	-1578300	332	moiliili
Nacogdoches, TX		229	316035	-946555	82	
Nampa, ID		229	435407	-1165635	76	
Napa, CA		229	382971	-1222855	113	
Naperville, IL		229	417859	-881473	82	
Naples, FL		229	261423	-817960	130	
Nashua, NH		229	427654	-714676	130	
Nashville, TN		229	361659	-867844	82	
Natick, MA		229	422834	-713495	130	
National City, CA		229	326781	-1170992	113	
Naugatuck, CT		229	414859	-730507	130	
Navarre, FL		229	304016	-868636	82	
Near North Side, IL		229	419000	-876345	82	
Near South Side, IL		229	418567	-876248	82	
Needham, MA		229	422834	-712328	130	
Neenah, WI		229	441858	-884626	82	
New Albany, IN		229	382856	-858241	109	
New Bedford, MA		229	416353	-709270	130	
New Berlin, WI		229	429764	-881084	82	
New Bern, NC		229	351085	-770441	130	
New Braunfels, TX		229	297030	-981244	82	
New Brighton, MN		229	450655	-932019	82	
New Britain, CT		229	416612	-727795	130	
New Brunswick, NJ		229	404862	-744518	130	
New Castle, PA		229	410037	-803470	130	
New City, IL		229	418075	-876564	82	
New City, NY		229	411476	-739893	130	
New Haven, CT		229	413082	-729282	130	
New Iberia, LA		229	300035	-918187	82	
New Lenox, IL		229	415120	-879656	82	
New London, CT		229	413556	-720995	130	
New Orleans, LA		229	299546	-900751	82	
New Rochelle, NY		229	409115	-737823	130	
New Smyrna Beach, FL		229	290258	-809270	130	
New South Memphis, TN		229	350868	-900568	82	
New York City, NY		229	407143	-740060	130	
Newark, CA		229	375297	-1220402	113	
Newark, DE		229	396837	-757497	130	
Newark, NJ		229	407357	-741724	130	
Newark, OH		229	400581	-824013	130	
Newberg, OR		229	453001	-1229732	113	
Newburgh, NY		229	415034	-740104	130	
Newington, CT		229	416979	-727237	130	
Newnan, GA		229	333807	-847997	130	
Newport Beach, CA		229	336189	-1179290	113	
Newport News, VA		229	369804	-764298	130	
Newport, RI		229	414901	-713128	130	
Newton, MA		229	423370	-712092	130	
Niagara Falls, NY		229	430945	-790567	130	
Nicholasville, KY		229	378806	-845730	130	
Niles, IL		229	420189	-878028	82	
Noblesville, IN		229	400456	-860086	106	
Noe Valley, CA		229	377502	-1224337	113	
Norco, CA		229	339311	-1175487	113	
Norfolk, NE		229	420283	-974170	82	
Norfolk, VA		229	368468	-762852	130	
Norland, FL		229	259490	-802123	130	
Normal, IL		229	405142	-889906	82	
Norman, OK		229	352226	-974395	82	
Norristown, PA		229	401215	-753399	130	
North Andover, MA		229	426987	-711351	130	
North Augusta, SC		229	335018	-819651	130	
North Bel Air, MD		229	395398	-763550	130	
North Bergen, NJ		229	408043	-740121	130	
North Bethesda, MD		229	390446	-771189	130	
North Brunswick, NJ		229	404540	-744820	130	
North Center, IL		229	419539	-876790	82	
North Charleston, SC		229	328546	-799748	130	
North Chicago, IL		229	423256	-878412	82	
North Chicopee, MA		229	421834	-725995	130	
North Creek, WA		229	478195	-1221762	113	
North Fort Myers, FL		229	266673	-818801	130	
North Haven, CT		229	413909	-728595	130	
North Highlands, CA		229	386857	-1213722	113	
North Hills, CA		229	342364	-1184847	113	
North Hollywood, CA		229	341722	-1183790	113	
North Kingstown, RI		229	415501	-714662	130	
North La Crosse, WI		229	438464	-912482	82	
North Las Vegas, NV		229	361989	-1151175	113	
North Lauderdale, FL		229	262173	-802259	130	
North Lawndale, IL		229	418600	-877184	82	
North Little Rock, AR		229	347695	-922671	82	
North Miami Beach, FL		229	259332	-801626	130	
North Miami, FL		229	258901	-801867	130	
North Olmsted, OH		229	414156	-819235	130	
North Peoria, IL		229	407175	-895843	82	
North Plainfield, NJ		229	406301	-744274	130	
North Platte, NE		229	411239	-1007654	82	
North Port, FL		229	270442	-822359	130	
North Potomac, MD		229	390829	-772650	130	
North Providence, RI		229	418501	-714662	130	
North Richland Hills, TX		229	328343	-972289	82	
North Ridgeville, OH		229	413895	-820190	130	
North Royalton, OH		229	413137	-817246	130	
North Stamford, CT		229	411382	-735435	130	
North Tonawanda, NY		229	430387	-788642	130	
North Tustin, CA		229	337645	-1177939	113	
Northampton, MA		229	423251	-726412	130	
Northbrook, IL		229	421275	-878290	82	
Northdale, FL		229	280939	-825056	130	
Northglenn, CO		229	398855	-1049872	89	
Northport, AL		229	332290	-875772	82	
Northridge, CA		229	342283	-1185368	113	
Northwood, CA		229	337137	-1177609	113	
Norton Shores, MI		229	431689	-862639	90	
Norwalk, CA		229	339022	-1180817	113	
Norwalk, CT		229	411176	-734079	130	
Norwich, CT		229	415243	-720759	130	
Norwood, MA		229	421945	-711995	130	
Novato, CA		229	381074	-1225697	113	
Novi, MI		229	424806	-834755	90	
Nutley, NJ		229	408223	-741599	130	
O'Fallon, IL		229	385923	-899112	82	
O'Fallon, MO		229	388106	-906998	82	
Oak Creek, WI		229	428858	-878631	82	
Oak Forest, IL		229	416028	-877439	82	
Oak Harbor, WA		229	482932	-1226432	113	
Oak Hill, VA		229	389258	-774016	130	
Oak Lawn, IL		229	417109	-877581	82	
Oak Park, IL		229	418850	-877845	82	
Oak Park, MI		229	424595	-831827	90	
Oak Ridge, FL		229	284711	-814245	130	
Oak Ridge, TN		229	360104	-842696	130	
Oakdale, CA		229	377666	-1208472	113	
Oakdale, MN		229	449630	-929649	82	
Oakland Park, FL		229	261723	-801320	130	
Oakland, CA		229	378044	-1222708	113	
Oakley, CA		229	379974	-1217124	113	
Oakton, VA		229	388810	-773008	130	
Oakville, MO		229	384700	-903046	82	
Ocala, FL		229	291872	-821401	130	
Oceanside, CA		229	331959	-1173795	113	
Oceanside, NY		229	406387	-736401	130	
Ocoee, FL		229	285692	-815440	130	
Odenton, MD		229	390840	-767002	130	
Odessa, TX		229	318457	-1023676	82	
Ogden, UT		229	412230	-1119738	89	
Oildale, CA		229	354197	-1190196	113	
Okemos, MI		229	427223	-844275	90	
Oklahoma City, OK		229	354676	-975164	82	
Olathe, KS		229	388814	-948191	82	
Old Bridge, NJ		229	404148	-743654	130	
Olive Branch, MS		229	349618	-898295	82	
Olney, MD		229	391532	-770669	130	
Olney, PA		229	400412	-751238	130	
Olympia, WA		229	470449	-1229017	113	
Omaha, NE		229	412563	-959404	82	
Ontario, CA		229	340633	-1176509	113	
Opelika, AL		229	326454	-853783	82	
Opportunity, WA		229	476499	-1172399	113	
Orange, CA		229	337878	-1178531	113	
Orange, NJ		229	407707	-742327	130	
Orangevale, CA		229	386785	-1212258	113	
Orcutt, CA		229	348653	-1204360	113	
Oregon City, OR		229	453573	-1226068	113	
Orem, UT		229	402969	-1116946	89	
Orland Park, IL		229	416303	-878539	82	
Orlando, FL		229	285383	-813792	130	
Ormond Beach, FL		229	292858	-810559	130	
Oro Valley, AZ		229	323909	-1109665	136	
Oshkosh, WI		229	440247	-885426	82	
Ossining, NY		229	411629	-738615	130	
Oswego, IL		229	416828	-883515	82	
Ottumwa, IA		229	410200	-924113	82	
Overbrook, PA		229	399893	-752432	130	
Overland Park, KS		229	389822	-946708	82	
Oviedo, FL		229	286700	-812081	130	
Owasso, OK		229	362695	-958547	82	
Owatonna, MN		229	440838	-932260	82	
Owensboro, KY		229	377742	-871133	82	
Owings Mills, MD		229	394196	-767802	130	
Oxford Circle, PA		229	400501	-750718	130	
Oxford, AL		229	336143	-858350	82	
Oxford, MS		229	343665	-895192	82	
Oxford, OH		229	395070	-847452	130	
Oxnard, CA		229	341975	-1191770	113	
Oxon Hill-Glassmanor, MD		229	387962	-769750	130	
Ozone Park, NY		229	406768	-738438	130	
Pacific Palisades, CA		229	340481	-1185265	113	
Pacifica, CA		229	376138	-1224869	113	
Paducah, KY		229	370834	-886000	82	
Pahrump, NV		229	362083	-1159839	113	
Palatine, IL		229	421103	-880342	82	
Palm Bay, FL		229	280345	-805887	130	
Palm Beach Gardens, FL		229	268234	-801386	130	
Palm City, FL		229	271678	-802662	130	
Palm Coast, FL		229	295850	-812078	130	
Palm Desert, CA		229	337226	-1163770	113	
Palm Harbor, FL		229	280781	-827637	130	
Palm Springs, CA		229	338303	-1165453	113	
Palm Springs, FL		229	266359	-800962	130	
Palmdale, CA		229	345794	-1181165	113	
Palmetto Bay, FL		229	256218	-803248	130	
Palo Alto, CA		229	374419	-1221430	113	
Panama City, FL		229	301595	-856598	82	
Paradise, CA		229	397596	-1216219	113	
Paradise, NV		229	360972	-1151467	113	
Paragould, AR		229	360584	-904973	82	
Paramount, CA		229	338895	-1181598	113	
Paramus, NJ		229	409445	-740754	130	
Paris, TX		229	336609	-955555	82	
Park Forest, IL		229	414914	-876745	82	
Park Ridge, IL		229	420111	-878406	82	
Park Slope, NY		229	406701	-739860	130	
Parkchester, NY		229	408390	-738604	130	
Parker, CO		229	395186	-1047614	89	
Parkersburg, WV		229	392667	-815615	130	
Parkland, FL		229	263101	-802373	130	
Parkland, WA		229	471554	-1224340	113	
Parkville, MD		229	393773	-765397	130	
Parma, OH		229	414048	-817229	130	
Parsippany, NJ		229	408579	-744260	130	
Pasadena, CA		229	341478	-1181445	113	
Pasadena, MD		229	391190	-765711	130	
Pasadena, TX		229	296911	-952091	82	
Pascagoula, MS		229	303658	-885561	82	
Pasco, WA		229	462396	-1191006	113	
Paso Robles, CA		229	356266	-1206910	113	
Passaic, NJ		229	408568	-741285	130	
Paterson, NJ		229	409168	-741718	130	
Patterson, CA		229	374716	-1211297	113	
Pawtucket, RI		229	418787	-713826	130	
Peabody, MA		229	425279	-709287	130	
Peachtree City, GA		229	333968	-845958	130	
Peachtree Corners, GA		229	339701	-842216	130	
Pearl City, HI		229	213973	-1579752	332	
Pearl, MS		229	322746	-901320	82	
Pearland, TX		229	295636	-952860	82	
Peekskill, NY		229	412901	-739204	130	
Pekin, IL		229	405675	-896407	82	
Pelham, AL		229	332857	-868100	82	
Pembroke Pines, FL		229	260032	-802239	130	
Penn Hills, PA		229	405012	-798392	130	
Pennsauken, NJ		229	399562	-750580	130	
Pennsport, PA		229	399276	-751505	130	
Pensacola, FL		229	304213	-872169	82	
Peoria, AZ		229	335806	-1122374	136	
Peoria, IL		229	406936	-895890	82	
Perris, CA		229	337825	-1172286	113	
Perry Hall, MD		229	394126	-764636	130	
Perrysburg, OH		229	415570	-836272	130	
Perth Amboy, NJ		229	405068	-742654	130	
Petaluma, CA		229	382324	-1226366	113	
Petersburg, VA		229	372279	-774019	130	
Pflugerville, TX		229	304394	-976200	82	
Pharr, TX		229	261948	-981836	82	
Phenix City, AL		229	324710	-850008	130	
Philadelphia, PA		229	399524	-751636	130	
Phoenix, AZ		229	334484	-1120740	136	
Picnic Point-North Lynnwood, WA		229	478628	-1222950	113	
Pico Rivera, CA		229	339831	-1180967	113	
Pikesville, MD		229	393743	-767225	130	
Pine Bluff, AR		229	342284	-920032	82	
Pine Hills, FL		229	285578	-814534	130	
Pinellas Park, FL		229	278428	-826995	130	
Piscataway, NJ		229	404993	-743990	130	
Pittsburg, CA		229	380280	-1218847	113	
Pittsburgh, PA		229	404406	-799959	130	
Pittsfield, MA		229	424501	-732454	130	
Placentia, CA		229	338722	-1178703	113	
Plainfield, IL		229	416270	-882040	82	
Plainfield, IN		229	397042	-863994	106	
Plainfield, NJ		229	406337	-744074	130	
Plainview, NY		229	407765	-734674	130	
Plano, TX		229	330198	-966989	82	
Plant City, FL		229	280189	-821147	130	
Plantation, FL		229	261342	-802318	130	
Pleasant Grove, UT		229	403641	-1117385	89	
Pleasant Hill, CA		229	379480	-1220608	113	
Pleasanton, CA		229	376624	-1218747	113	
Pleasure Ridge Park, KY		229	381454	-858583	109	
Plum, PA		229	405004	-797495	130	
Plymouth, MN		229	450105	-934555	82	
Pocatello, ID		229	428713	-1124455	76	
Poinciana, FL		229	281403	-814584	130	
Pomona, CA		229	340553	-1177523	113	
Pompano Beach, FL		229	262379	-801248	130	
Ponca City, OK		229	367070	-970856	82	
Ponte Vedra Beach, FL		229	302397	-813856	130	
Pontiac, MI		229	426389	-832910	90	
Pooler, GA		229	321155	-812471	130	
Port Arthur, TX		229	298852	-939423	82	
Port Charlotte, FL		229	269762	-820906	130	
Port Chester, NY		229	410018	-736657	130	
Port Hueneme, CA		229	341478	-1191951	113	
Port Huron, MI		229	429709	-824249	90	
Port Orange, FL		229	291383	-809956	130	
Port Richmond, PA		229	399934	-751002	130	
Port Saint Lucie, FL		229	272939	-803503	130	
Portage Park, IL		229	419578	-877651	82	
Portage, IN		229	415759	-871762	82	
Portage, MI		229	422012	-855800	90	
Porterville, CA		229	360652	-1190168	113	
Portland, ME		229	436574	-702589	130	
Portland, OR		229	455234	-1226762	113	
Portsmouth Heights, VA		229	368210	-763688	130	
Portsmouth, NH		229	430770	-707577	130	
Portsmouth, VA		229	368354	-762983	130	
Post Falls, ID		229	477180	-1169516	113	
Potomac, MD		229	390182	-772086	130	
Pottstown, PA		229	402454	-756496	130	
Poughkeepsie, NY		229	417004	-739210	130	
Poway, CA		229	329628	-1170359	113	
Prairie Village, KS		229	389917	-946336	82	
Prairieville, LA		229	303030	-909720	82	
Prattville, AL		229	324640	-864597	82	
Prescott Valley, AZ		229	346100	-1123157	136	
Prescott, AZ		229	345400	-1124685	136	
Prichard, AL		229	307388	-880789	82	
Princeton, FL		229	255384	-804089	130	
Princeton, NJ		229	403487	-746590	130	
Prior Lake, MN		229	447133	-934227	82	
Providence, RI		229	418240	-714128	130	
Provo, UT		229	402338	-1116585	89	
Pueblo West, CO		229	383500	-1047228	89	
Pueblo, CO		229	382544	-1046091	89	
Pullman, WA		229	467313	-1171796	113	
Puyallup, WA		229	471854	-1222929	113	
Queen Creek, AZ		229	332487	-1116343	136	
Queens Village, NY		229	407268	-737415	130	
Queens, NY		229	406815	-738365	130	borough of queens
Queensbury, NY		229	433773	-736132	130	
Quincy, IL		229	399356	-914099	82	
Quincy, MA		229	422529	-710023	130	
Racine, WI		229	427261	-877828	82	
Radcliff, KY		229	378404	-859491	130	
Radnor, PA		229	400462	-753599	130	
Rahway, NJ		229	406082	-742776	130	
Raleigh, NC		229	357721	-786386	130	
Ramsey, MN		229	452611	-934500	82	
Rancho Cordova, CA		229	385891	-1213027	113	
Rancho Cucamonga, CA		229	341064	-1175931	113	
Rancho Palos Verdes, CA		229	337445	-1183870	113	
Rancho Penasquitos, CA		229	329595	-1171153	113	
Rancho San Diego, CA		229	327473	-1169353	113	
Rancho Santa Margarita, CA		229	336409	-1176031	113	
Randallstown, MD		229	393673	-767952	130	
Randolph, MA		229	421626	-710412	130	
Randolph, NJ		229	408483	-745815	130	randolph township
Rapid City, SD		229	440805	-1032310	89	
Raytown, MO		229	390086	-944636	82	
Reading, MA		229	425256	-710953	130	
Reading, PA		229	403356	-759269	130	
Redan, GA		229	337454	-841316	130	
Redding, CA		229	405865	-1223917	113	
Redford, MI		229	423834	-832966	90	
Redlands, CA		229	340556	-1171825	113	
Redmond, OR		229	442726	-1211739	113	
Redmond, WA		229	476740	-1221215	113	
Redondo Beach, CA		229	338492	-1183884	113	
Redwood City, CA		229	374852	-1222364	113	
Reedley, CA		229	365963	-1194504	113	
Rego Park, NY		229	407265	-738526	130	
Reisterstown, MD		229	394698	-768319	130	
Reno, NV		229	395296	-1198138	113	
Renton, WA		229	474829	-1222171	113	
Reseda, CA		229	342011	-1185365	113	
Reston, VA		229	389687	-773411	130	
Revere, MA		229	424084	-710120	130	
Rexburg, ID		229	438260	-1117897	76	
Reynoldsburg, OH		229	399548	-828121	130	
Rhawnhurst, PA		229	400618	-750557	130	
Rialto, CA		229	341064	-1173703	113	
Richardson, TX		229	329482	-967297	82	
Richfield, MN		229	448833	-932830	82	
Richland, WA		229	462857	-1192845	113	
Richmond Hill, NY		229	406998	-738312	130	
Richmond West, FL		229	256105	-804297	130	
Richmond, CA		229	379358	-1223478	113	
Richmond, IN		229	398289	-848902	106	
Richmond, KY		229	377479	-842946	130	
Richmond, VA		229	375538	-774603	130	
Ridgecrest, CA		229	356225	-1176709	113	
Ridgeland, MS		229	324285	-901323	82	
Ridgewood, NJ		229	409793	-741165	130	
Ridgewood, NY		229	407001	-739057	130	
Rio Rancho, NM		229	352334	-1066645	89	
Rittenhouse, PA		229	399484	-751721	130	rittenhouse square
Riverbank, CA		229	377360	-1209355	113	
Riverside, CA		229	339534	-1173962	113	
Riverside, OH		229	397798	-841241	130	
Riverton, UT		229	405219	-1119391	89	
Riverview, FL		229	278661	-823265	130	
Riviera Beach, FL		229	267753	-800581	130	
Roanoke, VA		229	372710	-799414	130	
Rochester Hills, MI		229	426584	-831499	90	
Rochester, MN		229	440216	-924699	82	
Rochester, NH		229	433045	-709756	130	
Rochester, NY		229	431548	-776156	130	
Rock Hill, SC		229	349249	-810251	130	
Rock Island, IL		229	415095	-905788	82	
Rock Springs, WY		229	415875	-1092029	89	
Rockford, IL		229	422711	-890940	82	
Rockledge, FL		229	283508	-807253	130	
Rocklin, CA		229	387907	-1212358	113	
Rockville Centre, NY		229	406587	-736412	130	
Rockville, MD		229	390840	-771528	130	
Rockwall, TX		229	329312	-964597	82	
Rocky Mount, NC		229	359382	-777905	130	
Rogers Park, IL		229	420086	-876667	82	
Rogers, AR		229	363320	-941185	82	
Rohnert Park, CA		229	383396	-1227011	113	
Rolling Meadows, IL		229	420842	-880131	82	
Rome, GA		229	342570	-851647	130	
Rome, NY		229	432129	-754557	130	
Romeoville, IL		229	416475	-880895	82	
Romulus, MI		229	422223	-833966	90	
Roseburg, OR		229	432165	-1233417	113	
Rosedale, NY		229	406620	-737354	130	
Roselle, IL		229	419848	-880798	82	
Roselle, NJ		229	406522	-742588	130	
Rosemead, CA		229	340806	-1180728	113	
Rosemont, CA		229	385518	-1213647	113	
Rosemount, MN		229	447394	-931258	82	
Rosenberg, TX		229	295572	-958086	82	
Roseville, CA		229	387521	-1212880	113	
Roseville, MI		229	424973	-829371	90	
Roseville, MN		229	450061	-931566	82	
Roslindale, MA		229	422912	-711245	130	
Roswell, GA		229	340232	-843616	130	
Roswell, NM		229	333944	-1045249	89	
Round Lake Beach, IL		229	423717	-880901	82	
Round Rock, TX		229	305083	-976789	82	
Rowland Heights, CA		229	339761	-1179053	113	
Rowlett, TX		229	329029	-965639	82	
Roy, UT		229	411616	-1120263	89	
Royal Oak, MI		229	424895	-831446	90	
Royal Palm Beach, FL		229	267084	-802306	130	
Rubidoux, CA		229	339961	-1174056	113	
Russellville, AR		229	352784	-931338	82	
Ruston, LA		229	325232	-926379	82	
Rutland, VT		229	436106	-729726	130	
Sachse, TX		229	329762	-965953	82	
Sacramento, CA		229	385816	-1214944	113	
Saginaw Township North, MI		229	434600	-840067	90	
Saginaw, MI		229	434195	-839508	90	
Saginaw, TX		229	328601	-973639	82	
Sahuarita, AZ		229	319576	-1109556	136	
Saint Charles, MD		229	386032	-769386	130	
Saint Charles, MO		229	387839	-904812	82	
Saint Clair Shores, MI		229	424970	-828888	90	st. clair shores
Saint Cloud, FL		229	282489	-812812	130	st. cloud
Saint Cloud, MN		229	455608	-941625	82	
Saint George, UT		229	371041	-1135841	89	st. george
Saint Joseph, MO		229	397686	-948466	82	
Saint Louis Park, MN		229	449483	-933480	82	
Saint Paul, MN		229	449444	-930933	82	
Saint Peters, MO		229	388003	-906265	82	city of saint peters
Salem, MA		229	425198	-708955	130	
Salem, NH		229	427884	-712009	130	
Salem, OR		229	449429	-1230351	113	
Salem, VA		229	372935	-800548	130	
Salina, KS		229	388403	-976114	82	
Salinas, CA		229	366777	-1216555	113	
Salisbury, MD		229	383607	-755994	130	
Salisbury, NC		229	356710	-804742	130	
Salt Lake City, UT		229	407608	-1118910	89	
Sammamish, WA		229	476418	-1220804	113	
San Angelo, TX		229	314638	-1004370	82	
San Antonio, TX		229	294241	-984936	82	
San Benito, TX		229	261326	-976311	82	
San Bernardino, CA		229	341083	-1172898	113	
San Bruno, CA		229	376305	-1224111	113	
San Carlos, CA		229	375072	-1222605	113	
San Clemente, CA		229	334270	-1176120	113	
San Diego, CA		229	327157	-1171647	113	
San Dimas, CA		229	341067	-1178067	113	
San Fernando, CA		229	342820	-1184390	113	
San Francisco, CA		229	377749	-1224194	113	
San Gabriel, CA		229	340961	-1181058	113	
San Jacinto, CA		229	337839	-1169586	113	
San Jose, CA		229	373394	-1218950	113	
San Juan Capistrano, CA		229	335017	-1176626	113	
San Juan, TX		229	261892	-981553	82	
San Leandro, CA		229	377249	-1221561	113	
San Lorenzo, CA		229	376810	-1221244	113	
San Luis Obispo, CA		229	352828	-1206596	113	
San Luis, AZ		229	324870	-1147822	136	
San Marcos, CA		229	331434	-1171661	113	
San Marcos, TX		229	298833	-979414	82	
San Mateo, CA		229	375630	-1223255	113	
San Pablo, CA		229	379622	-1223455	113	
San Pedro, CA		229	337358	-1182923	113	
San Rafael, CA		229	379735	-1225311	113	
San Ramon, CA		229	377799	-1219780	113	
San Tan Valley, AZ		229	331911	-1115280	136	
Sandusky, OH		229	414489	-827080	130	
Sandy Hills, UT		229	405811	-1118508	89	
Sandy Springs, GA		229	339243	-843785	130	
Sandy, UT		229	405916	-1118841	89	sandy city
Sanford, FL		229	288006	-812731	130	
Sanford, NC		229	354799	-791803	130	
Sanger, CA		229	367080	-1195560	113	
Santa Ana, CA		229	337456	-1178678	113	
Santa Barbara, CA		229	344208	-1196982	113	
Santa Clara, CA		229	373541	-1219552	113	
Santa Clarita, CA		229	343917	-1185426	113	
Santa Cruz, CA		229	369741	-1220308	113	
Santa Fe, NM		229	356870	-1059378	89	
Santa Maria, CA		229	349530	-1204357	113	
Santa Monica, CA		229	340195	-1184914	113	
Santa Paula, CA		229	343542	-1190593	113	
Santa Rosa Beach, FL		229	303960	-862288	82	
Santa Rosa, CA		229	384405	-1227144	113	
Santee, CA		229	328384	-1169739	113	
Sarasota, FL		229	273364	-825306	130	
Saratoga Springs, NY		229	430831	-737846	130	
Saratoga Springs, UT		229	403491	-1119047	89	
Saratoga, CA		229	372638	-1220230	113	
Saugus, MA		229	424648	-710101	130	
Savage, MN		229	447791	-933363	82	
Savannah, GA		229	320835	-810998	130	
Sawtelle, CA		229	340363	-1184495	113	
Sayreville Junction, NJ		229	404654	-743304	130	
Sayreville, NJ		229	404593	-743610	130	
Scaggsville, MD		229	391451	-769002	130	
Schaumburg, IL		229	420334	-880834	82	
Schenectady, NY		229	428142	-739396	130	
Schererville, IN		229	414789	-874548	82	
Schertz, TX		229	295522	-982697	82	
Scotch Plains, NJ		229	406554	-743899	130	
Scottsdale, AZ		229	335092	-1118990	136	
Scranton, PA		229	414092	-756649	130	
SeaTac, WA		229	474485	-1222922	113	
Seal Beach, CA		229	337414	-1181048	113	
Searcy, AR		229	352506	-917362	82	
Seaside, CA		229	366111	-1218516	113	
Seattle, WA		229	476062	-1223321	113	
Sebastian, FL		229	278164	-804706	130	
Security-Widefield, CO		229	387473	-1047144	89	
Sedalia, MO		229	387045	-932283	82	
Seguin, TX		229	295688	-979647	82	
Selma, CA		229	365708	-1196121	113	
Severn, MD		229	391370	-766983	130	
Severna Park, MD		229	390704	-765452	130	
Sewell, NJ		229	397665	-751443	130	
Shaker Heights, OH		229	414739	-815371	130	
Shakopee, MN		229	447980	-935269	82	
Shaw, DC		229	389121	-770214	130	
Shawnee, KS		229	390417	-947202	82	
Shawnee, OK		229	353273	-969253	82	
Sheboygan, WI		229	437508	-877145	82	
Sheepshead Bay, NY		229	405912	-739446	130	
Shelby, MI		229	426709	-830330	90	
Shelbyville, TN		229	354834	-864603	82	
Shelton, CT		229	413165	-730932	130	
Sheridan, WY		229	447972	-1069562	89	
Sherman Oaks, CA		229	341511	-1184492	113	
Sherman, TX		229	336357	-966089	82	
Sherwood, AR		229	348151	-922243	82	
Shirley, NY		229	408015	-728676	130	
Shoreline, WA		229	477556	-1223415	113	
Shoreview, MN		229	450791	-931472	82	
Short Pump, VA		229	376504	-776125	130	
Shreveport, LA		229	325251	-937502	82	
Shrewsbury, MA		229	422959	-717128	130	
Sicklerville, NJ		229	397173	-749693	130	
Sierra Vista, AZ		229	315545	-1103037	136	
Silver Lake, CA		229	340867	-1182702	113	
Silver Spring, MD		229	389907	-770261	130	
Simi Valley, CA		229	342694	-1187815	113	
Sioux City, IA		229	425000	-964003	82	
Sioux Falls, SD		229	435500	-967003	82	
Skokie, IL		229	420334	-877334	82	
Slidell, LA		229	302752	-897812	82	
Smithfield, RI		229	419220	-715495	130	
Smithtown, NY		229	408559	-732007	130	
Smyrna, GA		229	338840	-845144	130	
Smyrna, TN		229	359828	-865186	82	
Socorro Mission Number 1 Colonia, TX		229	316362	-1062905	89	
Socorro, TX		229	316546	-1063033	89	
Soledad, CA		229	364247	-1213263	113	
Solon, OH		229	413898	-814412	130	
Somerset, NJ		229	404976	-744885	130	
Somerton, PA		229	401234	-750149	130	
Somerville, MA		229	423876	-710995	130	
South Bel Air, MD		229	395332	-763375	130	
South Bend, IN		229	416834	-862500	106	
South Boston, MA		229	423334	-710495	130	
South Bradenton, FL		229	274631	-825818	130	
South Burlington, VT		229	444670	-731710	130	
South Chicago, IL		229	417398	-875542	82	
South Elgin, IL		229	419942	-882923	82	
South Euclid, OH		229	415231	-815185	130	
South Fulton, GA		229	335926	-846729	130	
South Gate, CA		229	339547	-1182120	113	
South Gate, MD		229	391290	-766258	130	
South Hill, WA		229	471412	-1222701	113	
South Holland, IL		229	416009	-876070	82	
South Jordan Heights, UT		229	405638	-1119494	89	
South Jordan, UT		229	405622	-1119297	89	
South Kingstown, RI		229	414472	-715249	130	
South Lake Tahoe, CA		229	389332	-1199844	113	
South Laurel, MD		229	390698	-768502	130	
South Lawndale, IL		229	418436	-877125	82	
South Miami Heights, FL		229	255976	-803806	130	
South Milwaukee, WI		229	429106	-878606	82	
South Old Bridge, NJ		229	404082	-743543	130	
South Ozone Park, NY		229	406701	-738190	130	
South Pasadena, CA		229	341161	-1181504	113	
South Peabody, MA		229	425098	-709495	130	
South Plainfield, NJ		229	405793	-744115	130	
South Portland Gardens, ME		229	436390	-703153	130	
South Portland, ME		229	436415	-702409	130	
South Riding, VA		229	389209	-775039	130	
South Salt Lake, UT		229	407188	-1118883	89	
South San Francisco, CA		229	376547	-1224078	113	
South Shore, IL		229	417620	-875778	82	
South Suffolk, VA		229	367171	-765902	130	
South Valley, NM		229	350100	-1066781	89	
South Vineland, NJ		229	394460	-750288	130	
South Whittier, CA		229	339502	-1180392	113	
South Windsor, CT		229	418237	-726212	130	
Southaven, MS		229	349890	-900126	82	
Southfield, MI		229	424734	-832219	90	
Southgate, MI		229	422139	-831938	90	
Southglenn, CO		229	395872	-1049528	89	
Southlake, TX		229	329412	-971342	82	
Spanaway, WA		229	471040	-1224346	113	
Spanish Fork, UT		229	401150	-1116549	89	
Sparks, NV		229	395349	-1197527	113	
Spartanburg, SC		229	349496	-819320	130	
Spokane Valley, WA		229	476732	-1172394	113	
Spokane, WA		229	476597	-1174291	113	
Spring Hill, FL		229	284769	-825255	130	
Spring Hill, TN		229	357512	-869300	82	
Spring Valley, CA		229	327448	-1169989	113	
Spring Valley, NV		229	361080	-1152450	113	
Spring Valley, NY		229	411132	-740438	130	
Spring, TX		229	300799	-954172	82	
Springdale, AR		229	361867	-941288	82	
Springfield Gardens, NY		229	406631	-737622	130	
Springfield, IL		229	398017	-896437	82	
Springfield, MA		229	421015	-725898	130	
Springfield, MO		229	372153	-932982	82	
Springfield, OH		229	399242	-838088	130	
Springfield, OR		229	440462	-1230220	113	
Springfield, PA		229	399307	-753202	130	
Springfield, VA		229	387893	-771872	130	
Springville, UT		229	401652	-1116108	89	
St. Charles, IL		229	419142	-883087	82	
St. Charles, MD		229	386073	-769248	130	
St. Johns, FL		229	300815	-815477	130	
St. Louis, MO		229	386273	-901979	82	st louis
St. Petersburg, FL		229	277709	-826793	130	
Stamford, CT		229	410534	-735387	130	
Stanton, CA		229	338025	-1179931	113	
Starkville, MS		229	334505	-888196	82	
State College, PA		229	407934	-778600	130	
Staten Island, NY		229	405623	-741399	130	
Statesboro, GA		229	324488	-817832	130	
Statesville, NC		229	357826	-808873	130	
Staunton, VA		229	381499	-790732	130	
Sterling Heights, MI		229	425803	-830302	90	
Sterling, VA		229	390062	-774286	130	
Stevens Point, WI		229	445236	-895746	82	
Stillwater, OK		229	361156	-970584	82	
Stockbridge, GA		229	335443	-842338	130	
Stockton, CA		229	379577	-1212908	113	
Stonecrest, GA		229	337085	-841348	130	
Stoneham, MA		229	424801	-710995	130	
Stoughton, MA		229	421251	-711023	130	
Stow, OH		229	411595	-814404	130	
Stratford, CT		229	411845	-731332	130	
Streamwood, IL		229	420256	-881784	82	
Strongsville, OH		229	413145	-818357	130	
Studio City, CA		229	341486	-1183965	113	
Suffolk, VA		229	367284	-765850	130	
Sugar Hill, GA		229	341065	-840335	130	
Sugar Land, TX		229	296197	-956350	82	
Suisun, CA		229	382382	-1220402	113	
Suitland, MD		229	388487	-769239	130	
Suitland-Silver Hill, MD		229	388469	-769259	130	
Summerlin South, NV		229	361171	-1153300	113	
Summerville, SC		229	330185	-801756	130	
Summit, NJ		229	407156	-743647	130	
Sumter, SC		229	339204	-803415	130	
Sun City West, AZ		229	336620	-1123413	136	
Sun City, AZ		229	335975	-1122718	136	
Sun Prairie, WI		229	431836	-892137	82	
Sunny Isles Beach, FL		229	259506	-801228	130	
Sunnyside, NY		229	407398	-739354	130	
Sunnyvale, CA		229	373688	-1220364	113	
Sunrise Manor, NV		229	362111	-1150731	113	
Sunrise, FL		229	261340	-801131	130	
Sunset Park, NY		229	406455	-740124	130	
Superior, WI		229	467208	-921041	82	
Surprise, AZ		229	336306	-1123332	136	
Sylmar, CA		229	343078	-1184492	113	
Syracuse, NY		229	430481	-761474	130	
Syracuse, UT		229	410894	-1120647	89	
Tacoma, WA		229	472529	-1224443	113	
Tallahassee, FL		229	304383	-842807	130	
Tamarac, FL		229	262129	-802498	130	
Tamiami, FL		229	257587	-803984	130	
Tampa, FL		229	279475	-824584	130	
Tarpon Springs, FL		229	281461	-827568	130	
Taunton, MA		229	419001	-710898	130	
Taylor, MI		229	422409	-832696	90	
Taylors, SC		229	349204	-822962	130	
Taylorsville, UT		229	406677	-1119388	89	
Teaneck, NJ		229	408976	-740160	130	
Temecula, CA		229	334936	-1171484	113	
Tempe Junction, AZ		229	334142	-1119435	136	
Tempe, AZ		229	334148	-1119093	136	
Temple City, CA		229	341072	-1180578	113	
Temple Terrace, FL		229	280353	-823893	130	
Temple, TX		229	310982	-973428	82	
Terre Haute, IN		229	394667	-874139	106	
Terrytown, LA		229	299102	-900326	82	
Tewksbury, MA		229	426106	-712342	130	
Texarkana, AR		229	334418	-940377	82	
Texarkana, TX		229	334251	-940477	82	
Texas City, TX		229	293838	-949027	82	
The Acreage, FL		229	267940	-802675	130	
The Bronx, NY		229	408499	-738664	130	
The Colony, TX		229	330890	-968864	82	
The Crossings, FL		229	256707	-804012	130	
The Hammocks, FL		229	256715	-804445	130	
The Villages, FL		229	289341	-819599	130	
The Woodlands, TX		229	301580	-954894	82	
Thomasville, NC		229	358826	-800820	130	
Thornton, CO		229	398680	-1049719	89	
Thousand Oaks, CA		229	341706	-1188376	113	
Throgs Neck, NY		229	408226	-738196	130	
Tigard, OR		229	454312	-1227715	113	
Tinley Park, IL		229	415734	-877845	82	
Titusville, FL		229	286122	-808076	130	
Toledo, OH		229	416639	-835552	130	
Toms River, NJ		229	399537	-741979	130	
Tooele, UT		229	405308	-1122983	89	
Topeka, KS		229	390483	-956780	82	
Torrance, CA		229	338358	-1183406	113	
Torrington, CT		229	418006	-731212	130	
Town 'n' Country, FL		229	280106	-825773	130	
Towson, MD		229	394015	-766019	130	
Tracy, CA		229	377399	-1214262	113	
Tremont, NY		229	408495	-739057	130	
Trenton, NJ		229	402170	-747429	130	
Tri-Cities, WA		229	462454	-1191962	113	
Trotwood, OH		229	397973	-843113	130	
Troy, MI		229	426056	-831499	90	
Troy, NY		229	427284	-736918	130	
Troy, OH		229	400395	-842033	130	
Trumbull, CT		229	412429	-732007	130	
Tualatin, OR		229	453840	-1227640	113	
Tuckahoe, VA		229	375902	-775564	130	
Tucker, GA		229	338546	-842171	130	
Tucson, AZ		229	322217	-1109265	136	
Tujunga, CA		229	342522	-1182884	113	
Tulare, CA		229	362077	-1193473	113	
Tulsa, OK		229	361540	-959928	82	
Tupelo, MS		229	342581	-887046	82	
Turlock, CA		229	374947	-1208466	113	
Tuscaloosa, AL		229	332098	-875692	82	
Tustin Legacy, CA		229	337001	-1178259	113	
Tustin, CA		229	337458	-1178262	113	
Twentynine Palms, CA		229	341356	-1160542	113	
Twin Falls, ID		229	425630	-1144609	76	
Tyler, TX		229	323513	-953011	82	
Union City, CA		229	375958	-1220191	113	
Union City, NJ		229	407796	-740238	130	
Union, NJ		229	406976	-742632	130	
Uniondale, NY		229	407004	-735929	130	
Unionport, NY		229	408273	-738501	130	
Universal City, CA		229	341389	-1183534	113	
University City, MO		229	386559	-903093	82	
University Heights, NY		229	408601	-739093	130	
University Park, FL		229	257465	-803676	130	
University Park, TX		229	328501	-968003	82	
University Place, WA		229	472356	-1225504	113	
University of Texas, TX		229	302860	-977389	82	
University, FL		229	280739	-824390	130	
Upland, CA		229	340975	-1176484	113	
Upper Alton, IL		229	389114	-901507	82	
Upper Arlington, OH		229	399945	-830624	130	
Upper West Side, NY		229	407870	-739754	130	
Uptown, IL		229	419659	-876526	82	
Urbana, IL		229	401106	-882073	82	
Urbandale, IA		229	416267	-937122	82	
Utica, NY		229	431009	-752327	130	
Vacaville, CA		229	383566	-1219877	113	
Valdosta, GA		229	308333	-832803	130	
Valencia, CA		229	344436	-1186095	113	
Valinda, CA		229	340453	-1179437	113	
Vallejo, CA		229	381041	-1222566	113	
Valley Glen, CA		229	341857	-1184203	113	
Valley Station, KY		229	381112	-858702	109	
Valley Stream, NY		229	406643	-737085	130	
Valparaiso, IN		229	414731	-870611	82	
Valrico, FL		229	279379	-822364	130	
Van Buren, AR		229	354368	-943483	82	
Van Nest, NY		229	408484	-738638	130	
Van Nuys, CA		229	341867	-1184490	113	
Vancouver, WA		229	456387	-1226615	113	
Venice, CA		229	339908	-1184601	113	
Venice, FL		229	270998	-824543	130	
Ventura, CA		229	342783	-1192932	113	
Vermont Square, CA		229	340020	-1182990	113	
Vernon Hills, IL		229	422195	-879795	82	
Vero Beach South, FL		229	276164	-804131	130	
Vestal, NY		229	420851	-760538	130	
Vestavia Hills, AL		229	334487	-867878	82	
Vicksburg, MS		229	323526	-908779	82	
Victoria, TX		229	288053	-970036	82	
Victorville, CA		229	345361	-1172912	113	
Villa Park, IL		229	418898	-879890	82	
Vincentown, NJ		229	399340	-747485	130	
Vineland, NJ		229	394862	-750257	130	
Vineyard, CA		229	384645	-1213469	113	
Virginia Beach, VA		229	368529	-759780	130	
Visalia, CA		229	363302	-1192921	113	
Visitacion Valley, CA		229	377171	-1224043	113	
Vista, CA		229	332000	-1172425	113	
Waco, TX		229	315493	-971467	82	
Wadsworth, OH		229	410256	-817298	130	
Waipahu, HI		229	213867	-1580092	332	
Wake Forest, NC		229	359799	-785097	130	
Wakefield, MA		229	425065	-710728	130	
Wakefield, NY		229	408979	-738524	130	
Waldorf, MD		229	386246	-769391	130	
Walker, MI		229	430014	-857681	90	
Walla Walla, WA		229	460646	-1183430	113	
Walnut Creek, CA		229	379063	-1220650	113	
Walnut, CA		229	340203	-1178653	113	
Waltham, MA		229	423765	-712356	130	
Warner Robins, GA		229	326157	-836266	130	
Warren, MI		229	424904	-830130	90	
Warren, OH		229	412376	-808184	130	
Warwick, RI		229	417001	-714162	130	
Wasco, CA		229	355941	-1193410	113	
Wasco, IL		229	419381	-884045	82	
Washington Heights, NY		229	408501	-739354	130	
Washington, DC		229	388951	-770364	130	washington d.c.
Washington, UT		229	371305	-1135083	89	
Watauga, TX		229	328579	-972547	82	
Waterbury, CT		229	415582	-730515	130	
Waterford, MI		229	426930	-834118	90	
Waterloo, IA		229	424928	-923430	82	
Watertown, MA		229	423709	-711828	130	
Watertown, NY		229	439748	-759108	130	
Watertown, SD		229	448994	-971151	82	
Watertown, WI		229	431947	-887290	82	
Watsonville, CA		229	369102	-1217569	113	
Waukegan, IL		229	423636	-878448	82	
Waukesha, WI		229	430117	-882315	82	
Wausau, WI		229	449591	-896301	82	
Wauwatosa, WI		229	430495	-880076	82	
Waverly, MI		229	427392	-846208	90	
Waxahachie, TX		229	323865	-968483	82	
Wayne, NJ		229	409254	-742765	130	
Wayne, PA		229	400440	-753877	130	
Waynesboro, VA		229	380685	-788895	130	
Weatherford, TX		229	327593	-977972	82	
Webster Groves, MO		229	385926	-903573	82	
Weirton Heights, WV		229	404084	-805392	130	
Wekiwa Springs, FL		229	286986	-814256	130	
Wellesley, MA		229	422965	-712926	130	
Wellington, FL		229	266587	-802414	130	
Wenatchee, WA		229	474235	-1203104	113	
Wentzville, MO		229	388114	-908529	82	
Weslaco, TX		229	261595	-979908	82	
Wesley Chapel, FL		229	282397	-823279	130	
West Albany, NY		229	426831	-737785	130	
West Allis, WI		229	430167	-880070	82	
West Babylon, NY		229	407182	-733543	130	
West Bend, WI		229	434253	-881834	82	
West Bloomfield Township, MI		229	425689	-833836	90	
West Carson, CA		229	338217	-1182926	113	
West Chicago, IL		229	418847	-882040	82	
West Coon Rapids, MN		229	451597	-933497	82	
West Covina, CA		229	340686	-1179390	113	
West Des Moines, IA		229	415772	-937113	82	
West Elkridge, MD		229	392070	-767269	130	
West Englewood, IL		229	417781	-876667	82	
West Falls Church, VA		229	388648	-771879	130	
West Fargo, ND		229	468750	-969004	82	
West Gulfport, MS		229	304041	-890942	82	
West Hartford, CT		229	417620	-727420	130	
West Haven, CT		229	412707	-729470	130	
West Hills, CA		229	341973	-1186440	113	
West Hollywood, CA		229	340900	-1183617	113	
West Hollywood, FL		229	260206	-801839	130	
West Islip, NY		229	407062	-733062	130	
West Jordan, UT		229	406097	-1119391	89	
West Lafayette, IN		229	404259	-869081	106	
West Lake Sammamish, WA		229	475776	-1221012	113	
West Lawn, IL		229	417728	-877223	82	
West Linn, OR		229	453657	-1226123	113	
West Little River, FL		229	258570	-802370	130	
West Lynchburg, VA		229	374032	-791781	130	
West Memphis, AR		229	351465	-901845	82	
West Milford, NJ		229	411312	-743674	130	
West New York, NJ		229	407879	-740143	130	
West Oak Lane, PA		229	400693	-751663	130	
West Odessa, TX		229	318424	-1024988	82	
West Orange, NJ		229	407987	-742390	130	
West Palm Beach, FL		229	267153	-800534	130	
West Pensacola, FL		229	304266	-872797	82	
West Puente Valley, CA		229	340517	-1179684	113	
West Raleigh, NC		229	357868	-786639	130	
West Ridge, IL		229	419998	-876928	82	
West Roxbury, MA		229	422793	-711495	130	
West Sacramento, CA		229	385805	-1215302	113	
West Scarborough, ME		229	435704	-703878	130	
West Seneca, NY		229	428501	-787998	130	
West Springfield, MA		229	421070	-726204	130	
West Springfield, VA		229	387726	-772211	130	
West Torrington, CT		229	418184	-731437	130	
West Town, IL		229	418938	-876749	82	
West Valley City, UT		229	406916	-1120010	89	
West Warwick, RI		229	416969	-715219	130	
West Whittier-Los Nietos, CA		229	339760	-1180691	113	
West and East Lealman, FL		229	278199	-826894	130	
Westchase, FL		229	280550	-826098	130	
Westchester, FL		229	257548	-803273	130	
Westerville, OH		229	401262	-829291	130	
Westfield, IN		229	400428	-861275	106	
Westfield, MA		229	421251	-727495	130	
Westfield, NJ		229	406590	-743474	130	
Westford, MA		229	425793	-714378	130	
Westlake, OH		229	414553	-819179	130	
Westland, MI		229	423242	-834002	90	
Westminster, CA		229	337592	-1180067	113	
Westminster, CO		229	398366	-1050372	89	
Westmont, CA		229	339414	-1183023	113	
Westmont, IL		229	417959	-879756	82	
Weston, FL		229	261004	-803998	130	
Westpark, CA		229	336853	-1178137	113	
Westport, CT		229	411415	-733579	130	
Wethersfield, CT		229	417143	-726526	130	
Weymouth, MA		229	422209	-709398	130	
Wharton, PA		229	399268	-751571	130	
Wheat Ridge, CO		229	397661	-1050772	89	
Wheaton, IL		229	418661	-881070	82	
Wheaton, MD		229	390398	-770553	130	
Wheeling, IL		229	421392	-879290	82	
Wheeling, WV		229	400640	-807209	130	
White Bear Lake, MN		229	450847	-930099	82	
White Plains, NY		229	410340	-737629	130	
Whitehall Township, PA		229	406668	-754999	130	
Whitestone, NY		229	407946	-738185	130	
Whitman, PA		229	399168	-751555	130	
Whitney, NV		229	360983	-1150363	113	
Whittier, CA		229	339792	-1180328	113	
Wichita Falls, TX		229	339137	-984934	82	
Wichita, KS		229	376922	-973375	82	
Wildomar, CA		229	335989	-1172800	113	
Wildwood, MO		229	385828	-906629	82	
Wilkes-Barre, PA		229	412459	-758813	130	
Williamsburg, NY		229	407143	-739535	130	
Williamsport, PA		229	412412	-770011	130	
Willingboro, NJ		229	400279	-748690	130	
Williston, ND		229	481470	-1036180	82	
Willoughby, OH		229	416398	-814065	130	
Willowbrook, CA		229	339170	-1182551	113	
Wilmette, IL		229	420722	-877228	82	
Wilmington, CA		229	337800	-1182626	113	
Wilmington, DE		229	397460	-755466	130	
Wilmington, MA		229	425465	-711737	130	
Wilmington, NC		229	342356	-779460	130	
Wilson, NC		229	357213	-779155	130	
Wilsonville, OR		229	452998	-1227737	113	
Winchester, MA		229	424523	-711370	130	
Winchester, NV		229	361300	-1151189	113	
Winchester, VA		229	391857	-781633	130	
Windham, CT		229	416998	-721570	130	
Windsor, CA		229	385471	-1228164	113	
Windsor, CO		229	404775	-1049014	89	
Windsor, CT		229	418526	-726437	130	
Winnetka, CA		229	342133	-1185720	113	
Winona, MN		229	440500	-916393	82	
Winston-Salem, NC		229	360999	-802442	130	
Winter Garden, FL		229	285653	-815862	130	
Winter Haven, FL		229	280222	-817329	130	
Winter Park, FL		229	286000	-813392	130	
Winter Springs, FL		229	286989	-813081	130	
Wissinoming, PA		229	400223	-750632	130	
Woburn, MA		229	424793	-711523	130	
Woodbridge, CA		229	336772	-1177944	113	
Woodburn, OR		229	451437	-1228554	113	
Woodbury, MN		229	449239	-929594	82	
Woodhaven, NY		229	406893	-738579	130	
Woodland Hills, CA		229	341683	-1186059	113	
Woodland, CA		229	386785	-1217733	113	
Woodlawn, IL		229	417795	-875995	82	
Woodlawn, MD		229	393229	-767280	130	
Woodridge, IL		229	417470	-880503	82	
Woodside, NY		229	407454	-739054	130	
Woodstock, GA		229	341015	-845194	130	
Woodstock, IL		229	423147	-884487	82	
Woonsocket, RI		229	420029	-715148	130	
Wooster, OH		229	408052	-819365	130	
Worcester, MA		229	422626	-718023	130	
Wright, FL		229	304558	-866383	82	
Wyandotte, MI		229	422142	-831499	90	
Wylie, TX		229	330151	-965389	82	
Wyoming, MI		229	429134	-857053	90	
Xenia, OH		229	396848	-839296	130	
Yakima, WA		229	466021	-1205059	113	
Yarmouth, MA		229	417057	-702286	130	
Yonkers, NY		229	409304	-738979	130	
Yorba Linda, CA		229	338886	-1178131	113	
York, PA		229	399626	-767277	130	
Youngstown, OH		229	410998	-806495	130	
Yuba City, CA		229	391404	-1216169	113	
Yucaipa, CA		229	340336	-1170431	113	
Yucca Valley, CA		229	341142	-1164322	113	
Yukon, OK		229	355067	-977625	82	
Yuma, AZ		229	327253	-1146244	136	
Zanesville, OH		229	399404	-820132	130	
Zion, IL		229	424461	-878328	82	
Zionsville, IN		229	399509	-862619	106	
‘Ewa Gentry, HI		229	213400	-1580304	332	
Abim		230	27017	336761	26	
Adjumani		230	33779	317909	26	
Anaka		230	26011	319475	26	
Apac		230	19756	325386	26	
Arua		230	30201	309110	26	
Bombo		230	5739	325154	26	
Budaka		230	10039	339256	26	
Bugembe		230	4821	332406	26	
Bugiri		230	5714	337417	26	
Bunamwaya		230	2534	325572	26	
Bundibugyo		230	7112	300647	26	
Busesa		230	6263	336003	26	
Busia		230	4659	340922	26	
Butaleja		230	9119	339511	26	
Buwenge		230	6500	331713	26	
Buyale		230	19342	321164	26	
Buyende		230	11517	331550	26	
Bwizibwera		230	-5917	306286	26	
Dokolo		230	18983	331775	26	
Entebbe		230	562	324795	26	
Fort Portal		230	6617	302748	26	
Gulu		230	27746	322990	26	
Hoima		230	14331	313524	26	
Ibanda		230	-1340	304962	26	
Iganga		230	6092	334686	26	
Ishaka		230	-5431	301369	26	
Isingiro		230	-8686	308302	26	
Jinja		230	4390	332032	26	
Kabale		230	-12486	299899	26	
Kagadi		230	9378	308089	26	
Kajansi		230	2155	325345	26	
Kakira		230	5083	332878	26	
Kakiri		230	4199	323913	26	
Kampala		230	3163	325822	26	
Kamuli		230	9472	331197	26	
Kamwenge		230	1866	304539	26	
Kapchorwa		230	14010	344504	26	
Kasaali		230	-6167	315500	26	
Kasangati		230	4380	326025	26	
Kasanje		230	1533	324009	26	
Kasese		230	1833	300833	26	
Kasozi		230	200	304986	26	
Katabi		230	841	324697	26	
Kayunga		230	7025	328886	26	
Kiboga		230	9161	317742	26	
Kigumba		230	18084	320050	26	
Kihihi		230	-7500	297000	26	
Kira		230	4000	326333	26	
Kitgum		230	32783	328867	26	
Kiziba		230	5139	323506	26	
Koboko		230	34136	309599	26	
Kotido		230	29806	341331	26	
Kumi		230	14608	339361	26	
Kyaka II Refugee Camp		230	3674	311082	26	
Kyangwali Refugee Camp		230	11881	307828	26	
Kyegegwa		230	5022	310414	26	
Kyengera		230	2952	325016	26	
Kyenjojo		230	6328	306214	26	
Lira		230	22499	328998	26	
Lugazi		230	3679	329376	26	
Lukaya		230	-1131	318539	26	
Luwero		230	8492	324731	26	
Masaka		230	-3338	317341	26	
Masindi		230	16744	317150	26	
Mbale		230	10821	341750	26	
Mbarara		230	-6047	306485	26	
Mityana		230	4175	320228	26	
Mpigi		230	2250	323136	26	
Mpondwe		230	401	297248	26	
Mubende		230	5585	313949	26	
Muhorro		230	9151	307508	26	
Mukono		230	3533	327553	26	
Nakaloke		230	11500	341500	26	
Nakivale Refugee Camp		230	-7406	309963	26	
Namasuba		230	6894	324214	26	
Namayumba		230	5289	322486	26	
Namutumba		230	8361	336861	26	
Nansana		230	3639	325286	26	
Nebbi		230	24783	310889	26	
Njeru		230	4417	331792	26	
Nyachera		230	-9000	304167	26	
Opit		230	26111	324756	26	
Paidha		230	24167	309855	26	
Pakwach		230	24634	314983	26	
Pallisa		230	11450	337094	26	
Rubanda		230	-11883	298461	26	
Rukungiri		230	-8411	299419	26	
Rutoma		230	-5667	303833	26	
Rwamwanja Refugee Camp		230	3480	306543	26	
Soroti		230	17146	336111	26	
Tororo		230	6930	341808	26	
Wakiso		230	4044	324594	26	
Wobulenzi		230	7283	325122	26	
Yumbe		230	34651	312469	26	
Alchevsk		231	484689	388167	278	alchevs'k
Alushta		231	446773	344097	299	
Antratsyt		231	481150	390913	278	
Armyansk		231	461092	336921	299	
Avdiivka		231	481402	377501	278	avdiyivka
Bakhchysarai		231	447552	338578	299	bakhchysaray
Bakhmut		231	485944	379998	278	
Balakliia		231	494560	368443	278	balakliya
Berdyansk		231	467558	367882	278	
Berdychiv		231	498941	286014	278	
Berehove		231	482051	226445	278	
Berestyn		231	493751	354549	278	
Bila Tserkva		231	498004	301285	278	
Bilhorod-Dnistrovskyi		231	461948	303483	278	
Bilohorodka		231	503897	302253	278	
Boiarka		231	503191	302973	278	boyarka
Boryslav		231	492921	234258	278	
Boryspil		231	503527	309550	278	
Brianka		231	485110	386722	278	
Brody		231	500879	251503	278	
Brovary		231	505181	308067	278	
Bucha		231	505434	302120	278	
Cherkasy		231	494445	320574	278	
Chernihiv		231	515054	312866	278	
Chernivtsi		231	482904	259324	278	
Chervonohrad		231	503910	242351	278	
Chornomors’k		231	462991	306553	278	chornomorsk
Chortkiv		231	490170	257981	278	
Chuhuiv		231	498354	366865	278	chuhuyiv
Chystyakove		231	480388	385969	278	
Debaltseve		231	483380	384024	278	
Dnipro		231	484666	350407	278	
Dobropillia		231	484615	370852	278	
Dokuchaievsk		231	477522	376776	278	dokuchayevsk
Donetsk		231	480230	378022	278	
Dovzhansk		231	480896	396524	278	
Drohobych		231	493510	235174	278	
Druzhkivka		231	486190	375270	278	
Dubno		231	504169	257343	278	
Dzhankoi		231	457131	343927	299	dzhankoy
Enerhodar		231	474905	346620	278	
Fastiv		231	500767	299177	278	
Feodosiya		231	450320	353815	299	
Hadyach		231	503691	339970	278	hadiach
Haysyn		231	488129	293792	278	
Hlukhiv		231	516782	339162	278	
Holubivka		231	486375	386428	278	kirovsk
Horishni Plavni		231	490084	336293	278	
Horlivka		231	483358	380532	278	
Irpin		231	505218	302506	278	
Ivano-Frankivsk		231	489231	247125	278	
Izium		231	492070	372768	278	izyum
Izmail		231	453506	288375	278	izmayil
Kadiyivka		231	485682	386435	278	kadiivka
Kakhovka		231	468160	334786	278	
Kalush		231	490240	243721	278	
Kamianets-Podilskyi		231	486788	265852	278	
Kamyanske		231	485172	346062	278	
Kaniv		231	497519	314700	278	
Kerch		231	453568	364754	299	
Kharkiv		231	499818	362548	278	
Khartsyzk		231	480424	381473	278	khartsyzsk
Kherson		231	466370	326146	278	
Khmelnytskyi		231	494183	269794	278	
Khmilnyk		231	495581	279568	278	
Khrestivka		231	481492	383594	278	kirovskoye
Khrustalnyi		231	481395	389372	278	
Khust		231	481719	232979	278	
Kolomyia		231	485250	250371	278	
Konotop		231	512403	332026	278	
Korabel		231	466188	325796	278	
Korosten		231	509594	286386	278	
Korostyshiv		231	503172	290563	278	
Kostiantynivka		231	485273	377059	278	kostyantynivka
Kostopil		231	508784	264519	278	
Kovel		231	512153	247087	278	
Kozyatyn		231	497164	288386	278	
Kramatorsk		231	487305	375879	278	
Kremenchuk		231	490625	334048	278	
Kriukiv		231	490289	334385	278	kryukiv
Krolevets		231	515478	333847	278	
Kropyvnytskyy		231	485083	322662	278	kropyvnytskyi
Kryvyy Rih		231	479057	333940	278	kryvyi rih
Kupiansk		231	497100	376158	278	kupyansk
Kyiv		231	504547	305238	278	
Ladyzhyn		231	486844	292364	278	
Lebedyn		231	505852	344849	278	
Lozova		231	488894	363176	278	
Lubny		231	500141	329998	278	
Luhansk		231	485681	393055	278	
Lutsk		231	507578	253502	278	
Lviv		231	498383	240232	278	
Lysychansk		231	489042	384409	278	
Makiivka		231	480478	379258	278	makiyivka
Malyn		231	507723	292383	278	
Marhanets		231	476309	346245	278	
Mariupol		231	470951	375413	278	
Melitopol		231	468474	353820	278	
Merefa		231	498186	360565	278	
Mohyliv-Podilskyy		231	484428	277998	278	mohyliv-podilskyi
Molodohvardiisk		231	483451	396524	278	
Mukachevo		231	484425	227180	278	
Mykolayiv		231	469762	319930	278	
Myrhorod		231	499646	336086	278	
Myrnohrad		231	483099	372651	278	
Nadvirna		231	486366	245714	278	
Netishyn		231	503286	266487	278	
Nikopol		231	475683	343913	278	
Nizhyn		231	510480	318869	278	
Nova Kakhovka		231	467597	333559	278	
Novovolynsk		231	507258	241626	278	
Novoyavorivs'k		231	499302	235736	278	novoiavorivsk
Obukhiv		231	501069	306185	278	
Odesa		231	464857	307438	278	
Okhtyrka		231	503104	348988	278	
Oleksandriya		231	486747	331176	278	oleksandriia
Oleshky		231	466255	327243	278	
Pavlohrad		231	485321	358688	278	
Pereiaslav		231	500674	314497	278	
Perevalsk		231	484378	388438	278	
Pervomaisk		231	486283	385620	278	sokolohirsk
Pervomaysk		231	480448	308478	278	pervomaisk
Pivdenne		231	466247	311018	278	
Pivdennoukrainsk		231	478288	311751	278	
Podilsk		231	477499	295307	278	
Pokrov		231	476536	341149	278	
Pokrovsk		231	482824	371777	278	
Poltava		231	495892	345537	278	
Pryluky		231	505932	323876	278	
Rivne		231	506204	262370	278	
Romny		231	507510	334747	278	
Rovenky		231	480833	393776	278	
Rubizhne		231	490061	383812	278	
Saki		231	451342	336000	299	saky
Saltivka		231	500221	363490	278	
Samar		231	486289	352589	278	
Sambir		231	495163	232006	278	
Sarny		231	513380	266019	278	
Selydove		231	481445	373006	278	
Sevastopol		231	446080	335213	299	
Shakhtarsk		231	480566	384383	278	
Shakhtarske		231	483479	363964	278	
Shepetivka		231	501812	270652	278	
Shostka		231	518630	334698	278	
Sievierodonetsk		231	489463	384862	278	siverskodonetsk
Simferopol		231	449572	341108	299	
Slavuta		231	502961	268661	278	
Slavutych		231	515225	307181	278	
Sloviansk		231	488497	375974	278	slovyansk
Smila		231	492330	318843	278	
Snizhne		231	480261	387722	278	
Sorokyne		231	482924	397392	278	
Stara Darnytsya		231	504333	306333	278	
Starobilsk		231	492772	389167	278	starobil's'k
Starokostyantyniv		231	497552	272123	278	starokostiantyniv
Stryi		231	492617	238472	278	
Sumy		231	509174	347991	278	
Svitlovodsk		231	490629	332458	278	
Synelnykove		231	483236	355261	278	
Ternivka		231	485266	360705	278	
Ternopil		231	495540	255907	278	
Tokmak		231	472555	357084	278	
Toretsk		231	483948	378478	278	
Truskavets		231	492783	235100	278	
Uman		231	487501	302194	278	
Uzhhorod		231	486242	222947	278	
Varash		231	513509	258474	278	
Vasylkiv		231	501869	303135	278	
Vilnohirsk		231	484842	340171	278	
Vinnytsya		231	492322	284687	278	vinnytsia
Volodymyr-Volynskyi		231	508525	243236	278	
Voznesensk		231	475622	313360	278	
Vynohradiv		231	481413	230362	278	
Vyshhorod		231	505848	304898	278	
Vyshneve		231	503891	303705	278	
Yalta		231	445022	341662	299	
Yany Kapu		231	459555	337926	299	yani kapu
Yasynuvata		231	481298	378594	278	yasinovataya
Yenakiieve		231	482386	382040	278	yenakiyeve
Yevpatoriya		231	452009	333665	299	
Zaporizhzhya		231	478517	351171	278	
Zdolbuniv		231	505206	262425	278	
Zhmerynka		231	490352	281140	278	
Zhovti Vody		231	483452	334974	278	
Zhytomyr		231	502624	286791	278	
Zlatopil		231	493765	362185	278	
Znamyanka		231	487207	326582	278	znamianka
Zolochiv		231	498076	249006	278	
Zolotonosha		231	496693	320364	278	
Zviahel		231	505941	276165	278	zvyahel
Abu Dhabi		232	244512	543970	183	
Ajman City		232	254018	554788	183	
Al Ain City		232	241917	557606	183	
Al Fujairah City		232	251164	563414	183	
Al Furjan		232	250265	551456	183	
Al Karama		232	252400	553011	183	
Al Majaz		232	253235	553877	183	
Al Muteena		232	252738	553226	183	
Al Qusais 1		232	252792	553700	183	al qusais first
Al Sajaah		232	253153	556321	183	
Al Shamkhah City		232	243927	547078	183	
Al Waheda		232	252917	553382	183	
Al Warqaa		232	251927	554201	183	
Al Ḩamīdīyah	al hamidiyah	232	254000	555292	183	
Ar Rumaylah		232	254034	554334	183	
Ar Ruways		232	241103	527306	183	ruwais
Ar Rāshidīyah	ar rashidiyah	232	252250	553895	183	
As Saţwah	as satwah	232	252219	552746	183	
Bani Yas City		232	243098	546294	183	
Business Bay		232	251854	552697	183	
Dayrah		232	252714	553021	183	deira
Dibba Al-Fujairah		232	255925	562618	183	
Dibba Al-Hisn		232	256196	562729	183	
Dubai		232	250772	553093	183	
Dubai Festival City		232	252218	553573	183	
Dubai International Financial Centre		232	252106	552779	183	
Dubai Internet City		232	250954	551617	183	
Dubai Investments Park		232	250083	551568	183	
Dubai Marina		232	250852	551465	183	
Dubai Silicon Oasis		232	251198	553872	183	
Hawr al ‘Anz		232	252774	553368	183	
International City		232	251638	554099	183	dubai international city
Jebel Ali		232	250026	551081	183	
Jumayrā	jumayra	232	252080	552497	183	
Kalbā	kalba	232	250513	563542	183	
Khalifah A City		232	244259	546050	183	
Khawr Fakkān	khawr fakkan	232	253313	563420	183	khor'fakkan
Lahbab		232	250376	555914	183	
Mankhūl	mankhul	232	252461	552922	183	al mankhool
Mirdif		232	252244	554141	183	
Mohammed Bin Zayed City		232	243479	545537	183	
Musaffah		232	243589	544827	183	musaffah city
Nāyf	nayf	232	252714	553032	183	
Ras Al Khaimah City		232	257895	559432	183	ras al-khaimah
Reef Al Fujairah City		232	251448	562476	183	
Sharjah		232	253374	554121	183	sharjah city
The Palm Jumeirah		232	251161	551351	183	
Umm Al Quwain City		232	255647	555552	183	umm al-quwain
Warīsān	warisan	232	251674	554071	183	
Zayed City		232	236542	537052	183	
Ţarīf Kalbā	tarif kalba	232	250695	563312	183	
Artigas		233	-304043	-564693	127	
Barros Blancos		233	-347524	-560026	127	
Colonia del Sacramento		233	-344626	-578398	127	
Durazno		233	-333806	-565231	127	
Florida		233	-341003	-562148	127	
Fray Bentos		233	-331165	-583107	127	
Las Piedras		233	-347302	-562192	127	
Maldonado		233	-348979	-549502	127	
Melo		233	-323682	-541641	127	
Mercedes		233	-332524	-580305	127	
Minas		233	-343759	-552377	127	
Montevideo		233	-349033	-561882	127	
Pando		233	-347172	-559584	127	
Paysandú	paysandu	233	-323171	-580807	127	
Rivera		233	-309053	-555508	127	
Rocha		233	-344800	-543306	127	
Salto		233	-313881	-579598	127	
San Carlos		233	-347912	-549182	127	
San José de Mayo	san jose de mayo	233	-343390	-567134	127	
Tacuarembó	tacuarembo	233	-317188	-559792	127	
Treinta y Tres		233	-332310	-543858	127	
Trinidad		233	-335165	-568996	127	
Andijon		234	407834	723507	227	andijan
Angren		234	410167	701436	227	
Asaka		234	406415	722387	227	
Bekobod		234	402208	692697	227	
Bektemir		234	412097	693342	227	
Beruniy		234	416911	607525	222	
Beshariq		234	404358	706103	227	
Boysun		234	382084	672066	222	
Bukhara		234	397703	644307	222	
Bulung’ur Shahri		234	397600	672744	222	
Chilanzar		234	412819	691811	227	
Chinoz		234	409363	687613	227	chinaz
Chirchiq		234	414689	695822	227	
Chortoq		234	410692	718237	227	
Chust		234	410033	712379	227	
Dardoq		234	408158	728317	227	
Dashtobod		234	401269	684944	227	
Denov		234	382675	678989	222	
Fergana		234	403842	717843	227	
Gagarin Shahri		234	406647	681677	222	
Guliston		234	404954	687754	227	
Gurlan		234	418412	603927	222	
G‘azalkent		234	415581	697708	227	
G‘uzor		234	386213	662515	222	
G’ijduvon Shahri		234	401022	646823	222	
Haqqulobod		234	409167	721167	227	
Iskandar		234	415539	697008	227	
Jalolquduq		234	406892	726093	227	
Jizzax		234	401335	678296	222	jizzakh
Juma Shahri		234	397161	666642	222	
Karakul’		234	395333	638333	222	
Kattaqo’rg’on Shahri		234	399055	662656	222	
Kitob		234	391216	668860	222	
Kogon Shahri		234	397275	645547	222	
Koson		234	390375	655850	222	
Kosonsoy		234	412494	715474	227	
Manghit		234	421156	600597	222	
Marg‘ilon		234	404724	717246	227	margilan
Muborak		234	392553	651528	222	
Namangan		234	409983	716726	227	
Navoiy		234	400844	653792	222	
Novyy Turtkul’		234	415500	610167	222	
Nukus		234	424586	596058	222	
Nurota		234	405614	656886	222	
Ohangaron		234	409064	696383	227	
Olmaliq		234	408447	695983	227	
Oltiariq		234	403919	714742	227	
Oltinko‘l		234	430687	589037	222	
Oqtosh		234	399214	659253	222	
Oyim		234	408196	727423	227	
Parkent		234	412944	696764	227	
Paxtakor Shahri		234	403118	679567	222	
Payshamba Shahri		234	400114	662311	222	
Piskent		234	408972	693506	227	
Pop		234	408736	711089	227	pap
Qarshi		234	388606	657890	222	
Qibray		234	413897	694650	227	
Qorasuv		234	407278	728858	227	
Qo‘qon		234	405286	709425	227	kokand
Qo‘rg‘ontepa		234	407319	727618	227	
Quva		234	405220	720729	227	
Quvasoy		234	402972	719803	176	
Qŭnghirot	qunghirot	234	430433	588394	222	kungrad
Rishton		234	403567	712847	227	
Salor		234	413722	693817	227	
Samarkand		234	396546	669644	222	
Sergeli		234	411983	692222	227	
Shahrisabz		234	390578	668342	222	
Shahrixon		234	407133	720571	227	
Shofirkon Shahri		234	401200	645014	222	
Shovot		234	416582	602945	222	
Sho‘rchi		234	379994	677875	222	
Sirdaryo		234	408436	686617	227	
Tashkent		234	412647	692163	227	
Tirmiz		234	372242	672783	222	termez
Toshbuloq		234	409162	715782	227	
To‘rqao‘rg‘on		234	409998	715116	227	
Tŭytepa	tuytepa	234	410321	693625	227	nurafshon
Uchkuduk		234	410500	627833	222	
Uchqŭrghon Shahri	uchqurghon shahri	234	411137	720792	227	
Urganch		234	415518	606314	222	urgench
Urgut Shahri		234	394190	672612	222	
Uychi		234	410807	719233	227	
Xiva		234	413856	603641	222	khiva
Xonobod		234	408026	729750	227	
Xo‘jayli Shahri		234	424088	594454	222	
Yangiobod		234	411192	700941	227	yangiabad
Yangiqo‘rg‘on		234	411947	717238	227	
Yangiyer		234	402750	688225	227	
Yangiyŭl	yangiyul	234	411120	690471	227	
Yaypan		234	403758	708156	227	
Yunusobod		234	413714	692794	227	
Zafar		234	409833	689000	227	
Zomin Shaharchasi		234	399606	683958	222	
Port-Vila		235	-177365	1683137	327	port vila
Vatican City		236	419027	124541	307	
Acarigua		237	95545	-691956	79	
Achaguas		237	77792	-682237	79	
Altagracia de Orituco		237	98600	-663814	79	
Alto Barinas		237	85931	-702261	79	
Anaco		237	94296	-644643	79	
Aragua de Barcelona		237	94559	-648293	79	
Araure		237	95814	-692385	79	
Araya		237	105800	-642555	79	
Aroa		237	104395	-688950	79	
Barcelona		237	101384	-646877	79	
Barinas		237	86206	-702310	79	
Barinitas		237	87617	-704120	79	
Barquisimeto		237	100647	-693570	79	
Barrancas		237	87696	-701109	79	
Baruta		237	104342	-668756	79	
Bejuma		237	101738	-682589	79	
Biruaca		237	78448	-675168	79	
Boconó	bocono	237	92538	-702511	79	
Boraure		237	102475	-687697	79	
Cabimas		237	103991	-714521	79	
Cabudare		237	100266	-692620	79	
Cagua		237	101863	-674594	79	
Caicara		237	98176	-636133	79	
Caicara del Orinoco		237	76350	-661682	79	
Caja Seca		237	91415	-710674	79	
Calabozo		237	89242	-674293	79	
Cantaura		237	93057	-643584	79	
Capacho Nuevo		237	78247	-723084	79	
Caraballeda		237	106122	-668519	79	
Caracas		237	104880	-668792	79	
Cariaco		237	104968	-635529	79	
Caripito		237	101114	-630998	79	
Carora		237	101728	-700810	79	
Carrizal		237	103498	-669863	79	
Carúpano	carupano	237	106652	-632539	79	
Casigua El Cubo		237	87460	-725189	79	casigua-el cubo
Catia La Mar		237	106054	-670324	79	
Caucagua		237	102831	-663759	79	
Caucagüito	caucaguito	237	104867	-667380	79	
Chacao		237	104958	-668537	79	
Charallave		237	102425	-668572	79	
Chivacoa		237	101595	-688945	79	
Ciudad Bolivia		237	83530	-705712	79	
Ciudad Bolívar	ciudad bolivar	237	81237	-635469	79	
Ciudad Guayana		237	83512	-626410	79	
Ciudad Ojeda		237	102016	-713148	79	
Ciudad Piar		237	74521	-633199	79	
Clarines		237	99399	-651652	79	
Cocorote		237	103195	-687830	79	
Coloncito		237	83261	-720874	79	
Colón	colon	237	80312	-722605	79	san juan de colon
Concepción	concepcion	237	104119	-716892	79	
Coro		237	114077	-696782	79	
Cumanacoa		237	102506	-639194	79	
Cumaná	cumana	237	104639	-641786	79	
Cúa	cua	237	101624	-668825	79	
Dabajuro		237	110227	-706777	79	
Duaca		237	102855	-691624	79	
Ejido		237	85466	-712409	79	
El Cafetal		237	104654	-668295	79	
El Hatillo		237	104241	-668258	79	el hatillo municipality
El Limón	el limon	237	103059	-676321	79	
El Sombrero		237	93863	-670582	79	
El Tigre		237	88890	-642527	79	
El Tocuyo		237	97871	-697929	79	
El Vigía	el vigia	237	86135	-716570	79	
Elorza		237	70609	-694976	79	
Encontrados		237	90598	-722346	79	
Guacara		237	102261	-678770	79	
Guama		237	102664	-688199	79	
Guanare		237	90393	-697336	79	
Guanarito		237	86962	-692083	79	
Guarenas		237	104703	-666193	79	
Guasdualito		237	72424	-707324	79	
Guasipati		237	74770	-618967	79	
Guatire		237	104740	-665424	79	
Güigüe	guigue	237	100834	-677780	79	
Güiria	guiria	237	105772	-622984	79	
Higuerote		237	104829	-661010	79	
Juan Griego		237	110817	-639655	79	
Judibana		237	117591	-701842	79	
La Asunción	la asuncion	237	110333	-638628	79	
La Concepción	la concepcion	237	106192	-718381	79	
La Dolorita		237	104883	-667861	79	
La Fría	la fria	237	82152	-722489	79	
La Grita		237	81332	-719839	79	
La Guaira		237	106016	-669329	79	
La Vela de Coro		237	114608	-695657	79	
La Victoria		237	102268	-673312	79	
La Villa del Rosario		237	103258	-723134	79	
Lagunillas		237	101301	-712595	79	
Lagunillas		237	85046	-713894	79	
Las Tejerías	las tejerias	237	102542	-671733	79	
Lecherías	lecherias	237	101917	-646921	79	
Los Dos Caminos		237	104939	-668286	79	
Los Puertos de Altagracia		237	107149	-715217	79	
Los Rastrojos		237	100259	-692417	79	
Los Teques		237	103495	-670427	79	
Machiques		237	100608	-725521	79	
Maiquetía	maiquetia	237	105945	-669562	79	
Mamporal		237	103656	-661339	79	
Maracaibo		237	106423	-716109	79	
Maracay		237	102497	-675948	79	
Mariara		237	102953	-677177	79	
Maturín	maturin	237	97457	-631832	79	
Mene Grande		237	98464	-709266	79	
Miranda		237	101508	-683932	79	
Montalbán	montalban	237	102131	-683267	79	
Morón	moron	237	104872	-682008	79	
Motatán	motatan	237	93918	-705906	79	
Mérida	merida	237	85790	-711692	79	
Nirgua		237	101504	-685648	79	
Ocumare del Tuy		237	101182	-667751	79	
Ospino		237	92957	-694543	79	
Palmira		237	78375	-722279	79	
Palo Negro		237	101739	-675419	79	
Pampanito		237	94104	-705012	79	
Pampatar		237	110008	-637930	79	
Pampán	pampan	237	94452	-704756	79	
Pariaguán	pariaguan	237	88436	-647105	79	
Petare		237	104768	-668079	79	
Porlamar		237	109577	-638697	79	
Pueblo Nuevo El Chivo		237	89625	-716075	79	
Puerto Ayacucho		237	56605	-675834	79	
Puerto Cabello		237	104731	-680125	79	
Puerto Cumarebo		237	114861	-693532	79	
Puerto La Cruz		237	102138	-646328	79	puerto cruz
Puerto Píritu	puerto piritu	237	100590	-650370	79	
Punta Cardón	punta cardon	237	116581	-702150	79	
Punta de Mata		237	96913	-636092	79	
Punta de Piedras		237	109012	-640969	79	
Punto Fijo		237	116915	-701992	79	
Píritu	piritu	237	93708	-692103	79	
Quíbor	quibor	237	99287	-696201	79	
Rubio		237	77016	-723555	79	
Río Chico	rio chico	237	103190	-659775	79	
Sabana de Mendoza		237	94349	-707750	79	
Sabana de Parra		237	101211	-690364	79	
Sabaneta		237	87523	-699335	79	
San Antonio de Los Altos		237	103885	-669518	79	
San Antonio del Táchira	san antonio del tachira	237	78112	-724444	79	
San Carlos		237	96642	-685866	79	
San Carlos del Zulia		237	90010	-719268	79	
San Cristóbal	san cristobal	237	77659	-722358	79	
San Felipe		237	103401	-687430	79	
San Fernando de Apure		237	78896	-674718	79	
San Joaquín	san joaquin	237	102606	-677935	79	
San Josecito		237	76611	-722201	79	
San José de Barlovento	san jose de barlovento	237	103012	-659905	79	
San José de Guanipa	san jose de guanipa	237	88872	-641651	79	
San Juan Bautista		237	110124	-639441	79	
San Juan de los Morros		237	99125	-673540	79	
San Mateo		237	102130	-674236	79	
San Rafael		237	109620	-717303	79	
San Timoteo		237	97901	-710708	79	
Sanare		237	97521	-696524	79	
Santa Ana		237	76429	-722764	79	
Santa Bárbara	santa barbara	237	78135	-711779	79	
Santa Cruz de Mara		237	107927	-716850	79	
Santa Cruz de Mora		237	83992	-716408	79	
Santa Cruz de los Taques		237	118235	-702564	79	
Santa Elena de Uairén	santa elena de uairen	237	46023	-611102	79	
Santa Rita		237	105364	-715110	79	
Santa Teresa del Tuy		237	102329	-666647	79	
Socopó	socopo	237	82306	-708220	79	
Soledad		237	81621	-635654	79	
Tabay		237	86317	-710783	79	
Tacarigua		237	100862	-679198	79	
Temblador		237	90052	-626449	79	
Tinaco		237	96989	-684327	79	
Tinaquillo		237	99186	-683047	79	
Tovar		237	83302	-717528	79	tovar municipality
Trujillo		237	93659	-704366	79	
Tucacas		237	107901	-683256	79	
Tucaní	tucani	237	89700	-712728	79	
Tucupido		237	92730	-657715	79	
Tucupita		237	90626	-620521	79	
Tumeremo		237	72986	-615050	79	
Turmero		237	102286	-674742	79	
Táriba	tariba	237	78212	-722233	79	
Tía Juana	tia juana	237	102593	-713634	79	
Upata		237	80162	-624056	79	
Urachiche		237	101585	-690078	79	
Ureña	urena	237	79216	-724440	79	
Valencia		237	101615	-680004	79	
Valera		237	93178	-706036	79	
Valle de La Pascua		237	92155	-660073	79	
Villa Bruzual		237	93319	-691197	79	
Villa de Cura		237	100386	-674894	79	
Yaritagua		237	100808	-691242	79	
Zaraza		237	93503	-653245	79	
An Khê	an khe	238	139500	1086500	188	
An Nhơn	an nhon	238	138858	1091082	188	
An Trạch	an trach	238	90686	1053958	188	
Ba Dinh		238	210365	1058268	173	
Ba Đồn	ba don	238	177535	1064236	173	
Biên Hòa	bien hoa	238	109447	1068243	188	
Buôn Hồ	buon ho	238	129523	1082962	188	
Buôn Ma Thuột	buon ma thuot	238	126675	1080378	188	
Bình Minh	binh minh	238	100682	1058222	188	
Bình Thủy	binh thuy	238	100743	1057397	188	
Bạc Liêu	bac lieu	238	92941	1057278	188	
Bạch Mai	bach mai	238	209833	1058333	173	
Bảo Lộc	bao loc	238	115480	1078077	188	
Bắc Giang	bac giang	238	212731	1061946	173	
Bắc Kạn	bac kan	238	221470	1058348	173	
Bắc Ninh	bac ninh	238	211861	1060763	173	
Bắc Quang	bac quang	238	224833	1048667	188	
Bắc Từ Liêm	bac tu liem	238	210653	1057466	188	
Bến Cát	ben cat	238	111500	1066000	188	
Bến Tre	ben tre	238	102415	1063758	188	
Bỉm Sơn	bim son	238	200781	1058603	188	
Cai Lậy	cai lay	238	104000	1061167	188	
Cam Lộ	cam lo	238	168080	1069940	173	
Cam Ranh		238	119214	1091591	188	
Cao Bằng	cao bang	238	226657	1062579	173	
Cao Lãnh	cao lanh	238	104602	1056329	188	
Châu Đốc	chau doc	238	107000	1051167	188	
Chí Linh	chi linh	238	210667	1063167	188	
Chũ	chu	238	213738	1065665	173	
Chơn Thành	chon thanh	238	114282	1066354	188	
Chợ Lớn	cho lon	238	107500	1066500	188	
Cung Kiệm	cung kiem	238	211870	1061608	188	
Cà Mau	ca mau	238	91768	1051524	188	
Cái Răng	cai rang	238	100009	1057510	188	
Cái Đôi Vàm	cai doi vam	238	88571	1048120	188	
Cát Bà	cat ba	238	207278	1070482	188	
Cần Giuộc	can giuoc	238	106086	1066714	188	
Cần Giờ	can gio	238	104111	1069547	188	
Cần Thơ	can tho	238	100371	1057882	188	
Cầu Diễn	cau dien	238	210393	1057666	173	
Cẩm Phả	cam pha	238	210100	1072734	173	
Cẩm Phả Mines	cam pha mines	238	210167	1073000	188	
Cờ Đỏ	co do	238	100938	1054292	188	
Củ Chi	cu chi	238	109733	1064932	188	
Da Nang		238	160678	1082208	188	
Dien Bien Phu		238	213860	1030230	173	
Diễn Thành	dien thanh	238	189765	1056003	173	
Duyên Hải	duyen hai	238	96350	1064924	188	
Dĩ An	di an	238	109068	1067694	188	
Dại Mỗ	dai mo	238	209833	1057667	173	
Ecopark		238	209621	1059318	188	
Gia Lâm	gia lam	238	210535	1060071	173	
Gia Nghĩa	gia nghia	238	120042	1076907	188	
Giá Rai	gia rai	238	92344	1054583	188	
Gò Công	go cong	238	103667	1066667	188	
Haiphong		238	208648	1066834	173	
Hanoi		238	210245	1058412	173	
Ho Chi Minh City		238	108230	1066296	188	
Hoi An		238	158794	1083350	188	
Hoàn Kiếm	hoan kiem	238	210286	1058506	173	
Huyện Lâm Hà	huyen lam ha	238	118155	1082144	188	lam ha district
Huế	hue	238	164619	1075955	173	
Hà Giang	ha giang	238	228233	1049836	173	
Hà Tiên	ha tien	238	103831	1044875	188	
Hà Tĩnh	ha tinh	238	183428	1059057	173	
Hà Đông	ha dong	238	209714	1057788	173	
Hòa Bình	hoa binh	238	208172	1053376	173	
Hòa Thành	hoa thanh	238	112870	1061294	188	
Hưng Yên	hung yen	238	206464	1060511	173	
Hương Thủy	huong thuy	238	164218	1076400	188	
Hương Trà	huong tra	238	165254	1074755	173	
Hạ Long	ha long	238	209504	1070734	173	
Hải Dương	hai duong	238	209410	1063330	173	
Hồng Lĩnh	hong linh	238	185667	1056833	173	
Hồng Ngự	hong ngu	238	108000	1053500	188	
Kon Tum		238	143545	1080076	188	
Kỳ Anh	ky anh	238	180624	1062983	173	
La Gi		238	106599	1077721	188	
Lai Châu	lai chau	238	223964	1034582	173	
Long Khánh	long khanh	238	109266	1072478	188	
Long Mỹ	long my	238	96814	1055723	188	
Long Xuyên	long xuyen	238	103864	1054352	188	
Lào Cai	lao cai	238	224856	1039707	173	
Láng Thượng	lang thuong	238	210237	1058036	188	
Lạng Sơn	lang son	238	218526	1067610	173	
Móng Cái	mong cai	238	215247	1079662	173	
Mỹ Hào	my hao	238	209167	1060833	173	
Mỹ Khê	my khe	238	151500	1089000	188	
Mỹ Lại	my lai	238	151876	1088890	188	
Mỹ Tho	my tho	238	103600	1063600	188	
Nam Định	nam dinh	238	204339	1061773	173	
Nghi Sơn	nghi son	238	193275	1058214	173	
Nghi Xuân	nghi xuan	238	186621	1057558	173	
Nghĩa Lộ	nghia lo	238	216000	1045167	188	
Nghĩa Đô	nghia do	238	210500	1058000	173	
Ngã Bảy	nga bay	238	98137	1058210	188	
Nha Trang		238	122451	1091943	188	
Ninh Bình	ninh binh	238	202581	1059796	173	
Ninh Hòa	ninh hoa	238	124919	1091250	188	
Núi Sập	nui sap	238	102648	1052668	188	
Phan Rang-Tháp Chàm	phan rang-thap cham	238	115643	1089886	188	
Phan Thiết	phan thiet	238	109289	1081021	188	
Phong Điền	phong dien	238	165832	1073644	173	
Phong Điền	phong dien	238	99975	1056673	188	
Phu Quoc		238	102241	1039716	188	koh trol
Phú Khương	phu khuong	238	112833	1061333	188	
Phú Mỹ	phu my	238	106333	1070667	188	
Phú Quý	phu quy	238	105166	1089329	188	
Phú Quốc	phu quoc	238	102872	1040105	188	
Phú Thọ	phu tho	238	213996	1052222	173	
Phủ Lý	phu ly	238	205453	1059122	173	
Pleiku		238	139833	1080000	188	
Quang Minh		238	211888	1057727	188	
Qui Nhon		238	137765	1092237	188	
Quảng Ngãi	quang ngai	238	151205	1087923	188	
Quảng Phú	quang phu	238	128196	1080774	188	
Quận Ba	quan ba	238	107749	1066863	188	
Quận Bốn	quan bon	238	107668	1067057	188	
Quận Mười	quan muoi	238	107682	1066663	188	
Quận Mười Một	quan muoi mot	238	107638	1066436	188	
Quận Năm	quan nam	238	107557	1066674	188	
Quận Sáu	quan sau	238	107468	1066490	188	
Quận Đức Thành	quan duc thanh	238	102587	1056460	188	
Quận Đức Thịnh	quan duc thinh	238	103099	1057386	188	
Rạch Giá	rach gia	238	100124	1050809	188	
Sa Dec		238	102908	1057564	188	
Sóc Trăng	soc trang	238	96000	1059719	188	
Sông Cầu	song cau	238	134556	1092235	188	
Sơn La	son la	238	213256	1039188	173	
Sơn Tây	son tay	238	211405	1055069	173	
Sầm Sơn	sam son	238	197333	1059000	188	
Tam Kỳ	tam ky	238	155736	1084740	188	
Thanh Hóa	thanh hoa	238	198000	1057667	173	
Thuận An	thuan an	238	109239	1067143	188	
Thuận Thanh	thuan thanh	238	210460	1060790	173	
Thành Phố Bà Rịa	thanh pho ba ria	238	104963	1071685	188	
Thành Phố Uông Bí	thanh pho uong bi	238	210343	1067705	188	
Thành phố Trà Vinh	thanh pho tra vinh	238	99472	1063422	188	
Thái Bình	thai binh	238	204500	1063400	173	
Thái Hòa	thai hoa	238	189203	1049744	188	
Thái Nguyên	thai nguyen	238	215942	1058482	173	
Thượng Cát	thuong cat	238	210934	1057319	173	
Thị Trấn Lai Vung	thi tran lai vung	238	102870	1056617	188	xa lai vung
Thốt Nốt	thot not	238	102721	1055338	188	
Thới Lai	thoi lai	238	100652	1055586	188	
Thủ Dầu Một	thu dau mot	238	109804	1066519	188	
Thủ Đức	thu duc	238	108486	1067721	188	
Trâu Quỳ	trau quy	238	210195	1059369	173	
Trảng Bom	trang bom	238	109536	1070059	188	
Trảng Bàng	trang bang	238	110299	1063575	188	
Tuy Hòa	tuy hoa	238	130955	1093209	188	
Tuyên Quang	tuyen quang	238	218236	1052142	173	
Tân An	tan an	238	105359	1064137	188	
Tân Châu	tan chau	238	107983	1052389	188	
Tây Hồ	tay ho	238	210690	1058105	173	
Tây Mỗ	tay mo	238	210025	1057457	173	
Tây Ninh	tay ninh	238	113100	1060983	188	
Tịnh Biên	tinh bien	238	105959	1049367	188	
Uyen Hung		238	110842	1067883	188	
Vinh		238	186734	1056923	173	
Vinhomes Ocean Park		238	209948	1059465	173	
Vinhomes Smart City		238	210045	1057404	188	
Vinhomes Times City		238	209945	1058677	173	
Việt Trì	viet tri	238	213227	1054020	173	
Việt Yên	viet yen	238	212667	1061333	188	viet yen district
Vĩnh Châu	vinh chau	238	93244	1059801	188	
Vĩnh Long	vinh long	238	102537	1059722	188	
Vĩnh Thạnh	vinh thanh	238	102226	1053984	188	
Vĩnh Tuy	vinh tuy	238	210000	1058833	173	
Vĩnh Yên	vinh yen	238	213089	1056049	173	
Vũng Tàu	vung tau	238	103460	1070843	188	
Vị Thanh	vi thanh	238	97845	1054701	188	
Xuân Lộc	xuan loc	238	109333	1072333	188	
Xuân Mai	xuan mai	238	209000	1055833	188	
Xã Long Hải	xa long hai	238	103871	1072388	188	
Xóm Cái Nước	xom cai nuoc	238	98000	1051000	188	
Xóm Mỹ Xuân	xom my xuan	238	106167	1070667	188	
Yên Bái	yen bai	238	217229	1049113	173	
Yên Phụ	yen phu	238	210333	1058333	173	
Yên Vinh	yen vinh	238	186667	1056667	173	
thị xã Quảng Trị	thi xa quang tri	238	167508	1071828	188	
Ðà Lạt	da lat	238	119465	1084419	188	
Ðông Hà	dong ha	238	168162	1071003	173	
Óc Eo	oc eo	238	102421	1051550	188	
Ô Chợ Dừa	o cho dua	238	210215	1058246	188	
Ô Môn	o mon	238	101097	1056232	188	
Đan Phượng	dan phuong	238	210892	1056625	173	
Điện Bàn	dien ban	238	158885	1082545	188	
Đưc Trọng	duc trong	238	117356	1083733	188	
Đố Sơn	do son	238	207136	1067894	188	
Đồng Hới	dong hoi	238	174688	1066223	173	
Đồng Xoài	dong xoai	238	115350	1068832	188	
Đức Phổ	duc pho	238	148136	1089593	188	
Ấp Hô Phòng	ap ho phong	238	92258	1054186	188	
Ấp Phước Tĩnh	ap phuoc tinh	238	104000	1071833	188	
Mata-Utu		239	-132816	-1761745	348	
Boujdour		240	261307	-144851	20	
Dakhla		240	236848	-159580	20	
Laayoune		240	271418	-131880	20	
Aden		241	127794	450367	163	
Al Bayda		241	139852	455727	163	
Al Ḩudaydah	al hudaydah	241	147978	429545	163	
Ataq		241	145377	468319	163	
Bayt al Faqīh	bayt al faqih	241	145164	433245	163	
Bājil	bajil	241	150590	432873	163	
Dhamār	dhamar	241	145427	444051	163	
Dhī as Sufāl	dhi as sufal	241	138345	441147	163	
Ibb		241	139667	441833	163	
Laḩij	lahij	241	130567	448819	163	
Mukalla		241	145425	491242	163	
Sa'dah		241	169402	437639	163	
Sanaa		241	153545	442065	163	
Sayyān	sayyan	241	151718	443244	163	
Saḩar	sahar	241	153164	443088	163	
Taiz		241	135795	440209	163	
Yarīm	yarim	241	142980	443780	163	
Zabīd	zabid	241	141951	433152	163	
Ḩajjah	hajjah	241	156942	436058	163	
‘Amrān	‘amran	241	156594	439438	163	'amran
Chambishi		242	-126325	280537	35	
Chilanga Township		242	-155708	282701	35	
Chililabombwe		242	-123648	278229	35	
Chingola		242	-125290	278838	35	
Chinsali		242	-105414	320816	35	
Chipata		242	-136333	326500	35	
Chirundu		242	-160358	288431	35	
Chisankane		242	-154821	283510	35	
Choma		242	-168089	269875	35	
Chongwe		242	-153292	286820	35	
Chunga		242	-153174	282687	35	
Isoka		242	-101606	326335	35	
Itezhi-Tezhi		242	-157369	260416	35	
Kabwe		242	-144469	284464	35	
Kafue		242	-157691	281814	35	
Kalomo		242	-170258	264837	35	
Kalulushi		242	-128415	280948	35	
Kansanshi		242	-120951	264273	35	
Kaoma		242	-147833	248000	35	
Kapiri Mposhi		242	-139715	286698	35	
Kaputa		242	-84689	296619	35	
Kasama		242	-102129	311808	35	
Kasempa		242	-134584	258338	35	
Katete		242	-140500	320833	35	
Kawambwa		242	-97915	290791	35	
Kitwe		242	-128024	282132	35	
Livingstone		242	-178419	258542	35	
Luanshya		242	-131367	284166	35	
Lundazi		242	-122929	331782	35	
Lusaka		242	-154067	282871	35	
Lusaka West		242	-153186	281103	35	
Luwingu		242	-102621	299271	35	
Maamba		242	-173667	271500	35	
Madido		242	-153545	283742	35	
Mansa		242	-111998	288943	35	
Manyama		242	-123148	258486	35	
Mapalo		242	-129369	286721	35	
Mazabuka		242	-158560	277480	35	
Mbala		242	-88402	313659	35	
Mkushi		242	-136202	293939	35	
Mongu		242	-152484	231274	35	
Monze		242	-162833	274833	35	
Mpika		242	-118343	314529	35	
Mpongwe		242	-135091	281550	35	
Mporokoso		242	-93727	301250	35	
Mpulungu		242	-87623	311140	35	
Mufulira		242	-125498	282407	35	
Mufumbwe		242	-131370	250065	35	
Mumbwa		242	-149829	270619	35	
Mwinilunga		242	-117358	244293	35	
Nakonde		242	-93421	327450	35	
Namalombwe		242	-153905	281899	35	
Nchelenge		242	-93451	287340	35	
Ndola		242	-129587	286366	35	
Petauke		242	-142412	313198	35	
Samfya		242	-113649	295565	35	
Serenje		242	-132325	302352	35	
Sesheke		242	-174759	242968	35	
Siavonga		242	-165382	287088	35	
Solwezi		242	-121688	263894	35	
Zambezi		242	-135432	231047	35	
Beitbridge		243	-222167	300000	23	
Bindura		243	-173019	313306	23	
Bulawayo		243	-201500	285833	23	
Chegutu		243	-181302	301407	23	
Chinhoyi		243	-173667	302000	23	
Chipinge		243	-201883	326236	23	
Chiredzi		243	-210500	316667	23	
Chitungwiza		243	-180127	310756	23	
Epworth		243	-178900	311475	23	
Gokwe		243	-182048	289349	23	
Gwanda		243	-209362	290070	23	
Gweru		243	-194500	298167	23	
Harare		243	-178277	310534	23	
Hwange		243	-183645	264988	23	
Kadoma		243	-183333	299153	23	
Kariba		243	-165167	288000	23	
Karoi		243	-168099	296925	23	
Kwekwe		243	-189281	298149	23	
Marondera		243	-181853	315519	23	
Masvingo		243	-200637	308277	23	
Mutare		243	-189707	326709	23	
Norton		243	-178833	307000	23	
Redcliff		243	-190333	297833	23	
Rusape		243	-185278	321284	23	
Ruwa		243	-178897	312447	23	
Shurugwi		243	-196702	300059	23	
Victoria Falls		243	-179328	258307	23	
Zvishavane		243	-203267	300665	23	